CREATE DATABASE  IF NOT EXISTS `akura` /*!40100 DEFAULT CHARACTER SET latin1 */;
USE `akura`;
-- MySQL dump 10.13  Distrib 5.1.40, for Win32 (ia32)
--
-- Host: localhost    Database: akura
-- ------------------------------------------------------
-- Server version	5.5.11

/*!40101 SET @OLD_CHARACTER_SET_CLIENT=@@CHARACTER_SET_CLIENT */;
/*!40101 SET @OLD_CHARACTER_SET_RESULTS=@@CHARACTER_SET_RESULTS */;
/*!40101 SET @OLD_COLLATION_CONNECTION=@@COLLATION_CONNECTION */;
/*!40101 SET NAMES utf8 */;
/*!40103 SET @OLD_TIME_ZONE=@@TIME_ZONE */;
/*!40103 SET TIME_ZONE='+00:00' */;
/*!40014 SET @OLD_UNIQUE_CHECKS=@@UNIQUE_CHECKS, UNIQUE_CHECKS=0 */;
/*!40014 SET @OLD_FOREIGN_KEY_CHECKS=@@FOREIGN_KEY_CHECKS, FOREIGN_KEY_CHECKS=0 */;
/*!40101 SET @OLD_SQL_MODE=@@SQL_MODE, SQL_MODE='NO_AUTO_VALUE_ON_ZERO' */;
/*!40111 SET @OLD_SQL_NOTES=@@SQL_NOTES, SQL_NOTES=0 */;

--
-- Table structure for table `student_suspend_details`
--

DROP TABLE IF EXISTS `student_suspend_details`;
/*!40101 SET @saved_cs_client     = @@character_set_client */;
/*!40101 SET character_set_client = utf8 */;
CREATE TABLE `student_suspend_details` (
  `SUSPEND_STUDENT_ID` int(11) NOT NULL AUTO_INCREMENT,
  `STUDENT_ID` int(11) NOT NULL,
  `FROM_DATE` date NOT NULL,
  `TO_DATE` date NOT NULL,
  `DISCIPLINARY_ACTION_ID` int(11) NOT NULL,
  `DESCRIPTION` varchar(150) DEFAULT NULL,
  `MODIFIED_TIME` timestamp NOT NULL DEFAULT CURRENT_TIMESTAMP ON UPDATE CURRENT_TIMESTAMP,
  `NO_OF_DAYS` int(11) NOT NULL,
  `ACTIVATED_DATE` date DEFAULT NULL,
  `CURTAILED_OR_EXTENDED_REASON` varchar(150) DEFAULT NULL,
  PRIMARY KEY (`SUSPEND_STUDENT_ID`),
  KEY `fk_STUDENT_ID` (`STUDENT_ID`),
  KEY `fk_DISCIPLINARY_ACTION_ID` (`DISCIPLINARY_ACTION_ID`),
  CONSTRAINT `fk_DISCIPLINARY_ACTION_ID` FOREIGN KEY (`DISCIPLINARY_ACTION_ID`) REFERENCES `student_discipline` (`STUDENT_DISCIPLINE_ID`) ON UPDATE CASCADE,
  CONSTRAINT `fk_STUDENT_ID` FOREIGN KEY (`STUDENT_ID`) REFERENCES `student` (`STUDENT_ID`) ON UPDATE CASCADE
) ENGINE=InnoDB DEFAULT CHARSET=latin1;
/*!40101 SET character_set_client = @saved_cs_client */;

--
-- Dumping data for table `student_suspend_details`
--

LOCK TABLES `student_suspend_details` WRITE;
/*!40000 ALTER TABLE `student_suspend_details` DISABLE KEYS */;
/*!40000 ALTER TABLE `student_suspend_details` ENABLE KEYS */;
UNLOCK TABLES;

--
-- Table structure for table `club_society`
--

DROP TABLE IF EXISTS `club_society`;
/*!40101 SET @saved_cs_client     = @@character_set_client */;
/*!40101 SET character_set_client = utf8 */;
CREATE TABLE `club_society` (
  `CLUB_SOCIETY_ID` int(11) NOT NULL AUTO_INCREMENT,
  `NAME` varchar(45) NOT NULL,
  `DESCRIPTION` varchar(250) DEFAULT NULL,
  `MODIFIED_TIME` timestamp NOT NULL DEFAULT CURRENT_TIMESTAMP ON UPDATE CURRENT_TIMESTAMP,
  PRIMARY KEY (`CLUB_SOCIETY_ID`)
) ENGINE=InnoDB DEFAULT CHARSET=latin1;
/*!40101 SET character_set_client = @saved_cs_client */;

--
-- Dumping data for table `club_society`
--

LOCK TABLES `club_society` WRITE;
/*!40000 ALTER TABLE `club_society` DISABLE KEYS */;
/*!40000 ALTER TABLE `club_society` ENABLE KEYS */;
UNLOCK TABLES;

--
-- Table structure for table `grade`
--

DROP TABLE IF EXISTS `grade`;
/*!40101 SET @saved_cs_client     = @@character_set_client */;
/*!40101 SET character_set_client = utf8 */;
CREATE TABLE `grade` (
  `GRADE_ID` int(11) NOT NULL AUTO_INCREMENT,
  `DESCRIPTION` varchar(45) NOT NULL,
  `MODIFIED_TIME` timestamp NOT NULL DEFAULT CURRENT_TIMESTAMP ON UPDATE CURRENT_TIMESTAMP,
  PRIMARY KEY (`GRADE_ID`),
  UNIQUE KEY `DESCRIPTION` (`DESCRIPTION`)
) ENGINE=InnoDB AUTO_INCREMENT=2 DEFAULT CHARSET=latin1;
/*!40101 SET character_set_client = @saved_cs_client */;

--
-- Dumping data for table `grade`
--

LOCK TABLES `grade` WRITE;
/*!40000 ALTER TABLE `grade` DISABLE KEYS */;
INSERT INTO `grade` VALUES (1,'A','2013-05-08 18:18:01');
/*!40000 ALTER TABLE `grade` ENABLE KEYS */;
UNLOCK TABLES;

--
-- Table structure for table `user_security_questions`
--

DROP TABLE IF EXISTS `user_security_questions`;
/*!40101 SET @saved_cs_client     = @@character_set_client */;
/*!40101 SET character_set_client = utf8 */;
CREATE TABLE `user_security_questions` (
  `USER_SECURITY_QUESTIONS_ID` int(11) NOT NULL AUTO_INCREMENT,
  `USER_LOGIN_ID` int(11) NOT NULL,
  `SECURITY_QUESTION_ID` int(11) NOT NULL,
  `ANSWER` varchar(100) NOT NULL,
  `MODIFIED_DATE` timestamp NOT NULL DEFAULT CURRENT_TIMESTAMP ON UPDATE CURRENT_TIMESTAMP,
  PRIMARY KEY (`USER_SECURITY_QUESTIONS_ID`),
  UNIQUE KEY `UC_USER_SECURITY_QUESTIONS` (`SECURITY_QUESTION_ID`,`USER_LOGIN_ID`),
  KEY `fk_USER_SECURITY_QUESTIONS_USER_LOGIN` (`USER_LOGIN_ID`),
  KEY `fk_USER_SECURITY_QUESTIONS_SECURITY_QUESTIONS` (`SECURITY_QUESTION_ID`),
  CONSTRAINT `fk_USER_SECURITY_QUESTIONS_USER_LOGIN` FOREIGN KEY (`USER_LOGIN_ID`) REFERENCES `user_login` (`USER_LOGIN_ID`) ON DELETE CASCADE ON UPDATE CASCADE,
  CONSTRAINT `fk_USER_SECURITY_QUESTIONS_SECURITY_QUESTIONS` FOREIGN KEY (`SECURITY_QUESTION_ID`) REFERENCES `security_questions` (`SECURITY_QUESTIONS_ID`) ON DELETE CASCADE ON UPDATE CASCADE
) ENGINE=InnoDB DEFAULT CHARSET=latin1;
/*!40101 SET character_set_client = @saved_cs_client */;

--
-- Dumping data for table `user_security_questions`
--

LOCK TABLES `user_security_questions` WRITE;
/*!40000 ALTER TABLE `user_security_questions` DISABLE KEYS */;
/*!40000 ALTER TABLE `user_security_questions` ENABLE KEYS */;
UNLOCK TABLES;

--
-- Table structure for table `sport_category`
--

DROP TABLE IF EXISTS `sport_category`;
/*!40101 SET @saved_cs_client     = @@character_set_client */;
/*!40101 SET character_set_client = utf8 */;
CREATE TABLE `sport_category` (
  `SPORT_CATEGORY_ID` int(11) NOT NULL AUTO_INCREMENT,
  `SPORT_ID` int(11) NOT NULL,
  `SPORT_SUB_ID` int(11) NOT NULL,
  `MODIFIED_TIME` timestamp NOT NULL DEFAULT CURRENT_TIMESTAMP ON UPDATE CURRENT_TIMESTAMP,
  PRIMARY KEY (`SPORT_CATEGORY_ID`),
  UNIQUE KEY `UC_SPORT_SPORTSUB` (`SPORT_ID`,`SPORT_SUB_ID`),
  KEY `fk_SPORT_has_SPORT_SUB_SPORT_SUB1` (`SPORT_SUB_ID`),
  KEY `fk_SPORT_has_SPORT_SUB_SPORT1` (`SPORT_ID`),
  CONSTRAINT `fk_SPORT_has_SPORT_SUB_SPORT1` FOREIGN KEY (`SPORT_ID`) REFERENCES `sport` (`SPORT_ID`) ON UPDATE CASCADE,
  CONSTRAINT `fk_SPORT_has_SPORT_SUB_SPORT_SUB1` FOREIGN KEY (`SPORT_SUB_ID`) REFERENCES `sport_sub` (`SPORT_SUB_ID`) ON UPDATE CASCADE
) ENGINE=InnoDB DEFAULT CHARSET=latin1;
/*!40101 SET character_set_client = @saved_cs_client */;

--
-- Dumping data for table `sport_category`
--

LOCK TABLES `sport_category` WRITE;
/*!40000 ALTER TABLE `sport_category` DISABLE KEYS */;
/*!40000 ALTER TABLE `sport_category` ENABLE KEYS */;
UNLOCK TABLES;

--
-- Table structure for table `staff_sport`
--

DROP TABLE IF EXISTS `staff_sport`;
/*!40101 SET @saved_cs_client     = @@character_set_client */;
/*!40101 SET character_set_client = utf8 */;
CREATE TABLE `staff_sport` (
  `STAFF_SPORT_ID` int(11) NOT NULL,
  `STAFF_ID` int(11) NOT NULL,
  `SPORT_CATEGORY_ID` int(11) NOT NULL,
  `POSITION_ID` int(11) NOT NULL,
  `DESCRIPTION` varchar(200) DEFAULT NULL,
  `YEAR` date NOT NULL,
  `STATUS` tinyint(4) DEFAULT NULL,
  `MODIFIED_TIME` timestamp NOT NULL DEFAULT CURRENT_TIMESTAMP ON UPDATE CURRENT_TIMESTAMP,
  PRIMARY KEY (`STAFF_SPORT_ID`),
  KEY `fk_STAFF_SPORT_STAFF1` (`STAFF_ID`),
  KEY `fk_STAFF_SPORT_POSTION1` (`POSITION_ID`),
  KEY `fk_STAFF_SPORT_SPORT_CATEGORY1` (`SPORT_CATEGORY_ID`),
  CONSTRAINT `fk_STAFF_SPORT_SPORT_CATEGORY1` FOREIGN KEY (`SPORT_CATEGORY_ID`) REFERENCES `sport_category` (`SPORT_CATEGORY_ID`) ON UPDATE CASCADE,
  CONSTRAINT `fk_STAFF_SPORT_POSTION1` FOREIGN KEY (`POSITION_ID`) REFERENCES `position` (`POSITION_ID`) ON UPDATE CASCADE,
  CONSTRAINT `fk_STAFF_SPORT_STAFF1` FOREIGN KEY (`STAFF_ID`) REFERENCES `staff` (`STAFF_ID`) ON UPDATE CASCADE
) ENGINE=InnoDB DEFAULT CHARSET=latin1;
/*!40101 SET character_set_client = @saved_cs_client */;

--
-- Dumping data for table `staff_sport`
--

LOCK TABLES `staff_sport` WRITE;
/*!40000 ALTER TABLE `staff_sport` DISABLE KEYS */;
/*!40000 ALTER TABLE `staff_sport` ENABLE KEYS */;
UNLOCK TABLES;

--
-- Table structure for table `role_tab`
--

DROP TABLE IF EXISTS `role_tab`;
/*!40101 SET @saved_cs_client     = @@character_set_client */;
/*!40101 SET character_set_client = utf8 */;
CREATE TABLE `role_tab` (
  `ROLE_TAB_ID` int(11) NOT NULL AUTO_INCREMENT,
  `TAB_ID` int(11) NOT NULL,
  `USER_ROLE_ID` int(11) NOT NULL,
  `MODIFIED_TIME` timestamp NOT NULL DEFAULT CURRENT_TIMESTAMP ON UPDATE CURRENT_TIMESTAMP,
  PRIMARY KEY (`ROLE_TAB_ID`),
  KEY `fk_ROLE_TAB_TAB` (`TAB_ID`),
  KEY `fk_ROLE_TAB_USER_ROLE1` (`USER_ROLE_ID`),
  CONSTRAINT `fk_ROLE_TAB_TAB` FOREIGN KEY (`TAB_ID`) REFERENCES `tab` (`TAB_ID`) ON UPDATE CASCADE,
  CONSTRAINT `fk_ROLE_TAB_USER_ROLE1` FOREIGN KEY (`USER_ROLE_ID`) REFERENCES `user_role` (`USER_ROLE_ID`) ON UPDATE CASCADE
) ENGINE=InnoDB AUTO_INCREMENT=162 DEFAULT CHARSET=latin1;
/*!40101 SET character_set_client = @saved_cs_client */;

--
-- Dumping data for table `role_tab`
--

LOCK TABLES `role_tab` WRITE;
/*!40000 ALTER TABLE `role_tab` DISABLE KEYS */;
INSERT INTO `role_tab` VALUES (1,3,1,'2012-07-11 06:10:48'),(2,34,1,'2012-07-11 06:10:48'),(3,8,1,'2012-07-11 06:10:48'),(4,22,1,'2012-07-11 06:10:48'),(5,2,1,'2012-07-11 06:10:48'),(6,32,1,'2012-07-11 06:10:48'),(7,4,1,'2012-07-11 06:10:48'),(8,33,1,'2012-07-11 06:10:48'),(9,13,1,'2012-07-11 06:10:48'),(10,38,1,'2012-07-11 06:10:48'),(11,27,1,'2012-07-11 06:10:48'),(12,18,1,'2012-07-11 06:10:48'),(13,30,1,'2012-07-11 06:10:48'),(14,24,1,'2012-07-11 06:10:48'),(15,28,1,'2012-07-11 06:10:48'),(16,24,1,'2012-07-11 06:10:48'),(17,11,1,'2012-07-11 06:10:48'),(18,3,1,'2012-07-11 06:10:48'),(19,13,1,'2012-07-11 06:10:48'),(20,22,1,'2012-07-11 06:10:48'),(21,18,1,'2012-07-11 06:10:48'),(22,16,1,'2012-07-11 06:10:48'),(23,17,1,'2012-07-11 06:10:48'),(24,19,1,'2012-07-11 06:10:48'),(25,14,1,'2012-07-11 06:10:48'),(26,34,1,'2012-07-11 06:10:48'),(27,23,1,'2012-07-11 06:10:48'),(28,2,1,'2012-07-11 06:10:48'),(29,37,1,'2012-07-11 06:10:48'),(30,11,1,'2012-07-11 06:10:48'),(31,23,1,'2012-07-11 06:10:48'),(32,20,1,'2012-07-11 06:10:48'),(33,9,1,'2012-07-11 06:10:48'),(34,38,1,'2012-07-11 06:10:48'),(35,36,1,'2012-07-11 06:10:48'),(36,7,1,'2012-07-11 06:10:48'),(37,27,1,'2012-07-11 06:10:48'),(38,5,1,'2012-07-11 06:10:48'),(39,6,1,'2012-07-11 06:10:48'),(40,25,1,'2012-07-11 06:10:48'),(41,16,1,'2012-07-11 06:10:48'),(42,21,1,'2012-07-11 06:10:48'),(43,35,1,'2012-07-11 06:10:48'),(44,26,1,'2012-07-11 06:10:48'),(45,25,1,'2012-07-11 06:10:48'),(46,17,1,'2012-07-11 06:10:48'),(47,15,1,'2012-07-11 06:10:48'),(48,26,1,'2012-07-11 06:10:48'),(49,20,1,'2012-07-11 06:10:48'),(50,29,1,'2012-07-11 06:10:48'),(51,4,1,'2012-07-11 06:10:48'),(52,5,1,'2012-07-11 06:10:48'),(53,32,1,'2012-07-11 06:10:48'),(54,21,1,'2012-07-11 06:10:48'),(55,1,1,'2012-07-11 06:10:48'),(56,9,1,'2012-07-11 06:10:48'),(57,30,1,'2012-07-11 06:10:48'),(58,39,1,'2012-07-11 06:10:48'),(59,36,1,'2012-07-11 06:10:48'),(60,29,1,'2012-07-11 06:10:48'),(61,10,1,'2012-07-11 06:10:48'),(62,8,1,'2012-07-11 06:10:48'),(63,14,1,'2012-07-11 06:10:48'),(64,31,1,'2012-07-11 06:10:48'),(65,12,1,'2012-07-11 06:10:48'),(66,35,1,'2012-07-11 06:10:48'),(67,39,1,'2012-07-11 06:10:48'),(68,12,1,'2012-07-11 06:10:48'),(69,31,1,'2012-07-11 06:10:48'),(70,6,1,'2012-07-11 06:10:48'),(71,7,1,'2012-07-11 06:10:48'),(72,15,1,'2012-07-11 06:10:48'),(73,19,1,'2012-07-11 06:10:48'),(74,1,2,'2012-07-11 06:10:48'),(75,16,2,'2012-07-11 06:10:48'),(76,7,2,'2012-07-11 06:10:48'),(77,22,2,'2012-07-11 06:10:48'),(78,34,2,'2012-07-11 06:10:48'),(79,11,2,'2012-07-11 06:10:48'),(80,15,2,'2012-07-11 06:10:48'),(81,30,2,'2012-07-11 06:10:48'),(82,18,2,'2012-07-11 06:10:48'),(83,24,2,'2012-07-11 06:10:48'),(84,36,2,'2012-07-11 06:10:48'),(85,21,2,'2012-07-11 06:10:48'),(86,9,2,'2012-07-11 06:10:48'),(87,29,2,'2012-07-11 06:10:48'),(88,25,2,'2012-07-11 06:10:48'),(89,9,2,'2012-07-11 06:10:48'),(90,33,2,'2012-07-11 06:10:48'),(91,29,2,'2012-07-11 06:10:48'),(92,17,2,'2012-07-11 06:10:48'),(93,13,2,'2012-07-11 06:10:48'),(94,2,2,'2012-07-11 06:10:48'),(95,30,2,'2012-07-11 06:10:48'),(96,15,2,'2012-07-11 06:10:48'),(97,13,2,'2012-07-11 06:10:48'),(98,2,2,'2012-07-11 06:10:48'),(99,10,2,'2012-07-11 06:10:48'),(100,12,2,'2012-07-11 06:10:48'),(101,17,2,'2012-07-11 06:10:48'),(102,28,2,'2012-07-11 06:10:48'),(103,18,2,'2012-07-11 06:10:48'),(104,6,2,'2012-07-11 06:10:48'),(105,21,2,'2012-07-11 06:10:48'),(106,34,2,'2012-07-11 06:10:48'),(107,20,2,'2012-07-11 06:10:48'),(108,14,2,'2012-07-11 06:10:48'),(109,11,2,'2012-07-11 06:10:48'),(110,19,2,'2012-07-11 06:10:48'),(111,23,2,'2012-07-11 06:10:48'),(112,23,2,'2012-07-11 06:10:48'),(113,16,2,'2012-07-11 06:10:48'),(114,12,2,'2012-07-11 06:10:48'),(115,24,2,'2012-07-11 06:10:48'),(116,14,2,'2012-07-11 06:10:48'),(117,36,2,'2012-07-11 06:10:48'),(118,25,2,'2012-07-11 06:10:48'),(119,8,2,'2012-07-11 06:10:48'),(120,20,2,'2012-07-11 06:10:48'),(121,22,2,'2012-07-11 06:10:48'),(122,19,2,'2012-07-11 06:10:48'),(123,13,3,'2012-07-11 06:10:48'),(124,11,3,'2012-07-11 06:10:48'),(125,17,3,'2012-07-11 06:10:48'),(126,12,3,'2012-07-11 06:10:48'),(127,11,3,'2012-07-11 06:10:48'),(128,19,3,'2012-07-11 06:10:48'),(129,14,3,'2012-07-11 06:10:48'),(130,18,3,'2012-07-11 06:10:48'),(131,15,3,'2012-07-11 06:10:48'),(132,10,3,'2012-07-11 06:10:48'),(133,12,3,'2012-07-11 06:10:48'),(134,19,3,'2012-07-11 06:10:48'),(135,16,3,'2012-07-11 06:10:48'),(136,6,4,'2012-07-11 06:10:48'),(137,8,4,'2012-07-11 06:10:48'),(138,7,4,'2012-07-11 06:10:48'),(139,9,4,'2012-07-11 06:10:48'),(140,6,4,'2012-07-11 06:10:48'),(141,8,4,'2012-07-11 06:10:48'),(142,2,4,'2012-07-11 06:10:48'),(143,9,4,'2012-07-11 06:10:48'),(144,2,4,'2012-07-11 06:10:48'),(145,1,4,'2012-07-11 06:10:48'),(146,7,4,'2012-07-11 06:10:48'),(147,40,5,'2012-07-11 06:10:48'),(148,41,5,'2012-07-11 06:10:48'),(149,48,5,'2012-07-11 06:10:48'),(150,40,5,'2012-07-11 06:10:48'),(151,48,5,'2012-07-11 06:10:48'),(152,49,5,'2012-07-11 06:10:48'),(153,43,5,'2012-07-11 06:10:48'),(154,47,5,'2012-07-11 06:10:48'),(155,44,5,'2012-07-11 06:10:48'),(156,46,5,'2012-07-11 06:10:48'),(157,45,5,'2012-07-11 06:10:48'),(158,41,5,'2012-07-11 06:10:48'),(159,42,5,'2012-07-11 06:10:48'),(160,51,1,'2013-01-09 04:17:45'),(161,51,2,'2013-01-09 04:17:45');
/*!40000 ALTER TABLE `role_tab` ENABLE KEYS */;
UNLOCK TABLES;

--
-- Table structure for table `participant_category`
--

DROP TABLE IF EXISTS `participant_category`;
/*!40101 SET @saved_cs_client     = @@character_set_client */;
/*!40101 SET character_set_client = utf8 */;
CREATE TABLE `participant_category` (
  `PARTICIPANT_CATEGORY_ID` int(11) NOT NULL,
  `DESCRIPTION` varchar(100) NOT NULL,
  `MODIFIED_TIME` timestamp NOT NULL DEFAULT CURRENT_TIMESTAMP ON UPDATE CURRENT_TIMESTAMP,
  PRIMARY KEY (`PARTICIPANT_CATEGORY_ID`)
) ENGINE=InnoDB DEFAULT CHARSET=latin1;
/*!40101 SET character_set_client = @saved_cs_client */;

--
-- Dumping data for table `participant_category`
--

LOCK TABLES `participant_category` WRITE;
/*!40000 ALTER TABLE `participant_category` DISABLE KEYS */;
INSERT INTO `participant_category` VALUES (1,'Class Wise','2011-12-15 11:39:38'),(2,'Sports Wise','2011-12-16 11:39:38'),(3,'Club and Society Wise','2011-12-17 11:39:38');
/*!40000 ALTER TABLE `participant_category` ENABLE KEYS */;
UNLOCK TABLES;

--
-- Table structure for table `student_prefect`
--

DROP TABLE IF EXISTS `student_prefect`;
/*!40101 SET @saved_cs_client     = @@character_set_client */;
/*!40101 SET character_set_client = utf8 */;
CREATE TABLE `student_prefect` (
  `STUDENT_PREFECT_ID` int(11) NOT NULL AUTO_INCREMENT,
  `STUDENT_ID` int(11) NOT NULL,
  `PREFECT_TYPE_ID` int(11) NOT NULL,
  `YEAR` date NOT NULL,
  `MODIFIED_TIME` timestamp NOT NULL DEFAULT CURRENT_TIMESTAMP ON UPDATE CURRENT_TIMESTAMP,
  PRIMARY KEY (`STUDENT_PREFECT_ID`),
  UNIQUE KEY `UC_STUDENT_PREFECT` (`STUDENT_ID`,`PREFECT_TYPE_ID`,`YEAR`),
  KEY `fk_STUDENT_PREFECT_TYPE_PREFECT_TYPE1` (`PREFECT_TYPE_ID`),
  KEY `fk_STUDENT_PREFECT_TYPE_STUDENT1` (`STUDENT_ID`),
  CONSTRAINT `fk_STUDENT_PREFECT_TYPE_PREFECT_TYPE1` FOREIGN KEY (`PREFECT_TYPE_ID`) REFERENCES `prefect_type` (`PREFECT_TYPE_ID`) ON UPDATE CASCADE,
  CONSTRAINT `fk_STUDENT_PREFECT_TYPE_STUDENT1` FOREIGN KEY (`STUDENT_ID`) REFERENCES `student` (`STUDENT_ID`) ON DELETE CASCADE ON UPDATE CASCADE
) ENGINE=InnoDB DEFAULT CHARSET=latin1;
/*!40101 SET character_set_client = @saved_cs_client */;

--
-- Dumping data for table `student_prefect`
--

LOCK TABLES `student_prefect` WRITE;
/*!40000 ALTER TABLE `student_prefect` DISABLE KEYS */;
/*!40000 ALTER TABLE `student_prefect` ENABLE KEYS */;
UNLOCK TABLES;

--
-- Table structure for table `exam_subject`
--

DROP TABLE IF EXISTS `exam_subject`;
/*!40101 SET @saved_cs_client     = @@character_set_client */;
/*!40101 SET character_set_client = utf8 */;
CREATE TABLE `exam_subject` (
  `EXAM_SUBJECT_ID` int(11) NOT NULL AUTO_INCREMENT,
  `EXAM_ID` int(11) NOT NULL,
  `SUBJECT_ID` int(11) NOT NULL,
  `IS_OPTIONAL_SUBJECT` tinyint(4) NOT NULL,
  `MODIFIED_TIME` timestamp NOT NULL DEFAULT CURRENT_TIMESTAMP ON UPDATE CURRENT_TIMESTAMP,
  PRIMARY KEY (`EXAM_SUBJECT_ID`),
  KEY `fk_EXAM_SUBJECT_SUBJECT1` (`SUBJECT_ID`),
  KEY `fk_EXAM_SUBJECT_EXAM1` (`EXAM_ID`),
  CONSTRAINT `fk_EXAM_SUBJECT_EXAM1` FOREIGN KEY (`EXAM_ID`) REFERENCES `exam` (`EXAM_ID`) ON UPDATE CASCADE,
  CONSTRAINT `fk_EXAM_SUBJECT_SUBJECT1` FOREIGN KEY (`SUBJECT_ID`) REFERENCES `subject` (`SUBJECT_ID`) ON DELETE CASCADE ON UPDATE CASCADE
) ENGINE=InnoDB AUTO_INCREMENT=10 DEFAULT CHARSET=latin1;
/*!40101 SET character_set_client = @saved_cs_client */;

--
-- Dumping data for table `exam_subject`
--

LOCK TABLES `exam_subject` WRITE;
/*!40000 ALTER TABLE `exam_subject` DISABLE KEYS */;
INSERT INTO `exam_subject` VALUES (1,3,1,0,'2013-05-10 19:29:45'),(2,3,2,0,'2013-05-10 19:29:45'),(3,3,3,0,'2013-05-10 19:29:45'),(4,1,1,0,'2013-05-10 19:30:14'),(5,1,2,0,'2013-05-10 19:30:14'),(6,1,3,0,'2013-05-10 19:30:14'),(7,2,1,0,'2013-05-10 19:30:38'),(8,2,2,0,'2013-05-10 19:30:38'),(9,2,3,0,'2013-05-10 19:30:38');
/*!40000 ALTER TABLE `exam_subject` ENABLE KEYS */;
UNLOCK TABLES;

--
-- Table structure for table `privilege_dependency`
--

DROP TABLE IF EXISTS `privilege_dependency`;
/*!40101 SET @saved_cs_client     = @@character_set_client */;
/*!40101 SET character_set_client = utf8 */;
CREATE TABLE `privilege_dependency` (
  `PRIVILEGE_DEPENDENCY_ID` int(11) NOT NULL AUTO_INCREMENT,
  `PRIVILEGE_ID` int(11) NOT NULL,
  `DEPENDENCY_ID` int(11) NOT NULL,
  `MODIFIED_TIME` timestamp NOT NULL DEFAULT CURRENT_TIMESTAMP ON UPDATE CURRENT_TIMESTAMP,
  PRIMARY KEY (`PRIVILEGE_DEPENDENCY_ID`),
  KEY `fk_PRIVILEGE_DEPENDENCY_PRIVILEGE1` (`PRIVILEGE_ID`),
  KEY `fk_PRIVILEGE_DEPENDENCY_DEPENDENCY1` (`DEPENDENCY_ID`),
  CONSTRAINT `fk_PRIVILEGE_DEPENDENCY_PRIVILEGE1` FOREIGN KEY (`PRIVILEGE_ID`) REFERENCES `privilege` (`PRIVILEGE_ID`),
  CONSTRAINT `fk_PRIVILEGE_DEPENDENCY_DEPENDENCY1` FOREIGN KEY (`DEPENDENCY_ID`) REFERENCES `privilege` (`PRIVILEGE_ID`)
) ENGINE=InnoDB AUTO_INCREMENT=498 DEFAULT CHARSET=latin1;
/*!40101 SET character_set_client = @saved_cs_client */;

--
-- Dumping data for table `privilege_dependency`
--

LOCK TABLES `privilege_dependency` WRITE;
/*!40000 ALTER TABLE `privilege_dependency` DISABLE KEYS */;
INSERT INTO `privilege_dependency` VALUES (1,2,1,'2013-05-08 16:56:02'),(2,3,1,'2013-05-08 16:56:02'),(3,3,4,'2013-05-08 16:56:02'),(4,3,5,'2013-05-08 16:56:02'),(5,4,1,'2013-05-08 16:56:02'),(6,5,1,'2013-05-08 16:56:02'),(7,5,4,'2013-05-08 16:56:02'),(8,6,1,'2013-05-08 16:56:02'),(9,6,4,'2013-05-08 16:56:02'),(10,7,1,'2013-05-08 16:56:02'),(11,7,4,'2013-05-08 16:56:02'),(12,7,6,'2013-05-08 16:56:02'),(13,8,1,'2013-05-08 16:56:02'),(14,8,4,'2013-05-08 16:56:02'),(15,8,6,'2013-05-08 16:56:02'),(16,9,1,'2013-05-08 16:56:02'),(17,9,4,'2013-05-08 16:56:02'),(18,10,1,'2013-05-08 16:56:02'),(19,10,4,'2013-05-08 16:56:02'),(20,10,9,'2013-05-08 16:56:02'),(21,11,1,'2013-05-08 16:56:02'),(22,11,4,'2013-05-08 16:56:02'),(23,11,9,'2013-05-08 16:56:02'),(24,12,1,'2013-05-08 16:56:02'),(25,12,4,'2013-05-08 16:56:02'),(26,13,1,'2013-05-08 16:56:02'),(27,13,4,'2013-05-08 16:56:02'),(28,13,12,'2013-05-08 16:56:02'),(29,14,1,'2013-05-08 16:56:02'),(30,14,4,'2013-05-08 16:56:02'),(31,14,12,'2013-05-08 16:56:02'),(32,15,1,'2013-05-08 16:56:02'),(33,15,4,'2013-05-08 16:56:02'),(34,15,12,'2013-05-08 16:56:02'),(35,17,16,'2013-05-08 16:56:02'),(36,18,16,'2013-05-08 16:56:02'),(37,19,16,'2013-05-08 16:56:02'),(38,19,17,'2013-05-08 16:56:02'),(39,21,20,'2013-05-08 16:56:02'),(40,22,20,'2013-05-08 16:56:02'),(41,23,20,'2013-05-08 16:56:02'),(42,23,21,'2013-05-08 16:56:02'),(43,25,24,'2013-05-08 16:56:02'),(44,26,24,'2013-05-08 16:56:02'),(45,27,24,'2013-05-08 16:56:02'),(46,27,25,'2013-05-08 16:56:02'),(47,29,28,'2013-05-08 16:56:02'),(48,30,28,'2013-05-08 16:56:02'),(49,30,29,'2013-05-08 16:56:02'),(50,31,28,'2013-05-08 16:56:02'),(51,31,32,'2013-05-08 16:56:02'),(52,31,33,'2013-05-08 16:56:02'),(53,32,28,'2013-05-08 16:56:02'),(54,32,29,'2013-05-08 16:56:02'),(55,33,28,'2013-05-08 16:56:02'),(56,33,29,'2013-05-08 16:56:02'),(57,33,32,'2013-05-08 16:56:02'),(58,33,256,'2013-05-08 16:56:02'),(59,34,28,'2013-05-08 16:56:02'),(60,34,29,'2013-05-08 16:56:02'),(61,34,32,'2013-05-08 16:56:02'),(62,34,256,'2013-05-08 16:56:02'),(63,35,28,'2013-05-08 16:56:02'),(64,35,29,'2013-05-08 16:56:02'),(65,35,32,'2013-05-08 16:56:02'),(66,36,28,'2013-05-08 16:56:02'),(67,36,29,'2013-05-08 16:56:02'),(68,36,32,'2013-05-08 16:56:02'),(69,36,35,'2013-05-08 16:56:02'),(70,37,28,'2013-05-08 16:56:02'),(71,37,29,'2013-05-08 16:56:02'),(72,37,32,'2013-05-08 16:56:02'),(73,37,35,'2013-05-08 16:56:02'),(74,38,28,'2013-05-08 16:56:02'),(75,38,29,'2013-05-08 16:56:02'),(76,38,32,'2013-05-08 16:56:02'),(77,39,28,'2013-05-08 16:56:02'),(78,39,29,'2013-05-08 16:56:02'),(79,39,32,'2013-05-08 16:56:02'),(80,39,38,'2013-05-08 16:56:02'),(81,40,28,'2013-05-08 16:56:02'),(82,40,29,'2013-05-08 16:56:02'),(83,40,32,'2013-05-08 16:56:02'),(84,40,38,'2013-05-08 16:56:02'),(85,41,28,'2013-05-08 16:56:02'),(86,41,29,'2013-05-08 16:56:02'),(87,41,32,'2013-05-08 16:56:02'),(88,42,28,'2013-05-08 16:56:02'),(89,42,29,'2013-05-08 16:56:02'),(90,42,32,'2013-05-08 16:56:02'),(91,42,41,'2013-05-08 16:56:02'),(92,43,28,'2013-05-08 16:56:02'),(93,43,29,'2013-05-08 16:56:02'),(94,43,32,'2013-05-08 16:56:02'),(95,43,41,'2013-05-08 16:56:02'),(96,44,28,'2013-05-08 16:56:02'),(97,44,29,'2013-05-08 16:56:02'),(98,44,32,'2013-05-08 16:56:02'),(99,45,28,'2013-05-08 16:56:02'),(100,45,29,'2013-05-08 16:56:02'),(101,45,32,'2013-05-08 16:56:02'),(102,45,44,'2013-05-08 16:56:02'),(103,46,28,'2013-05-08 16:56:02'),(104,46,29,'2013-05-08 16:56:02'),(105,46,32,'2013-05-08 16:56:02'),(106,46,44,'2013-05-08 16:56:02'),(107,47,28,'2013-05-08 16:56:02'),(108,47,29,'2013-05-08 16:56:02'),(109,47,32,'2013-05-08 16:56:02'),(110,48,28,'2013-05-08 16:56:02'),(111,48,29,'2013-05-08 16:56:02'),(112,48,32,'2013-05-08 16:56:02'),(113,48,47,'2013-05-08 16:56:02'),(114,49,28,'2013-05-08 16:56:02'),(115,49,29,'2013-05-08 16:56:02'),(116,49,32,'2013-05-08 16:56:02'),(117,49,47,'2013-05-08 16:56:02'),(118,50,28,'2013-05-08 16:56:02'),(119,50,29,'2013-05-08 16:56:02'),(120,50,32,'2013-05-08 16:56:02'),(121,51,28,'2013-05-08 16:56:02'),(122,51,29,'2013-05-08 16:56:02'),(123,51,32,'2013-05-08 16:56:02'),(124,51,50,'2013-05-08 16:56:02'),(125,52,28,'2013-05-08 16:56:02'),(126,52,29,'2013-05-08 16:56:02'),(127,52,32,'2013-05-08 16:56:02'),(128,52,50,'2013-05-08 16:56:02'),(129,53,28,'2013-05-08 16:56:02'),(130,53,29,'2013-05-08 16:56:02'),(131,53,32,'2013-05-08 16:56:02'),(132,53,50,'2013-05-08 16:56:02'),(133,54,28,'2013-05-08 16:56:02'),(134,54,29,'2013-05-08 16:56:02'),(135,54,32,'2013-05-08 16:56:02'),(136,55,28,'2013-05-08 16:56:02'),(137,55,29,'2013-05-08 16:56:02'),(138,55,32,'2013-05-08 16:56:02'),(139,55,54,'2013-05-08 16:56:02'),(140,56,28,'2013-05-08 16:56:02'),(141,56,29,'2013-05-08 16:56:02'),(142,56,32,'2013-05-08 16:56:02'),(143,57,28,'2013-05-08 16:56:02'),(144,57,29,'2013-05-08 16:56:02'),(145,57,32,'2013-05-08 16:56:02'),(146,57,56,'2013-05-08 16:56:02'),(147,58,28,'2013-05-08 16:56:02'),(148,58,29,'2013-05-08 16:56:02'),(149,58,32,'2013-05-08 16:56:02'),(150,58,56,'2013-05-08 16:56:02'),(151,58,57,'2013-05-08 16:56:02'),(152,60,59,'2013-05-08 16:56:02'),(153,61,59,'2013-05-08 16:56:02'),(154,61,60,'2013-05-08 16:56:02'),(155,63,62,'2013-05-08 16:56:02'),(156,64,62,'2013-05-08 16:56:02'),(157,64,63,'2013-05-08 16:56:02'),(158,66,65,'2013-05-08 16:56:02'),(159,67,65,'2013-05-08 16:56:02'),(160,67,238,'2013-05-08 16:56:02'),(161,67,66,'2013-05-08 16:56:02'),(162,69,68,'2013-05-08 16:56:02'),(163,70,68,'2013-05-08 16:56:02'),(164,70,69,'2013-05-08 16:56:02'),(165,72,71,'2013-05-08 16:56:02'),(166,73,71,'2013-05-08 16:56:02'),(167,73,72,'2013-05-08 16:56:02'),(168,75,74,'2013-05-08 16:56:02'),(169,76,74,'2013-05-08 16:56:02'),(170,76,75,'2013-05-08 16:56:02'),(171,77,74,'2013-05-08 16:56:02'),(172,77,75,'2013-05-08 16:56:02'),(173,78,74,'2013-05-08 16:56:02'),(174,78,75,'2013-05-08 16:56:02'),(175,78,76,'2013-05-08 16:56:02'),(176,79,74,'2013-05-08 16:56:02'),(177,80,74,'2013-05-08 16:56:02'),(178,80,79,'2013-05-08 16:56:02'),(179,81,74,'2013-05-08 16:56:02'),(180,81,79,'2013-05-08 16:56:02'),(181,82,74,'2013-05-08 16:56:02'),(182,82,79,'2013-05-08 16:56:02'),(183,82,80,'2013-05-08 16:56:02'),(184,83,74,'2013-05-08 16:56:02'),(185,84,74,'2013-05-08 16:56:02'),(186,84,83,'2013-05-08 16:56:02'),(187,85,74,'2013-05-08 16:56:02'),(188,85,83,'2013-05-08 16:56:02'),(189,86,74,'2013-05-08 16:56:02'),(190,87,74,'2013-05-08 16:56:02'),(191,87,86,'2013-05-08 16:56:02'),(192,88,74,'2013-05-08 16:56:02'),(193,88,86,'2013-05-08 16:56:02'),(194,89,74,'2013-05-08 16:56:02'),(195,90,74,'2013-05-08 16:56:02'),(196,90,89,'2013-05-08 16:56:02'),(197,91,74,'2013-05-08 16:56:02'),(198,91,89,'2013-05-08 16:56:02'),(199,92,74,'2013-05-08 16:56:02'),(200,93,74,'2013-05-08 16:56:02'),(201,93,92,'2013-05-08 16:56:02'),(202,94,74,'2013-05-08 16:56:02'),(203,94,92,'2013-05-08 16:56:02'),(204,95,74,'2013-05-08 16:56:02'),(205,96,74,'2013-05-08 16:56:02'),(206,96,95,'2013-05-08 16:56:02'),(207,97,74,'2013-05-08 16:56:02'),(208,97,95,'2013-05-08 16:56:02'),(209,98,74,'2013-05-08 16:56:02'),(210,99,74,'2013-05-08 16:56:02'),(211,99,98,'2013-05-08 16:56:02'),(212,100,74,'2013-05-08 16:56:02'),(213,100,98,'2013-05-08 16:56:02'),(214,101,74,'2013-05-08 16:56:02'),(215,102,74,'2013-05-08 16:56:02'),(216,102,101,'2013-05-08 16:56:02'),(217,103,74,'2013-05-08 16:56:02'),(218,103,101,'2013-05-08 16:56:02'),(219,104,74,'2013-05-08 16:56:02'),(220,105,74,'2013-05-08 16:56:02'),(221,105,104,'2013-05-08 16:56:02'),(222,106,74,'2013-05-08 16:56:02'),(223,106,104,'2013-05-08 16:56:02'),(224,107,74,'2013-05-08 16:56:02'),(225,107,104,'2013-05-08 16:56:02'),(226,107,105,'2013-05-08 16:56:02'),(227,108,74,'2013-05-08 16:56:02'),(228,109,74,'2013-05-08 16:56:02'),(229,109,108,'2013-05-08 16:56:02'),(230,110,74,'2013-05-08 16:56:02'),(231,110,108,'2013-05-08 16:56:02'),(232,111,74,'2013-05-08 16:56:02'),(233,111,108,'2013-05-08 16:56:02'),(234,111,109,'2013-05-08 16:56:02'),(235,112,74,'2013-05-08 16:56:02'),(236,113,74,'2013-05-08 16:56:02'),(237,113,112,'2013-05-08 16:56:02'),(238,114,74,'2013-05-08 16:56:02'),(239,114,112,'2013-05-08 16:56:02'),(240,114,113,'2013-05-08 16:56:02'),(241,115,74,'2013-05-08 16:56:02'),(242,115,112,'2013-05-08 16:56:02'),(243,115,113,'2013-05-08 16:56:02'),(244,116,74,'2013-05-08 16:56:02'),(245,117,74,'2013-05-08 16:56:02'),(246,117,116,'2013-05-08 16:56:02'),(247,118,74,'2013-05-08 16:56:02'),(248,118,116,'2013-05-08 16:56:02'),(249,119,74,'2013-05-08 16:56:02'),(250,120,74,'2013-05-08 16:56:02'),(251,120,119,'2013-05-08 16:56:02'),(252,121,74,'2013-05-08 16:56:02'),(253,121,119,'2013-05-08 16:56:02'),(254,122,74,'2013-05-08 16:56:02'),(255,123,74,'2013-05-08 16:56:02'),(256,123,122,'2013-05-08 16:56:02'),(257,124,74,'2013-05-08 16:56:02'),(258,124,122,'2013-05-08 16:56:02'),(259,125,74,'2013-05-08 16:56:02'),(260,126,74,'2013-05-08 16:56:02'),(261,126,125,'2013-05-08 16:56:02'),(262,127,74,'2013-05-08 16:56:02'),(263,128,74,'2013-05-08 16:56:02'),(264,128,127,'2013-05-08 16:56:02'),(265,129,74,'2013-05-08 16:56:02'),(266,129,127,'2013-05-08 16:56:02'),(267,130,74,'2013-05-08 16:56:02'),(268,131,74,'2013-05-08 16:56:02'),(269,131,130,'2013-05-08 16:56:02'),(270,132,74,'2013-05-08 16:56:02'),(271,132,130,'2013-05-08 16:56:02'),(272,133,74,'2013-05-08 16:56:02'),(273,134,74,'2013-05-08 16:56:02'),(274,134,133,'2013-05-08 16:56:02'),(275,135,74,'2013-05-08 16:56:02'),(276,135,133,'2013-05-08 16:56:02'),(277,136,74,'2013-05-08 16:56:02'),(278,137,74,'2013-05-08 16:56:02'),(279,137,136,'2013-05-08 16:56:02'),(280,138,74,'2013-05-08 16:56:02'),(281,138,136,'2013-05-08 16:56:02'),(282,139,74,'2013-05-08 16:56:02'),(283,140,74,'2013-05-08 16:56:02'),(284,140,139,'2013-05-08 16:56:02'),(285,141,74,'2013-05-08 16:56:02'),(286,141,139,'2013-05-08 16:56:02'),(287,142,74,'2013-05-08 16:56:02'),(288,143,74,'2013-05-08 16:56:02'),(289,143,142,'2013-05-08 16:56:02'),(290,144,74,'2013-05-08 16:56:02'),(291,144,142,'2013-05-08 16:56:02'),(292,145,74,'2013-05-08 16:56:02'),(293,146,74,'2013-05-08 16:56:02'),(294,146,145,'2013-05-08 16:56:02'),(295,147,74,'2013-05-08 16:56:02'),(296,147,145,'2013-05-08 16:56:02'),(297,148,74,'2013-05-08 16:56:02'),(298,149,74,'2013-05-08 16:56:02'),(299,149,148,'2013-05-08 16:56:02'),(300,150,74,'2013-05-08 16:56:02'),(301,150,148,'2013-05-08 16:56:02'),(302,151,74,'2013-05-08 16:56:02'),(303,152,74,'2013-05-08 16:56:02'),(304,152,151,'2013-05-08 16:56:02'),(305,153,74,'2013-05-08 16:56:02'),(306,153,151,'2013-05-08 16:56:02'),(307,154,74,'2013-05-08 16:56:02'),(308,155,74,'2013-05-08 16:56:02'),(309,155,154,'2013-05-08 16:56:02'),(310,156,74,'2013-05-08 16:56:02'),(311,156,154,'2013-05-08 16:56:02'),(312,157,74,'2013-05-08 16:56:02'),(313,158,74,'2013-05-08 16:56:02'),(314,158,157,'2013-05-08 16:56:02'),(315,159,74,'2013-05-08 16:56:02'),(316,159,157,'2013-05-08 16:56:02'),(322,163,74,'2013-05-08 16:56:02'),(323,164,74,'2013-05-08 16:56:02'),(324,164,163,'2013-05-08 16:56:02'),(325,165,74,'2013-05-08 16:56:02'),(326,165,163,'2013-05-08 16:56:02'),(327,166,74,'2013-05-08 16:56:02'),(328,167,74,'2013-05-08 16:56:02'),(329,167,166,'2013-05-08 16:56:02'),(330,168,74,'2013-05-08 16:56:02'),(331,168,166,'2013-05-08 16:56:02'),(332,169,74,'2013-05-08 16:56:02'),(333,170,74,'2013-05-08 16:56:02'),(334,170,169,'2013-05-08 16:56:02'),(335,171,74,'2013-05-08 16:56:02'),(336,171,169,'2013-05-08 16:56:02'),(337,172,74,'2013-05-08 16:56:02'),(338,173,74,'2013-05-08 16:56:02'),(339,173,172,'2013-05-08 16:56:02'),(340,174,74,'2013-05-08 16:56:02'),(341,174,172,'2013-05-08 16:56:02'),(342,174,175,'2013-05-08 16:56:02'),(343,175,74,'2013-05-08 16:56:02'),(344,175,172,'2013-05-08 16:56:02'),(345,176,74,'2013-05-08 16:56:02'),(346,177,74,'2013-05-08 16:56:02'),(347,177,176,'2013-05-08 16:56:02'),(348,178,74,'2013-05-08 16:56:02'),(349,178,176,'2013-05-08 16:56:02'),(350,179,74,'2013-05-08 16:56:02'),(351,179,176,'2013-05-08 16:56:02'),(352,180,74,'2013-05-08 16:56:02'),(353,181,74,'2013-05-08 16:56:02'),(354,181,180,'2013-05-08 16:56:02'),(355,182,74,'2013-05-08 16:56:02'),(356,182,180,'2013-05-08 16:56:02'),(357,183,74,'2013-05-08 16:56:02'),(358,183,180,'2013-05-08 16:56:02'),(359,183,181,'2013-05-08 16:56:02'),(360,185,184,'2013-05-08 16:56:02'),(361,187,186,'2013-05-08 16:56:02'),(362,188,186,'2013-05-08 16:56:02'),(363,189,186,'2013-05-08 16:56:02'),(364,190,186,'2013-05-08 16:56:02'),(365,191,186,'2013-05-08 16:56:02'),(366,192,186,'2013-05-08 16:56:02'),(367,193,186,'2013-05-08 16:56:02'),(368,194,186,'2013-05-08 16:56:02'),(369,195,186,'2013-05-08 16:56:02'),(370,197,196,'2013-05-08 16:56:02'),(371,198,196,'2013-05-08 16:56:02'),(372,199,196,'2013-05-08 16:56:02'),(373,200,196,'2013-05-08 16:56:02'),(374,202,201,'2013-05-08 16:56:02'),(375,204,203,'2013-05-08 16:56:02'),(376,205,203,'2013-05-08 16:56:02'),(377,206,203,'2013-05-08 16:56:02'),(378,207,203,'2013-05-08 16:56:02'),(379,209,208,'2013-05-08 16:56:02'),(380,210,208,'2013-05-08 16:56:02'),(381,210,209,'2013-05-08 16:56:02'),(382,212,211,'2013-05-08 16:56:02'),(383,213,211,'2013-05-08 16:56:02'),(384,213,212,'2013-05-08 16:56:02'),(385,215,214,'2013-05-08 16:56:02'),(386,216,214,'2013-05-08 16:56:02'),(387,216,215,'2013-05-08 16:56:02'),(388,218,217,'2013-05-08 16:56:02'),(389,219,217,'2013-05-08 16:56:02'),(390,220,217,'2013-05-08 16:56:02'),(391,221,217,'2013-05-08 16:56:02'),(392,221,220,'2013-05-08 16:56:02'),(393,223,222,'2013-05-08 16:56:02'),(394,224,222,'2013-05-08 16:56:02'),(395,225,222,'2013-05-08 16:56:02'),(396,226,222,'2013-05-08 16:56:02'),(397,227,222,'2013-05-08 16:56:02'),(398,228,222,'2013-05-08 16:56:02'),(399,229,222,'2013-05-08 16:56:02'),(400,230,222,'2013-05-08 16:56:02'),(401,231,68,'2013-05-08 16:56:02'),(402,231,69,'2013-05-08 16:56:02'),(403,231,70,'2013-05-08 16:56:02'),(404,234,65,'2013-05-08 16:56:02'),(405,234,66,'2013-05-08 16:56:02'),(406,234,67,'2013-05-08 16:56:02'),(407,235,201,'2013-05-08 16:56:02'),(408,236,1,'2013-05-08 16:56:02'),(409,236,4,'2013-05-08 16:56:02'),(410,237,71,'2013-05-08 16:56:02'),(411,237,72,'2013-05-08 16:56:02'),(412,237,73,'2013-05-08 16:56:02'),(413,238,65,'2013-05-08 16:56:02'),(414,238,66,'2013-05-08 16:56:02'),(415,240,239,'2013-05-08 16:56:02'),(416,241,240,'2013-05-08 16:56:02'),(417,242,28,'2013-05-08 16:56:02'),(418,242,54,'2013-05-08 16:56:02'),(419,242,55,'2013-05-08 16:56:02'),(420,243,186,'2013-05-08 16:56:02'),(421,244,240,'2013-05-08 16:56:02'),(422,245,240,'2013-05-08 16:56:02'),(423,246,240,'2013-05-08 16:56:02'),(424,247,240,'2013-05-08 16:56:02'),(425,248,240,'2013-05-08 16:56:02'),(426,249,240,'2013-05-08 16:56:02'),(427,250,240,'2013-05-08 16:56:02'),(428,251,240,'2013-05-08 16:56:02'),(429,252,240,'2013-05-08 16:56:02'),(430,253,240,'2013-05-08 16:56:02'),(431,254,240,'2013-05-08 16:56:02'),(432,254,251,'2013-05-08 16:56:02'),(433,255,28,'2013-05-08 16:56:02'),(434,255,29,'2013-05-08 16:56:02'),(435,256,28,'2013-05-08 16:56:02'),(436,256,29,'2013-05-08 16:56:02'),(437,257,74,'2012-09-04 04:18:48'),(438,258,74,'2012-09-04 04:18:48'),(439,258,257,'2012-09-04 04:18:48'),(440,259,74,'2012-09-04 04:18:48'),(441,259,257,'2012-09-04 04:18:48'),(442,260,74,'2012-09-04 04:18:48'),(443,261,74,'2012-09-04 04:18:48'),(444,261,260,'2012-09-04 04:18:48'),(445,262,74,'2012-09-04 04:18:48'),(446,262,260,'2012-09-04 04:18:48'),(447,263,74,'2012-09-04 04:18:48'),(448,264,74,'2012-09-04 04:18:48'),(449,264,263,'2012-09-04 04:18:48'),(450,265,74,'2012-09-04 04:18:48'),(451,265,263,'2012-09-04 04:18:48'),(452,266,74,'2012-09-04 04:18:48'),(453,267,74,'2012-09-04 04:18:48'),(454,267,266,'2012-09-04 04:18:48'),(455,268,74,'2012-09-04 04:18:48'),(456,268,266,'2012-09-04 04:18:48'),(457,269,74,'2012-09-04 04:18:48'),(458,270,74,'2012-09-04 04:18:48'),(459,270,269,'2012-09-04 04:18:48'),(460,271,74,'2012-09-04 04:18:48'),(461,271,269,'2012-09-04 04:18:48'),(462,272,74,'2012-09-04 04:18:48'),(463,273,74,'2012-09-04 04:18:48'),(464,273,272,'2012-09-04 04:18:48'),(465,274,74,'2012-09-04 04:18:48'),(466,274,272,'2012-09-04 04:18:48'),(467,275,74,'2012-09-04 04:18:48'),(468,275,272,'2012-09-04 04:18:48'),(469,275,273,'2012-09-04 04:18:48'),(470,276,74,'2012-09-04 04:18:48'),(471,277,74,'2012-09-04 04:18:48'),(472,277,276,'2012-09-04 04:18:48'),(473,278,74,'2012-09-04 04:18:48'),(474,278,276,'2012-09-04 04:18:48'),(475,279,74,'2012-09-04 04:18:48'),(476,280,74,'2012-09-04 04:18:48'),(477,280,280,'2012-09-04 04:18:48'),(478,281,74,'2012-09-04 04:18:48'),(479,281,280,'2012-09-04 04:18:48'),(480,282,74,'2012-09-04 04:18:48'),(481,283,74,'2012-09-04 04:18:48'),(482,283,282,'2012-09-04 04:18:48'),(483,284,74,'2012-09-04 04:18:48'),(484,284,282,'2012-09-04 04:18:48'),(485,285,74,'2012-09-04 04:18:48'),(486,286,74,'2012-09-04 04:18:48'),(487,286,285,'2012-09-04 04:18:48'),(488,287,74,'2012-09-04 04:18:48'),(489,287,285,'2012-09-04 04:18:48'),(490,288,74,'2012-09-04 04:18:48'),(491,288,285,'2012-09-04 04:18:48'),(492,288,286,'2012-09-04 04:18:48'),(493,289,28,'2012-09-04 04:18:48'),(494,289,29,'2012-09-04 04:18:48'),(495,289,32,'2012-09-04 04:18:48'),(496,290,1,'2012-09-04 04:18:48'),(497,291,1,'2012-09-04 04:18:48');
/*!40000 ALTER TABLE `privilege_dependency` ENABLE KEYS */;
UNLOCK TABLES;

--
-- Table structure for table `grade_subject`
--

DROP TABLE IF EXISTS `grade_subject`;
/*!40101 SET @saved_cs_client     = @@character_set_client */;
/*!40101 SET character_set_client = utf8 */;
CREATE TABLE `grade_subject` (
  `GRADE_SUBJECT_ID` int(11) NOT NULL AUTO_INCREMENT,
  `GRADE_ID` int(11) NOT NULL,
  `SUBJECT_ID` int(11) NOT NULL,
  `SUBJECT_CODE` varchar(45) NOT NULL,
  `MODIFIED_TIME` timestamp NOT NULL DEFAULT CURRENT_TIMESTAMP ON UPDATE CURRENT_TIMESTAMP,
  `IS_OPTIONAL_SUBJECT` tinyint(4) NOT NULL,
  `MAXIMUM_MARKS` int(11) NOT NULL DEFAULT '100',
  PRIMARY KEY (`GRADE_SUBJECT_ID`),
  UNIQUE KEY `GRADE_SUBJECT_ID_UNIQUE` (`GRADE_SUBJECT_ID`),
  UNIQUE KEY `UC_GRADE_SUBJECT` (`GRADE_ID`,`SUBJECT_ID`),
  KEY `fk_GRADE_SUBJECT_SUBJECT1` (`SUBJECT_ID`),
  KEY `fk_GRADE_SUBJECT_GRADE1` (`GRADE_ID`),
  CONSTRAINT `fk_GRADE_SUBJECT_GRADE1` FOREIGN KEY (`GRADE_ID`) REFERENCES `grade` (`GRADE_ID`) ON UPDATE CASCADE,
  CONSTRAINT `fk_GRADE_SUBJECT_SUBJECT1` FOREIGN KEY (`SUBJECT_ID`) REFERENCES `subject` (`SUBJECT_ID`) ON UPDATE CASCADE
) ENGINE=InnoDB AUTO_INCREMENT=4 DEFAULT CHARSET=latin1;
/*!40101 SET character_set_client = @saved_cs_client */;

--
-- Dumping data for table `grade_subject`
--

LOCK TABLES `grade_subject` WRITE;
/*!40000 ALTER TABLE `grade_subject` DISABLE KEYS */;
INSERT INTO `grade_subject` VALUES (1,1,1,'A-English','2013-05-10 19:14:32',0,100),(2,1,2,'A-Kiswahili','2013-05-10 19:14:32',0,100),(3,1,3,'A-Maths','2013-05-10 19:14:32',0,100);
/*!40000 ALTER TABLE `grade_subject` ENABLE KEYS */;
UNLOCK TABLES;

--
-- Table structure for table `staff`
--

DROP TABLE IF EXISTS `staff`;
/*!40101 SET @saved_cs_client     = @@character_set_client */;
/*!40101 SET character_set_client = utf8 */;
CREATE TABLE `staff` (
  `STAFF_ID` int(11) NOT NULL AUTO_INCREMENT,
  `STAFF_CATEGORY_ID` int(11) NOT NULL,
  `REGISTRATION_NO` varchar(45) NOT NULL,
  `DATE_OF_HIRE` date NOT NULL,
  `DATE_OF_DEPARTURE` date DEFAULT NULL,
  `BASIC_SALARY` float DEFAULT NULL,
  `SALARY_SCALE` varchar(45) DEFAULT NULL,
  `HISTORY` varchar(250) DEFAULT NULL,
  `OTHER_INFO` varchar(250) DEFAULT NULL,
  `FULL_NAME` varchar(150) NOT NULL,
  `NAME_WT_INITIALS` varchar(45) DEFAULT NULL,
  `LAST_NAME` varchar(45) NOT NULL,
  `NATIONAL_ID_NO` varchar(45) NOT NULL,
  `DOB` date DEFAULT NULL,
  `ADDRESS` varchar(400) DEFAULT NULL,
  `MOBILE_NO` varchar(45) DEFAULT NULL,
  `PHOTO` longblob,
  `RESIDENCE_NO` varchar(45) DEFAULT NULL,
  `OFFICE_NO` varchar(45) DEFAULT NULL,
  `EMAIL` varchar(45) DEFAULT NULL,
  `GENDER` char(1) DEFAULT NULL,
  `CITY_ID` int(11) DEFAULT NULL,
  `RELIGION_ID` int(11) DEFAULT NULL,
  `TEMP_CITY_ID` int(11) DEFAULT NULL,
  `TEMP_ADDRESS` varchar(400) DEFAULT NULL,
  `MODIFIED_TIME` timestamp NOT NULL DEFAULT CURRENT_TIMESTAMP ON UPDATE CURRENT_TIMESTAMP,
  `SUBJECT_ID` int(11) DEFAULT NULL,
  `STUDY_MEDIUM_ID` int(11) DEFAULT NULL,
  `SECTION_ID` int(11) DEFAULT NULL,
  `STAFF_SERVICE_ID` int(11) DEFAULT NULL,
  `CLASSIFICATION_ID` int(11) DEFAULT NULL,
  `NATURE_ID` int(11) DEFAULT NULL,
  `CIVIL_STATUS_ID` int(11) DEFAULT NULL,
  `RACE_ID` int(11) DEFAULT NULL,
  `DATE_FIRST_APPOINTMENT` date DEFAULT NULL,
  `STAFF_GRADE` varchar(45) DEFAULT NULL,
  `STAFF_CLASS` varchar(45) DEFAULT NULL,
  `COUNTRY_ID` int(11) DEFAULT NULL,
  `EMERGENCY_CONTACT_NAME` varchar(45) DEFAULT NULL,
  `EMERGENCY_MOBILE_NO` varchar(45) DEFAULT NULL,
  `EMERGENCY_RESIDENCE_NO` varchar(45) DEFAULT NULL,
  `INSURANCE_POLICY_DETAILS` varchar(450) DEFAULT NULL,
  `INTEREST` varchar(450) DEFAULT NULL,
  PRIMARY KEY (`STAFF_ID`),
  UNIQUE KEY `REGISTRATION_NO_UNIQUE` (`REGISTRATION_NO`),
  UNIQUE KEY `NATIONAL_ID_NO_UNIQUE` (`NATIONAL_ID_NO`),
  KEY `fk_STAFF_STAFF_CATEGORY1` (`STAFF_CATEGORY_ID`),
  KEY `fk_STAFF_CITY1` (`CITY_ID`),
  KEY `fk_STAFF_RELIGION1` (`RELIGION_ID`),
  KEY `fk_STAFF_TEMP_CITY_ID` (`TEMP_CITY_ID`),
  KEY `fk_STAFF_SUBJECT1` (`SUBJECT_ID`),
  KEY `fk_STAFF_STUDYMEDIUM1` (`STUDY_MEDIUM_ID`),
  KEY `fk_STAFF_SECTION1` (`SECTION_ID`),
  KEY `fk_STAFF_SERVICE_CATEGORY1` (`STAFF_SERVICE_ID`),
  KEY `fk_STAFF_APPOINTMENT_CLASSIFICATION1` (`CLASSIFICATION_ID`),
  KEY `fk_STAFF_APPOINTMENT_NATURE1` (`NATURE_ID`),
  KEY `fk_STAFF_CIVIL_STATUS1` (`CIVIL_STATUS_ID`),
  KEY `fk_STAFF_RACE1` (`RACE_ID`),
  KEY `fk_STAFF_COUNTRY1` (`COUNTRY_ID`),
  CONSTRAINT `fk_STAFF_APPOINTMENT_CLASSIFICATION1` FOREIGN KEY (`CLASSIFICATION_ID`) REFERENCES `appointment_classification` (`APPOINTMENT_CLASSIFICATION_ID`) ON UPDATE CASCADE,
  CONSTRAINT `fk_STAFF_APPOINTMENT_NATURE1` FOREIGN KEY (`NATURE_ID`) REFERENCES `appointment_nature` (`APPOINTMENT_NATURE_ID`) ON UPDATE CASCADE,
  CONSTRAINT `fk_STAFF_CITY1` FOREIGN KEY (`CITY_ID`) REFERENCES `city` (`CITY_ID`) ON UPDATE CASCADE,
  CONSTRAINT `fk_STAFF_CIVIL_STATUS1` FOREIGN KEY (`CIVIL_STATUS_ID`) REFERENCES `civil_status` (`CIVIL_STATUS_ID`) ON UPDATE CASCADE,
  CONSTRAINT `fk_STAFF_COUNTRY1` FOREIGN KEY (`COUNTRY_ID`) REFERENCES `country` (`COUNTRY_ID`) ON DELETE NO ACTION ON UPDATE CASCADE,
  CONSTRAINT `fk_STAFF_RACE1` FOREIGN KEY (`RACE_ID`) REFERENCES `race` (`RACE_ID`) ON UPDATE CASCADE,
  CONSTRAINT `fk_STAFF_RELIGION1` FOREIGN KEY (`RELIGION_ID`) REFERENCES `religion` (`RELIGION_ID`) ON UPDATE CASCADE,
  CONSTRAINT `fk_STAFF_SECTION1` FOREIGN KEY (`SECTION_ID`) REFERENCES `section` (`SECTION_ID`) ON UPDATE CASCADE,
  CONSTRAINT `fk_STAFF_SERVICE_CATEGORY1` FOREIGN KEY (`STAFF_SERVICE_ID`) REFERENCES `staff_service_category` (`STAFF_SERVICE_CATEGORY_ID`) ON UPDATE CASCADE,
  CONSTRAINT `fk_STAFF_STAFF_CATEGORY1` FOREIGN KEY (`STAFF_CATEGORY_ID`) REFERENCES `staff_category` (`STAFF_CATEGORY_ID`) ON UPDATE CASCADE,
  CONSTRAINT `fk_STAFF_STUDYMEDIUM1` FOREIGN KEY (`STUDY_MEDIUM_ID`) REFERENCES `study_medium` (`STUDY_MEDIUM_ID`) ON UPDATE CASCADE,
  CONSTRAINT `fk_STAFF_SUBJECT1` FOREIGN KEY (`SUBJECT_ID`) REFERENCES `subject` (`SUBJECT_ID`) ON UPDATE CASCADE,
  CONSTRAINT `fk_STAFF_TEMP_CITY_ID` FOREIGN KEY (`TEMP_CITY_ID`) REFERENCES `city` (`CITY_ID`) ON UPDATE CASCADE
) ENGINE=InnoDB AUTO_INCREMENT=28 DEFAULT CHARSET=latin1;
/*!40101 SET character_set_client = @saved_cs_client */;

--
-- Dumping data for table `staff`
--

LOCK TABLES `staff` WRITE;
/*!40000 ALTER TABLE `staff` DISABLE KEYS */;
/*!40000 ALTER TABLE `staff` ENABLE KEYS */;
UNLOCK TABLES;

--
-- Table structure for table `general_log`
--

DROP TABLE IF EXISTS `general_log`;
/*!40101 SET @saved_cs_client     = @@character_set_client */;
/*!40101 SET character_set_client = utf8 */;
CREATE TABLE `general_log` (
  `event_time` timestamp NOT NULL DEFAULT CURRENT_TIMESTAMP ON UPDATE CURRENT_TIMESTAMP,
  `user_host` mediumtext NOT NULL,
  `thread_id` int(11) NOT NULL,
  `server_id` int(10) unsigned NOT NULL,
  `command_type` varchar(64) NOT NULL,
  `argument` mediumtext NOT NULL
) ENGINE=CSV DEFAULT CHARSET=utf8 COMMENT='General log';
/*!40101 SET character_set_client = @saved_cs_client */;

--
-- Dumping data for table `general_log`
--

LOCK TABLES `general_log` WRITE;
/*!40000 ALTER TABLE `general_log` DISABLE KEYS */;
/*!40000 ALTER TABLE `general_log` ENABLE KEYS */;
UNLOCK TABLES;

--
-- Table structure for table `city`
--

DROP TABLE IF EXISTS `city`;
/*!40101 SET @saved_cs_client     = @@character_set_client */;
/*!40101 SET character_set_client = utf8 */;
CREATE TABLE `city` (
  `CITY_ID` int(11) NOT NULL AUTO_INCREMENT,
  `DESCRIPTION` varchar(45) NOT NULL,
  `DISTRICT_ID` int(11) DEFAULT NULL,
  `MODIFIED_TIME` timestamp NOT NULL DEFAULT CURRENT_TIMESTAMP ON UPDATE CURRENT_TIMESTAMP,
  PRIMARY KEY (`CITY_ID`),
  UNIQUE KEY `DESCRIPTION_UNIQUE` (`DESCRIPTION`),
  KEY `fk_CITY_DISTRICT1` (`DISTRICT_ID`),
  CONSTRAINT `fk_CITY_DISTRICT1` FOREIGN KEY (`DISTRICT_ID`) REFERENCES `district` (`DISTRICT_ID`) ON UPDATE CASCADE
) ENGINE=InnoDB AUTO_INCREMENT=14 DEFAULT CHARSET=latin1;
/*!40101 SET character_set_client = @saved_cs_client */;

--
-- Dumping data for table `city`
--

LOCK TABLES `city` WRITE;
/*!40000 ALTER TABLE `city` DISABLE KEYS */;
INSERT INTO `city` VALUES (1,'Colombo',1,'2012-01-03 08:40:46'),(2,'Gampaha',2,'2012-01-03 08:41:01'),(3,'Kaluthara',3,'2012-01-03 08:41:10'),(4,'Dehiwala - Mount Lavinia',1,'2012-01-03 08:41:38'),(5,'Homagama',1,'2012-01-03 08:41:53'),(6,'Maharagama',1,'2012-01-03 08:42:05'),(7,'Moratuwa',1,'2012-01-03 08:42:47'),(8,'Nittambuwa',2,'2012-01-03 08:43:22'),(9,'Wattala',2,'2012-01-03 08:46:35'),(10,'Negombo',2,'2012-01-03 08:46:54'),(11,'Panadura',3,'2012-01-03 08:45:03'),(12,'Ja-Ela',2,'2012-01-03 08:45:25'),(13,'Awissawella',1,'2012-01-03 08:48:01');
/*!40000 ALTER TABLE `city` ENABLE KEYS */;
UNLOCK TABLES;

--
-- Table structure for table `daily_teacher_attendance`
--

DROP TABLE IF EXISTS `daily_teacher_attendance`;
/*!40101 SET @saved_cs_client     = @@character_set_client */;
/*!40101 SET character_set_client = utf8 */;
CREATE TABLE `daily_teacher_attendance` (
  `DAILY_TEACHER_ATTENDANCE_ID` int(11) NOT NULL AUTO_INCREMENT,
  `STAFF_ID` int(11) NOT NULL,
  `TIME_IN` time NOT NULL,
  `TIME_OUT` time NOT NULL,
  `DATE` date NOT NULL,
  `MODIFIED_TIME` timestamp NOT NULL DEFAULT CURRENT_TIMESTAMP ON UPDATE CURRENT_TIMESTAMP,
  PRIMARY KEY (`DAILY_TEACHER_ATTENDANCE_ID`),
  KEY `fk_STAFF_DAILY_ATTENDENCE` (`STAFF_ID`),
  CONSTRAINT `fk_STAFF_DAILY_ATTENDENCE` FOREIGN KEY (`STAFF_ID`) REFERENCES `staff` (`STAFF_ID`) ON DELETE CASCADE ON UPDATE CASCADE
) ENGINE=InnoDB DEFAULT CHARSET=latin1;
/*!40101 SET character_set_client = @saved_cs_client */;

--
-- Dumping data for table `daily_teacher_attendance`
--

LOCK TABLES `daily_teacher_attendance` WRITE;
/*!40000 ALTER TABLE `daily_teacher_attendance` DISABLE KEYS */;
/*!40000 ALTER TABLE `daily_teacher_attendance` ENABLE KEYS */;
UNLOCK TABLES;

--
-- Table structure for table `position`
--

DROP TABLE IF EXISTS `position`;
/*!40101 SET @saved_cs_client     = @@character_set_client */;
/*!40101 SET character_set_client = utf8 */;
CREATE TABLE `position` (
  `POSITION_ID` int(11) NOT NULL AUTO_INCREMENT,
  `DESCRIPTION` varchar(45) NOT NULL,
  `MODIFIED_TIME` timestamp NOT NULL DEFAULT CURRENT_TIMESTAMP ON UPDATE CURRENT_TIMESTAMP,
  PRIMARY KEY (`POSITION_ID`),
  UNIQUE KEY `DESCRIPTION_UNIQUE` (`DESCRIPTION`)
) ENGINE=InnoDB AUTO_INCREMENT=2 DEFAULT CHARSET=latin1;
/*!40101 SET character_set_client = @saved_cs_client */;

--
-- Dumping data for table `position`
--

LOCK TABLES `position` WRITE;
/*!40000 ALTER TABLE `position` DISABLE KEYS */;
/*!40000 ALTER TABLE `position` ENABLE KEYS */;
UNLOCK TABLES;

--
-- Table structure for table `student_status`
--

DROP TABLE IF EXISTS `student_status`;
/*!40101 SET @saved_cs_client     = @@character_set_client */;
/*!40101 SET character_set_client = utf8 */;
CREATE TABLE `student_status` (
  `STUDENT_STATUS_ID` int(11) NOT NULL AUTO_INCREMENT,
  `DESCRIPTION` varchar(45) NOT NULL,
  `MODIFIED_TIME` timestamp NOT NULL DEFAULT CURRENT_TIMESTAMP ON UPDATE CURRENT_TIMESTAMP,
  PRIMARY KEY (`STUDENT_STATUS_ID`)
) ENGINE=InnoDB AUTO_INCREMENT=5 DEFAULT CHARSET=latin1;
/*!40101 SET character_set_client = @saved_cs_client */;

--
-- Dumping data for table `student_status`
--

LOCK TABLES `student_status` WRITE;
/*!40000 ALTER TABLE `student_status` DISABLE KEYS */;
INSERT INTO `student_status` VALUES (1,'Current','2013-05-08 17:41:00'),(2,'Past','2013-05-08 17:41:00'),(3,'Suspend','2013-05-08 17:41:00'),(4,'Temporary Leave','2013-05-08 17:41:00');
/*!40000 ALTER TABLE `student_status` ENABLE KEYS */;
UNLOCK TABLES;

--
-- Table structure for table `publication`
--

DROP TABLE IF EXISTS `publication`;
/*!40101 SET @saved_cs_client     = @@character_set_client */;
/*!40101 SET character_set_client = utf8 */;
CREATE TABLE `publication` (
  `PUBLICATION_ID` int(11) NOT NULL,
  `HEADER` varchar(45) NOT NULL,
  `MESSAGE` varchar(450) NOT NULL,
  `EXPIRY_DATE` date NOT NULL,
  `IMAGE` longblob,
  `PUBLICATION_TYPE_ID` int(11) NOT NULL,
  `MODIFIED_TIME` timestamp NOT NULL DEFAULT CURRENT_TIMESTAMP ON UPDATE CURRENT_TIMESTAMP,
  PRIMARY KEY (`PUBLICATION_ID`),
  KEY `fk_PUBLICATION_TYPE1` (`PUBLICATION_TYPE_ID`),
  CONSTRAINT `fk_PUBLICATION_TYPE1` FOREIGN KEY (`PUBLICATION_TYPE_ID`) REFERENCES `publication_type` (`PUBLICATION_TYPE_ID`) ON DELETE CASCADE ON UPDATE CASCADE
) ENGINE=InnoDB DEFAULT CHARSET=latin1;
/*!40101 SET character_set_client = @saved_cs_client */;

--
-- Dumping data for table `publication`
--

LOCK TABLES `publication` WRITE;
/*!40000 ALTER TABLE `publication` DISABLE KEYS */;
INSERT INTO `publication` VALUES (1,'Test New','org.hibernate.proxy.AbstractLazyInitializer.getImplementation(Abstract','2013-05-16',NULL,1,'2013-05-09 17:50:43');
/*!40000 ALTER TABLE `publication` ENABLE KEYS */;
UNLOCK TABLES;

--
-- Table structure for table `district`
--

DROP TABLE IF EXISTS `district`;
/*!40101 SET @saved_cs_client     = @@character_set_client */;
/*!40101 SET character_set_client = utf8 */;
CREATE TABLE `district` (
  `DISTRICT_ID` int(11) NOT NULL AUTO_INCREMENT,
  `DESCRIPTION` varchar(45) NOT NULL,
  `PROVINCE_ID` int(11) DEFAULT NULL,
  `MODIFIED_TIME` timestamp NOT NULL DEFAULT CURRENT_TIMESTAMP ON UPDATE CURRENT_TIMESTAMP,
  PRIMARY KEY (`DISTRICT_ID`),
  UNIQUE KEY `DESCRIPTION_UNIQUE` (`DESCRIPTION`),
  KEY `fk_DISTRICT_PROVINCE1` (`PROVINCE_ID`),
  CONSTRAINT `fk_DISTRICT_PROVINCE1` FOREIGN KEY (`PROVINCE_ID`) REFERENCES `province` (`PROVINCE_ID`) ON UPDATE CASCADE
) ENGINE=InnoDB AUTO_INCREMENT=11 DEFAULT CHARSET=latin1;
/*!40101 SET character_set_client = @saved_cs_client */;

--
-- Dumping data for table `district`
--

LOCK TABLES `district` WRITE;
/*!40000 ALTER TABLE `district` DISABLE KEYS */;
INSERT INTO `district` VALUES (1,'Colombo District',1,'2012-01-03 08:39:50'),(2,'Gampaha District',1,'2012-01-03 08:40:10'),(3,'Kaluthara District',1,'2012-01-03 08:40:26');
/*!40000 ALTER TABLE `district` ENABLE KEYS */;
UNLOCK TABLES;

--
-- Table structure for table `staff_leave`
--

DROP TABLE IF EXISTS `staff_leave`;
/*!40101 SET @saved_cs_client     = @@character_set_client */;
/*!40101 SET character_set_client = utf8 */;
CREATE TABLE `staff_leave` (
  `STAFF_LEAVE_ID` int(11) NOT NULL,
  `STAFF_ID` int(11) NOT NULL,
  `FROM_DATE` date NOT NULL,
  `TO_DATE` date NOT NULL,
  `REASON` varchar(400) DEFAULT NULL,
  `NO_OF_DAYS` float NOT NULL,
  `MODIFIED_TIME` timestamp NOT NULL DEFAULT CURRENT_TIMESTAMP,
  `DELETED` tinyint(4) DEFAULT '0',
  `STAFF_LEAVE_TYPE_ID` int(11) DEFAULT NULL,
  `STAFF_LEAVE_STATUS_ID` int(11) DEFAULT NULL,
  `APPLIED_DATE` date DEFAULT NULL,
  `USER_LOGIN_ID` int(11) DEFAULT NULL,
  `APPROVED_REJECTED_DATE` date DEFAULT NULL,
  `DATE_TYPE` varchar(45) DEFAULT NULL,
  `COMMENT` varchar(150) DEFAULT NULL,
  PRIMARY KEY (`STAFF_LEAVE_ID`),
  KEY `fk_STAFF_LEAVE_STAFF1` (`STAFF_ID`),
  KEY `fk_STAFF_LEAVE_STAFF_LEAVE_TYPE1` (`STAFF_LEAVE_TYPE_ID`),
  KEY `fk_STAFF_LEAVE_STATUS1` (`STAFF_LEAVE_STATUS_ID`),
  KEY `fk_STAFF_LEAVE_USER_LOGIN1` (`USER_LOGIN_ID`),
  CONSTRAINT `fk_STAFF_LEAVE_STATUS1` FOREIGN KEY (`STAFF_LEAVE_STATUS_ID`) REFERENCES `staff_leave_status` (`STAFF_LEAVE_STATUS_ID`) ON UPDATE CASCADE,
  CONSTRAINT `fk_STAFF_LEAVE_USER_LOGIN1` FOREIGN KEY (`USER_LOGIN_ID`) REFERENCES `user_login` (`USER_LOGIN_ID`) ON UPDATE CASCADE,
  CONSTRAINT `fk_STAFF_LEAVE_STAFF1` FOREIGN KEY (`STAFF_ID`) REFERENCES `staff` (`STAFF_ID`) ON DELETE CASCADE ON UPDATE CASCADE,
  CONSTRAINT `fk_STAFF_LEAVE_STAFF_LEAVE_TYPE1` FOREIGN KEY (`STAFF_LEAVE_TYPE_ID`) REFERENCES `staff_leave_type` (`STAFF_LEAVE_TYPE_ID`) ON UPDATE CASCADE
) ENGINE=InnoDB DEFAULT CHARSET=latin1;
/*!40101 SET character_set_client = @saved_cs_client */;

--
-- Dumping data for table `staff_leave`
--

LOCK TABLES `staff_leave` WRITE;
/*!40000 ALTER TABLE `staff_leave` DISABLE KEYS */;
/*!40000 ALTER TABLE `staff_leave` ENABLE KEYS */;
UNLOCK TABLES;

--
-- Table structure for table `employment_status`
--

DROP TABLE IF EXISTS `employment_status`;
/*!40101 SET @saved_cs_client     = @@character_set_client */;
/*!40101 SET character_set_client = utf8 */;
CREATE TABLE `employment_status` (
  `EMPLOYMENT_STATUS_ID` int(11) NOT NULL AUTO_INCREMENT,
  `DESCRIPTION` varchar(45) NOT NULL,
  `MODIFIED_TIME` timestamp NOT NULL DEFAULT CURRENT_TIMESTAMP ON UPDATE CURRENT_TIMESTAMP,
  PRIMARY KEY (`EMPLOYMENT_STATUS_ID`)
) ENGINE=InnoDB AUTO_INCREMENT=4 DEFAULT CHARSET=latin1;
/*!40101 SET character_set_client = @saved_cs_client */;

--
-- Dumping data for table `employment_status`
--

LOCK TABLES `employment_status` WRITE;
/*!40000 ALTER TABLE `employment_status` DISABLE KEYS */;
INSERT INTO `employment_status` VALUES (1,'Employed','2012-05-31 13:55:58'),(2,'Not Employed','2012-05-31 13:55:58'),(3,'Private Business Owner','2012-05-31 13:55:58');
/*!40000 ALTER TABLE `employment_status` ENABLE KEYS */;
UNLOCK TABLES;

--
-- Table structure for table `staff_educational`
--

DROP TABLE IF EXISTS `staff_educational`;
/*!40101 SET @saved_cs_client     = @@character_set_client */;
/*!40101 SET character_set_client = utf8 */;
CREATE TABLE `staff_educational` (
  `STAFF_EDUCATIONAL_ID` int(11) NOT NULL AUTO_INCREMENT,
  `STAFF_ID` int(11) NOT NULL,
  `EDUCATIONAL_QUAL_ID` int(11) NOT NULL,
  `DESCRIPTION` varchar(250) DEFAULT NULL,
  `YEAR` date DEFAULT NULL,
  `STATUS` tinyint(4) DEFAULT NULL,
  `EXPERIENCE` varchar(45) DEFAULT NULL,
  `MODIFIED_TIME` timestamp NOT NULL DEFAULT CURRENT_TIMESTAMP ON UPDATE CURRENT_TIMESTAMP,
  PRIMARY KEY (`STAFF_EDUCATIONAL_ID`),
  UNIQUE KEY `UC_STAFF_EDUCATIONAL` (`STAFF_ID`,`EDUCATIONAL_QUAL_ID`),
  KEY `fk_STAFF_EDUCATIONAL_QUALIFICATION_EDUCATIONAL_QUALIFICATION1` (`EDUCATIONAL_QUAL_ID`),
  KEY `fk_STAFF_EDUCATIONAL_QUALIFICATION_STAFF1` (`STAFF_ID`),
  CONSTRAINT `fk_STAFF_EDUCATIONAL_QUALIFICATION_EDUCATIONAL_QUALIFICATION1` FOREIGN KEY (`EDUCATIONAL_QUAL_ID`) REFERENCES `educational_qualification` (`EDUCATIONAL_QUAL_ID`) ON UPDATE CASCADE,
  CONSTRAINT `fk_STAFF_EDUCATIONAL_QUALIFICATION_STAFF1` FOREIGN KEY (`STAFF_ID`) REFERENCES `staff` (`STAFF_ID`) ON DELETE CASCADE ON UPDATE CASCADE
) ENGINE=InnoDB DEFAULT CHARSET=latin1;
/*!40101 SET character_set_client = @saved_cs_client */;

--
-- Dumping data for table `staff_educational`
--

LOCK TABLES `staff_educational` WRITE;
/*!40000 ALTER TABLE `staff_educational` DISABLE KEYS */;
/*!40000 ALTER TABLE `staff_educational` ENABLE KEYS */;
UNLOCK TABLES;

--
-- Table structure for table `business_audit`
--

DROP TABLE IF EXISTS `business_audit`;
/*!40101 SET @saved_cs_client     = @@character_set_client */;
/*!40101 SET character_set_client = utf8 */;
CREATE TABLE `business_audit` (
  `BUSINESS_AUDIT_ID` int(11) NOT NULL AUTO_INCREMENT,
  `USER_LOGIN_ID` int(11) NOT NULL,
  `DATE` datetime NOT NULL,
  `BUSINESS_FUNCTION` varchar(200) NOT NULL,
  `MODULE` varchar(200) NOT NULL,
  `EVENT_TYPE` int(11) NOT NULL,
  `MODIFIED_TIME` timestamp NOT NULL DEFAULT CURRENT_TIMESTAMP ON UPDATE CURRENT_TIMESTAMP,
  PRIMARY KEY (`BUSINESS_AUDIT_ID`),
  KEY `fk_BUSSINESS_AUDIT_USER_LOGIN1` (`USER_LOGIN_ID`),
  KEY `fk_BUSSINESS_AUDIT_AUDIT_EVENT1` (`EVENT_TYPE`),
  CONSTRAINT `fk_BUSSINESS_AUDIT_USER_LOGIN1` FOREIGN KEY (`USER_LOGIN_ID`) REFERENCES `user_login` (`USER_LOGIN_ID`) ON DELETE CASCADE ON UPDATE CASCADE,
  CONSTRAINT `fk_BUSSINESS_AUDIT_AUDIT_EVENT1` FOREIGN KEY (`EVENT_TYPE`) REFERENCES `audit_event_type` (`AUDIT_EVENT_TYPE_ID`) ON DELETE CASCADE ON UPDATE CASCADE
) ENGINE=InnoDB AUTO_INCREMENT=4 DEFAULT CHARSET=latin1;
/*!40101 SET character_set_client = @saved_cs_client */;

--
-- Dumping data for table `business_audit`
--

LOCK TABLES `business_audit` WRITE;
/*!40000 ALTER TABLE `business_audit` DISABLE KEYS */;
INSERT INTO `business_audit` VALUES (1,1,'2013-05-08 21:12:42','saveStudent','StudentService',3,'2013-05-08 18:12:42'),(2,1,'2013-05-10 22:11:02','updateStudentClassInfoObjects','StudentService',2,'2013-05-10 19:11:03'),(3,1,'2013-05-10 22:22:37','updateStudentSubjectList','StudentService',2,'2013-05-10 19:22:37');
/*!40000 ALTER TABLE `business_audit` ENABLE KEYS */;
UNLOCK TABLES;

--
-- Table structure for table `parent_donation`
--

DROP TABLE IF EXISTS `parent_donation`;
/*!40101 SET @saved_cs_client     = @@character_set_client */;
/*!40101 SET character_set_client = utf8 */;
CREATE TABLE `parent_donation` (
  `PARENT_DONATION_ID` int(11) NOT NULL AUTO_INCREMENT,
  `PARENT_ID` int(11) NOT NULL,
  `DONATION_ID` int(11) NOT NULL,
  `MODIFIED_TIME` timestamp NOT NULL DEFAULT CURRENT_TIMESTAMP ON UPDATE CURRENT_TIMESTAMP,
  PRIMARY KEY (`PARENT_DONATION_ID`),
  UNIQUE KEY `UC_PARENT_DONATION` (`PARENT_ID`,`DONATION_ID`),
  KEY `fk_PARENT_DONATION_DONATION1` (`DONATION_ID`),
  KEY `fk_PARENT_DONATION_PARENT1` (`PARENT_ID`),
  CONSTRAINT `fk_PARENT_DONATION_PARENT1` FOREIGN KEY (`PARENT_ID`) REFERENCES `parent` (`PARENT_ID`) ON UPDATE CASCADE,
  CONSTRAINT `fk_PARENT_DONATION_DONATION1` FOREIGN KEY (`DONATION_ID`) REFERENCES `donation` (`DONATION_ID`) ON DELETE CASCADE ON UPDATE CASCADE
) ENGINE=InnoDB DEFAULT CHARSET=latin1;
/*!40101 SET character_set_client = @saved_cs_client */;

--
-- Dumping data for table `parent_donation`
--

LOCK TABLES `parent_donation` WRITE;
/*!40000 ALTER TABLE `parent_donation` DISABLE KEYS */;
/*!40000 ALTER TABLE `parent_donation` ENABLE KEYS */;
UNLOCK TABLES;

--
-- Table structure for table `civil_status`
--

DROP TABLE IF EXISTS `civil_status`;
/*!40101 SET @saved_cs_client     = @@character_set_client */;
/*!40101 SET character_set_client = utf8 */;
CREATE TABLE `civil_status` (
  `CIVIL_STATUS_ID` int(11) NOT NULL AUTO_INCREMENT,
  `DESCRIPTION` varchar(45) NOT NULL,
  `MODIFIED_TIME` timestamp NOT NULL DEFAULT CURRENT_TIMESTAMP ON UPDATE CURRENT_TIMESTAMP,
  PRIMARY KEY (`CIVIL_STATUS_ID`)
) ENGINE=InnoDB AUTO_INCREMENT=4 DEFAULT CHARSET=latin1;
/*!40101 SET character_set_client = @saved_cs_client */;

--
-- Dumping data for table `civil_status`
--

LOCK TABLES `civil_status` WRITE;
/*!40000 ALTER TABLE `civil_status` DISABLE KEYS */;
INSERT INTO `civil_status` VALUES (1,'Married','2013-05-08 16:50:08'),(2,'Un married','2013-05-08 16:50:08'),(3,'Nun','2013-05-08 16:50:08');
/*!40000 ALTER TABLE `civil_status` ENABLE KEYS */;
UNLOCK TABLES;

--
-- Table structure for table `daily_student_attendance`
--

DROP TABLE IF EXISTS `daily_student_attendance`;
/*!40101 SET @saved_cs_client     = @@character_set_client */;
/*!40101 SET character_set_client = utf8 */;
CREATE TABLE `daily_student_attendance` (
  `DAILY_STUDENT_ATTENDANCE_ID` int(11) NOT NULL AUTO_INCREMENT,
  `STUDENT_ID` int(11) NOT NULL,
  `DATE` date NOT NULL,
  `TIME_IN` time NOT NULL,
  `TIME_OUT` time NOT NULL,
  `MODIFIED_TIME` timestamp NOT NULL DEFAULT CURRENT_TIMESTAMP ON UPDATE CURRENT_TIMESTAMP,
  PRIMARY KEY (`DAILY_STUDENT_ATTENDANCE_ID`),
  KEY `fk_STUDENT_DAILY_ATTENDANCE` (`STUDENT_ID`),
  CONSTRAINT `fk_STUDENT_DAILY_ATTENDANCE` FOREIGN KEY (`STUDENT_ID`) REFERENCES `student` (`STUDENT_ID`) ON DELETE CASCADE ON UPDATE CASCADE
) ENGINE=InnoDB AUTO_INCREMENT=8 DEFAULT CHARSET=latin1;
/*!40101 SET character_set_client = @saved_cs_client */;

--
-- Dumping data for table `daily_student_attendance`
--

LOCK TABLES `daily_student_attendance` WRITE;
/*!40000 ALTER TABLE `daily_student_attendance` DISABLE KEYS */;
INSERT INTO `daily_student_attendance` VALUES (1,1,'2013-05-10','07:30:00','13:30:00','2013-05-10 18:50:25'),(2,146,'2013-05-10','07:30:00','13:30:00','2013-05-10 18:50:25'),(3,147,'2013-05-10','07:30:00','13:30:00','2013-05-10 18:50:25'),(4,145,'2013-05-10','07:30:00','13:30:00','2013-05-10 18:50:25'),(5,1,'2013-05-09','07:30:00','13:30:00','2013-05-10 18:51:11'),(6,146,'2013-05-09','07:30:00','13:30:00','2013-05-10 18:51:12'),(7,145,'2013-05-09','07:30:00','13:30:00','2013-05-10 18:51:12');
/*!40000 ALTER TABLE `daily_student_attendance` ENABLE KEYS */;
UNLOCK TABLES;

--
-- Table structure for table `sub_term`
--

DROP TABLE IF EXISTS `sub_term`;
/*!40101 SET @saved_cs_client     = @@character_set_client */;
/*!40101 SET character_set_client = utf8 */;
CREATE TABLE `sub_term` (
  `SUB_TERM_ID` int(11) NOT NULL AUTO_INCREMENT,
  `TERM_ID` int(11) NOT NULL,
  `DESCRIPTION` varchar(45) NOT NULL,
  `FROM_MONTH` date NOT NULL,
  `TO_MONTH` date NOT NULL,
  `MODIFIED_TIME` timestamp NOT NULL DEFAULT CURRENT_TIMESTAMP ON UPDATE CURRENT_TIMESTAMP,
  PRIMARY KEY (`SUB_TERM_ID`),
  KEY `fk_SUB_TERM_TERM` (`TERM_ID`),
  CONSTRAINT `fk_SUB_TERM_TERM` FOREIGN KEY (`TERM_ID`) REFERENCES `term` (`TERM_ID`) ON UPDATE CASCADE
) ENGINE=InnoDB DEFAULT CHARSET=latin1;
/*!40101 SET character_set_client = @saved_cs_client */;

--
-- Dumping data for table `sub_term`
--

LOCK TABLES `sub_term` WRITE;
/*!40000 ALTER TABLE `sub_term` DISABLE KEYS */;
/*!40000 ALTER TABLE `sub_term` ENABLE KEYS */;
UNLOCK TABLES;

--
-- Table structure for table `past_student`
--

DROP TABLE IF EXISTS `past_student`;
/*!40101 SET @saved_cs_client     = @@character_set_client */;
/*!40101 SET character_set_client = utf8 */;
CREATE TABLE `past_student` (
  `PAST_STUDENT_ID` int(11) NOT NULL AUTO_INCREMENT,
  `STUDENT_ID` int(11) NOT NULL,
  `DEPARTURE_DATE` date NOT NULL,
  `REASON` varchar(250) NOT NULL,
  `COMPLETE_CLEARANCE` tinyint(4) DEFAULT '0',
  `ADMISSION_DATE` date NOT NULL,
  `MODIFIED_TIME` timestamp NOT NULL DEFAULT CURRENT_TIMESTAMP ON UPDATE CURRENT_TIMESTAMP,
  PRIMARY KEY (`PAST_STUDENT_ID`),
  KEY `fk_PAST_STUDENT_STUDENT1` (`STUDENT_ID`),
  CONSTRAINT `fk_PAST_STUDENT_STUDENT1` FOREIGN KEY (`STUDENT_ID`) REFERENCES `student` (`STUDENT_ID`) ON UPDATE CASCADE
) ENGINE=InnoDB DEFAULT CHARSET=latin1;
/*!40101 SET character_set_client = @saved_cs_client */;

--
-- Dumping data for table `past_student`
--

LOCK TABLES `past_student` WRITE;
/*!40000 ALTER TABLE `past_student` DISABLE KEYS */;
/*!40000 ALTER TABLE `past_student` ENABLE KEYS */;
UNLOCK TABLES;

--
-- Table structure for table `exam_admissions`
--

DROP TABLE IF EXISTS `exam_admissions`;
/*!40101 SET @saved_cs_client     = @@character_set_client */;
/*!40101 SET character_set_client = utf8 */;
CREATE TABLE `exam_admissions` (
  `EXAM_ADMISSION_ID` int(11) NOT NULL AUTO_INCREMENT,
  `STUDENT_ID` int(11) NOT NULL,
  `ADMISSION_NO` varchar(45) NOT NULL,
  `EXAM_ID` int(11) NOT NULL,
  `YEAR` date NOT NULL,
  `MODIFIED_TIME` timestamp NOT NULL DEFAULT CURRENT_TIMESTAMP ON UPDATE CURRENT_TIMESTAMP,
  PRIMARY KEY (`EXAM_ADMISSION_ID`),
  KEY `fk_EXAM_ADMISSION_STUDENT1` (`STUDENT_ID`),
  KEY `fk_EXAM_ADMISSION_EXAM1` (`EXAM_ID`),
  CONSTRAINT `fk_EXAM_ADMISSION_STUDENT1` FOREIGN KEY (`STUDENT_ID`) REFERENCES `student` (`STUDENT_ID`) ON DELETE NO ACTION ON UPDATE NO ACTION,
  CONSTRAINT `fk_EXAM_ADMISSION_EXAM1` FOREIGN KEY (`EXAM_ID`) REFERENCES `exam` (`EXAM_ID`) ON DELETE NO ACTION ON UPDATE NO ACTION
) ENGINE=InnoDB DEFAULT CHARSET=latin1;
/*!40101 SET character_set_client = @saved_cs_client */;

--
-- Dumping data for table `exam_admissions`
--

LOCK TABLES `exam_admissions` WRITE;
/*!40000 ALTER TABLE `exam_admissions` DISABLE KEYS */;
/*!40000 ALTER TABLE `exam_admissions` ENABLE KEYS */;
UNLOCK TABLES;

--
-- Table structure for table `holiday`
--

DROP TABLE IF EXISTS `holiday`;
/*!40101 SET @saved_cs_client     = @@character_set_client */;
/*!40101 SET character_set_client = utf8 */;
CREATE TABLE `holiday` (
  `HOLIDAY_ID` int(11) NOT NULL AUTO_INCREMENT,
  `DESCRIPTION` varchar(50) NOT NULL,
  `MODIFIED_TIME` timestamp NOT NULL DEFAULT CURRENT_TIMESTAMP ON UPDATE CURRENT_TIMESTAMP,
  `START_DATE` date NOT NULL,
  `END_DATE` date NOT NULL,
  PRIMARY KEY (`HOLIDAY_ID`)
) ENGINE=InnoDB DEFAULT CHARSET=latin1;
/*!40101 SET character_set_client = @saved_cs_client */;

--
-- Dumping data for table `holiday`
--

LOCK TABLES `holiday` WRITE;
/*!40000 ALTER TABLE `holiday` DISABLE KEYS */;
/*!40000 ALTER TABLE `holiday` ENABLE KEYS */;
UNLOCK TABLES;

--
-- Table structure for table `student_parent`
--

DROP TABLE IF EXISTS `student_parent`;
/*!40101 SET @saved_cs_client     = @@character_set_client */;
/*!40101 SET character_set_client = utf8 */;
CREATE TABLE `student_parent` (
  `STUDENT_PARENT_ID` int(11) NOT NULL AUTO_INCREMENT,
  `STUDENT_ID` int(11) NOT NULL,
  `PARENT_ID` int(11) NOT NULL,
  `RELATIONSHIP` char(1) NOT NULL COMMENT 'F- FATHER\nM-MOTHER\nG-GUARDIAN',
  `MODIFIED_TIME` timestamp NOT NULL DEFAULT CURRENT_TIMESTAMP ON UPDATE CURRENT_TIMESTAMP,
  `DELETED` tinyint(4) DEFAULT '0',
  PRIMARY KEY (`STUDENT_PARENT_ID`),
  UNIQUE KEY `UC_STUDENT_PARENT` (`STUDENT_ID`,`PARENT_ID`),
  UNIQUE KEY `UC_STUDENT_PARENT_RELATIONSHIP` (`STUDENT_ID`,`RELATIONSHIP`),
  KEY `fk_STUDENT_PARENT_PARENT1` (`PARENT_ID`),
  KEY `fk_STUDENT_PARENT_STUDENT1` (`STUDENT_ID`),
  CONSTRAINT `fk_STUDENT_PARENT_PARENT1` FOREIGN KEY (`PARENT_ID`) REFERENCES `parent` (`PARENT_ID`) ON UPDATE CASCADE,
  CONSTRAINT `fk_STUDENT_PARENT_STUDENT1` FOREIGN KEY (`STUDENT_ID`) REFERENCES `student` (`STUDENT_ID`) ON DELETE CASCADE ON UPDATE CASCADE
) ENGINE=InnoDB DEFAULT CHARSET=latin1;
/*!40101 SET character_set_client = @saved_cs_client */;

--
-- Dumping data for table `student_parent`
--

LOCK TABLES `student_parent` WRITE;
/*!40000 ALTER TABLE `student_parent` DISABLE KEYS */;
/*!40000 ALTER TABLE `student_parent` ENABLE KEYS */;
UNLOCK TABLES;

--
-- Table structure for table `method_of_travel`
--

DROP TABLE IF EXISTS `method_of_travel`;
/*!40101 SET @saved_cs_client     = @@character_set_client */;
/*!40101 SET character_set_client = utf8 */;
CREATE TABLE `method_of_travel` (
  `TRAVEL_ID` int(11) NOT NULL AUTO_INCREMENT,
  `TRAVEL_METHOD` varchar(45) NOT NULL,
  `MODIFIED_TIME` timestamp NOT NULL DEFAULT CURRENT_TIMESTAMP ON UPDATE CURRENT_TIMESTAMP,
  PRIMARY KEY (`TRAVEL_ID`),
  UNIQUE KEY `TRAVEL_METHOD_UNIQUE` (`TRAVEL_METHOD`)
) ENGINE=InnoDB AUTO_INCREMENT=4 DEFAULT CHARSET=latin1;
/*!40101 SET character_set_client = @saved_cs_client */;

--
-- Dumping data for table `method_of_travel`
--

LOCK TABLES `method_of_travel` WRITE;
/*!40000 ALTER TABLE `method_of_travel` DISABLE KEYS */;
/*!40000 ALTER TABLE `method_of_travel` ENABLE KEYS */;
UNLOCK TABLES;

--
-- Table structure for table `faith_life_comment`
--

DROP TABLE IF EXISTS `faith_life_comment`;
/*!40101 SET @saved_cs_client     = @@character_set_client */;
/*!40101 SET character_set_client = utf8 */;
CREATE TABLE `faith_life_comment` (
  `FAITH_LIFE_COMMENT_ID` int(11) NOT NULL,
  `DESCRIPTION` varchar(400) NOT NULL,
  `FAITH_LIFE_CATEGORY_ID` int(11) NOT NULL,
  `MODIFIED_TIME` timestamp NOT NULL DEFAULT CURRENT_TIMESTAMP ON UPDATE CURRENT_TIMESTAMP,
  PRIMARY KEY (`FAITH_LIFE_COMMENT_ID`),
  KEY `fk_FAITH_LIFE_COMMENT_CATEGORY1` (`FAITH_LIFE_CATEGORY_ID`),
  CONSTRAINT `fk_FAITH_LIFE_COMMENT_CATEGORY1` FOREIGN KEY (`FAITH_LIFE_CATEGORY_ID`) REFERENCES `faith_life_category` (`FAITH_LIFE_CATEGORY_ID`) ON DELETE CASCADE ON UPDATE CASCADE
) ENGINE=InnoDB DEFAULT CHARSET=latin1;
/*!40101 SET character_set_client = @saved_cs_client */;

--
-- Dumping data for table `faith_life_comment`
--

LOCK TABLES `faith_life_comment` WRITE;
/*!40000 ALTER TABLE `faith_life_comment` DISABLE KEYS */;
INSERT INTO `faith_life_comment` VALUES (1,'gets along well with other children',2,'2012-01-03 08:40:26'),(2,'accepts responsibility',2,'2012-01-03 08:40:26'),(3,'cooperates well',2,'2012-01-03 08:40:26'),(4,'helps others',2,'2012-01-03 08:40:26'),(5,'possesses good self-discipline',2,'2012-01-03 08:40:26'),(6,'Need to improve respect for others',3,'2012-01-03 08:40:26'),(7,'Interrupts others',3,'2012-01-03 08:40:26'),(8,'displays an excellent attitude',4,'2012-01-03 08:40:26'),(9,'attitude toward school is excellent',4,'2012-01-03 08:40:26'),(10,'participates well in class',5,'2012-01-03 08:40:26'),(11,'volunteers often',5,'2012-01-03 08:40:26'),(12,'willing to take part in all classroom activities',5,'2012-01-03 08:40:26'),(13,'is an attentive student',6,'2012-01-03 08:40:26'),(14,'is gaining self-confidence',6,'2012-01-03 08:40:26'),(15,'work habits are improving',6,'2012-01-03 08:40:26');
/*!40000 ALTER TABLE `faith_life_comment` ENABLE KEYS */;
UNLOCK TABLES;

--
-- Table structure for table `assignment`
--

DROP TABLE IF EXISTS `assignment`;
/*!40101 SET @saved_cs_client     = @@character_set_client */;
/*!40101 SET character_set_client = utf8 */;
CREATE TABLE `assignment` (
  `ASSIGNMENT_ID` int(11) NOT NULL AUTO_INCREMENT,
  `GRADE_SUBJECT_ID` int(11) NOT NULL,
  `NAME` varchar(45) NOT NULL,
  `DATE` date NOT NULL,
  `DESCRIPTION` varchar(250) DEFAULT NULL,
  `IS_MARKS` tinyint(4) NOT NULL DEFAULT '0',
  `MODIFIED_TIME` timestamp NOT NULL DEFAULT CURRENT_TIMESTAMP ON UPDATE CURRENT_TIMESTAMP,
  PRIMARY KEY (`ASSIGNMENT_ID`),
  KEY `fk_ASSIGNMENT_GRADE_SUBJECT` (`GRADE_SUBJECT_ID`),
  CONSTRAINT `fk_ASSIGNMENT_GRADE_SUBJECT` FOREIGN KEY (`GRADE_SUBJECT_ID`) REFERENCES `grade_subject` (`GRADE_SUBJECT_ID`) ON DELETE CASCADE ON UPDATE CASCADE
) ENGINE=InnoDB AUTO_INCREMENT=2 DEFAULT CHARSET=latin1;
/*!40101 SET character_set_client = @saved_cs_client */;

--
-- Dumping data for table `assignment`
--

LOCK TABLES `assignment` WRITE;
/*!40000 ALTER TABLE `assignment` DISABLE KEYS */;
INSERT INTO `assignment` VALUES (1,1,'Take Away','2013-05-31','This is added',1,'2013-05-10 19:31:32');
/*!40000 ALTER TABLE `assignment` ENABLE KEYS */;
UNLOCK TABLES;

--
-- Table structure for table `student_term_mark`
--

DROP TABLE IF EXISTS `student_term_mark`;
/*!40101 SET @saved_cs_client     = @@character_set_client */;
/*!40101 SET character_set_client = utf8 */;
CREATE TABLE `student_term_mark` (
  `STUDENT_TERM_MARKS_ID` int(11) NOT NULL AUTO_INCREMENT,
  `STUDENT_CLASS_INFO_ID` int(11) NOT NULL,
  `GRADE_SUBJECT_ID` int(11) NOT NULL,
  `TERM_ID` int(11) NOT NULL,
  `MARKS` float DEFAULT NULL,
  `COMMENTS` varchar(45) DEFAULT NULL,
  `MERIT_AWARDS_ID` int(11) DEFAULT NULL,
  `IS_ABSENT` tinyint(4) DEFAULT '0',
  `MODIFIED_TIME` timestamp NOT NULL DEFAULT CURRENT_TIMESTAMP ON UPDATE CURRENT_TIMESTAMP,
  `EDIT_MARK_STATE` tinyint(4) DEFAULT '0',
  PRIMARY KEY (`STUDENT_TERM_MARKS_ID`),
  UNIQUE KEY `STUDENT_TERM_MARKS_ID_UNIQUE` (`STUDENT_TERM_MARKS_ID`),
  UNIQUE KEY `UC_STCLSINFO_GRDSUB_TERM` (`STUDENT_CLASS_INFO_ID`,`GRADE_SUBJECT_ID`,`TERM_ID`),
  KEY `fk_STUDENT_CLASS_INFO_GRADE_SUBJECT_GRADE_SUBJECT1` (`GRADE_SUBJECT_ID`),
  KEY `fk_STUDENT_CLASS_INFO_GRADE_SUBJECT_STUDENT_CLASS_INFO1` (`STUDENT_CLASS_INFO_ID`),
  KEY `fk_STUDENT_TERM_MARKS_TERM1` (`TERM_ID`),
  KEY `fk_STUDENT_TERM_MARKS_MERIT_AWARDS1` (`MERIT_AWARDS_ID`),
  CONSTRAINT `fk_STUDENT_CLASS_INFO_GRADE_SUBJECT_GRADE_SUBJECT1` FOREIGN KEY (`GRADE_SUBJECT_ID`) REFERENCES `grade_subject` (`GRADE_SUBJECT_ID`) ON UPDATE CASCADE,
  CONSTRAINT `fk_STUDENT_CLASS_INFO_GRADE_SUBJECT_STUDENT_CLASS_INFO1` FOREIGN KEY (`STUDENT_CLASS_INFO_ID`) REFERENCES `student_class_info` (`STUDENT_CLASS_INFO_ID`) ON UPDATE CASCADE,
  CONSTRAINT `fk_STUDENT_TERM_MARKS_MERIT_AWARDS1` FOREIGN KEY (`MERIT_AWARDS_ID`) REFERENCES `merit_award` (`MERIT_AWARDS_ID`) ON UPDATE CASCADE,
  CONSTRAINT `fk_STUDENT_TERM_MARKS_TERM1` FOREIGN KEY (`TERM_ID`) REFERENCES `term` (`TERM_ID`) ON UPDATE CASCADE
) ENGINE=InnoDB AUTO_INCREMENT=649 DEFAULT CHARSET=latin1;
/*!40101 SET character_set_client = @saved_cs_client */;

--
-- Dumping data for table `student_term_mark`
--

LOCK TABLES `student_term_mark` WRITE;
/*!40000 ALTER TABLE `student_term_mark` DISABLE KEYS */;
INSERT INTO `student_term_mark` VALUES (1,61,1,1,50,NULL,NULL,0,'2013-05-10 19:22:37',1),(2,61,2,1,0,NULL,NULL,0,'2013-05-10 19:15:28',0),(3,61,3,1,0,NULL,NULL,0,'2013-05-10 19:15:28',0),(4,59,1,1,10,NULL,NULL,0,'2013-05-10 19:22:37',1),(5,59,2,1,0,NULL,NULL,0,'2013-05-10 19:15:28',0),(6,59,3,1,0,NULL,NULL,0,'2013-05-10 19:15:28',0),(7,17,1,1,25,NULL,NULL,0,'2013-05-10 19:22:37',1),(8,17,2,1,0,NULL,NULL,0,'2013-05-10 19:15:28',0),(9,17,3,1,0,NULL,NULL,0,'2013-05-10 19:15:28',0),(10,8,1,1,28,NULL,NULL,0,'2013-05-10 19:22:37',1),(11,8,2,1,0,NULL,NULL,0,'2013-05-10 19:15:28',0),(12,8,3,1,0,NULL,NULL,0,'2013-05-10 19:15:28',0),(13,30,1,1,26,NULL,NULL,0,'2013-05-10 19:22:37',1),(14,30,2,1,0,NULL,NULL,0,'2013-05-10 19:15:28',0),(15,30,3,1,0,NULL,NULL,0,'2013-05-10 19:15:28',0),(16,10,1,1,35,NULL,NULL,0,'2013-05-10 19:22:37',1),(17,10,2,1,0,NULL,NULL,0,'2013-05-10 19:15:28',0),(18,10,3,1,0,NULL,NULL,0,'2013-05-10 19:15:28',0),(19,23,1,1,22,NULL,NULL,0,'2013-05-10 19:22:37',1),(20,23,2,1,0,NULL,NULL,0,'2013-05-10 19:15:28',0),(21,23,3,1,0,NULL,NULL,0,'2013-05-10 19:15:28',0),(22,65,1,1,92,NULL,NULL,0,'2013-05-10 19:22:37',1),(23,65,2,1,0,NULL,NULL,0,'2013-05-10 19:15:28',0),(24,65,3,1,0,NULL,NULL,0,'2013-05-10 19:15:28',0),(25,29,1,1,23,NULL,NULL,0,'2013-05-10 19:22:37',1),(26,29,2,1,0,NULL,NULL,0,'2013-05-10 19:15:28',0),(27,29,3,1,0,NULL,NULL,0,'2013-05-10 19:15:28',0),(28,67,1,1,56,NULL,NULL,0,'2013-05-10 19:22:37',1),(29,67,2,1,0,NULL,NULL,0,'2013-05-10 19:15:28',0),(30,67,3,1,0,NULL,NULL,0,'2013-05-10 19:15:28',0),(31,33,1,1,24,NULL,NULL,0,'2013-05-10 19:22:37',1),(32,33,2,1,0,NULL,NULL,0,'2013-05-10 19:15:28',0),(33,33,3,1,0,NULL,NULL,0,'2013-05-10 19:15:28',0),(34,55,1,1,45,NULL,NULL,0,'2013-05-10 19:22:37',1),(35,55,2,1,0,NULL,NULL,0,'2013-05-10 19:15:28',0),(36,55,3,1,0,NULL,NULL,0,'2013-05-10 19:15:28',0),(37,46,1,1,27,NULL,NULL,0,'2013-05-10 19:22:37',1),(38,46,2,1,0,NULL,NULL,0,'2013-05-10 19:15:28',0),(39,46,3,1,0,NULL,NULL,0,'2013-05-10 19:15:28',0),(40,60,1,1,12,NULL,NULL,0,'2013-05-10 19:22:37',1),(41,60,2,1,0,NULL,NULL,0,'2013-05-10 19:15:28',0),(42,60,3,1,0,NULL,NULL,0,'2013-05-10 19:15:28',0),(43,47,1,1,1,NULL,NULL,0,'2013-05-10 19:22:37',1),(44,47,2,1,0,NULL,NULL,0,'2013-05-10 19:15:28',0),(45,47,3,1,0,NULL,NULL,0,'2013-05-10 19:15:28',0),(46,43,1,1,39,NULL,NULL,0,'2013-05-10 19:22:37',1),(47,43,2,1,0,NULL,NULL,0,'2013-05-10 19:15:28',0),(48,43,3,1,0,NULL,NULL,0,'2013-05-10 19:15:28',0),(49,11,1,1,25,NULL,NULL,0,'2013-05-10 19:22:37',1),(50,11,2,1,0,NULL,NULL,0,'2013-05-10 19:15:28',0),(51,11,3,1,0,NULL,NULL,0,'2013-05-10 19:15:28',0),(52,19,1,1,1,NULL,NULL,0,'2013-05-10 19:22:37',1),(53,19,2,1,0,NULL,NULL,0,'2013-05-10 19:15:28',0),(54,19,3,1,0,NULL,NULL,0,'2013-05-10 19:15:28',0),(55,6,1,1,4,NULL,NULL,0,'2013-05-10 19:22:37',1),(56,6,2,1,0,NULL,NULL,0,'2013-05-10 19:15:28',0),(57,6,3,1,0,NULL,NULL,0,'2013-05-10 19:15:28',0),(58,62,1,1,90,NULL,NULL,0,'2013-05-10 19:22:37',1),(59,62,2,1,0,NULL,NULL,0,'2013-05-10 19:15:28',0),(60,62,3,1,0,NULL,NULL,0,'2013-05-10 19:15:29',0),(61,37,1,1,41,NULL,NULL,0,'2013-05-10 19:22:37',1),(62,37,2,1,0,NULL,NULL,0,'2013-05-10 19:15:29',0),(63,37,3,1,0,NULL,NULL,0,'2013-05-10 19:15:29',0),(64,24,1,1,89,NULL,NULL,0,'2013-05-10 19:22:37',1),(65,24,2,1,0,NULL,NULL,0,'2013-05-10 19:15:29',0),(66,24,3,1,0,NULL,NULL,0,'2013-05-10 19:15:29',0),(67,4,1,1,9,NULL,NULL,0,'2013-05-10 19:22:37',1),(68,4,2,1,0,NULL,NULL,0,'2013-05-10 19:15:29',0),(69,4,3,1,0,NULL,NULL,0,'2013-05-10 19:15:29',0),(70,21,1,1,78,NULL,NULL,0,'2013-05-10 19:22:37',1),(71,21,2,1,0,NULL,NULL,0,'2013-05-10 19:15:29',0),(72,21,3,1,0,NULL,NULL,0,'2013-05-10 19:15:29',0),(73,42,1,1,56,NULL,NULL,0,'2013-05-10 19:22:37',1),(74,42,2,1,0,NULL,NULL,0,'2013-05-10 19:15:29',0),(75,42,3,1,0,NULL,NULL,0,'2013-05-10 19:15:29',0),(76,64,1,1,45,NULL,NULL,0,'2013-05-10 19:22:37',1),(77,64,2,1,0,NULL,NULL,0,'2013-05-10 19:15:29',0),(78,64,3,1,0,NULL,NULL,0,'2013-05-10 19:15:29',0),(79,35,1,1,56,NULL,NULL,0,'2013-05-10 19:22:37',1),(80,35,2,1,0,NULL,NULL,0,'2013-05-10 19:15:29',0),(81,35,3,1,0,NULL,NULL,0,'2013-05-10 19:15:29',0),(82,25,1,1,12,NULL,NULL,0,'2013-05-10 19:22:37',1),(83,25,2,1,0,NULL,NULL,0,'2013-05-10 19:15:29',0),(84,25,3,1,0,NULL,NULL,0,'2013-05-10 19:15:29',0),(85,51,1,1,9,NULL,NULL,0,'2013-05-10 19:22:37',1),(86,51,2,1,0,NULL,NULL,0,'2013-05-10 19:15:29',0),(87,51,3,1,0,NULL,NULL,0,'2013-05-10 19:15:29',0),(88,32,1,1,85,NULL,NULL,0,'2013-05-10 19:22:37',1),(89,32,2,1,0,NULL,NULL,0,'2013-05-10 19:15:29',0),(90,32,3,1,0,NULL,NULL,0,'2013-05-10 19:15:29',0),(91,49,1,1,20,NULL,NULL,0,'2013-05-10 19:22:37',1),(92,49,2,1,0,NULL,NULL,0,'2013-05-10 19:15:29',0),(93,49,3,1,0,NULL,NULL,0,'2013-05-10 19:15:29',0),(94,57,1,1,14,NULL,NULL,0,'2013-05-10 19:22:37',1),(95,57,2,1,0,NULL,NULL,0,'2013-05-10 19:15:29',0),(96,57,3,1,0,NULL,NULL,0,'2013-05-10 19:15:29',0),(97,41,1,1,74,NULL,NULL,0,'2013-05-10 19:22:37',1),(98,41,2,1,0,NULL,NULL,0,'2013-05-10 19:15:29',0),(99,41,3,1,0,NULL,NULL,0,'2013-05-10 19:15:29',0),(100,13,1,1,58,NULL,NULL,0,'2013-05-10 19:22:37',1),(101,13,2,1,0,NULL,NULL,0,'2013-05-10 19:15:29',0),(102,13,3,1,0,NULL,NULL,0,'2013-05-10 19:15:29',0),(103,22,1,1,74,NULL,NULL,0,'2013-05-10 19:22:37',1),(104,22,2,1,0,NULL,NULL,0,'2013-05-10 19:15:29',0),(105,22,3,1,0,NULL,NULL,0,'2013-05-10 19:15:29',0),(106,15,1,1,5,NULL,NULL,0,'2013-05-10 19:22:37',1),(107,15,2,1,0,NULL,NULL,0,'2013-05-10 19:15:29',0),(108,15,3,1,0,NULL,NULL,0,'2013-05-10 19:15:29',0),(109,71,1,1,6,NULL,NULL,0,'2013-05-10 19:22:37',1),(110,71,2,1,0,NULL,NULL,0,'2013-05-10 19:15:29',0),(111,71,3,1,0,NULL,NULL,0,'2013-05-10 19:15:29',0),(112,9,1,1,23,NULL,NULL,0,'2013-05-10 19:22:37',1),(113,9,2,1,0,NULL,NULL,0,'2013-05-10 19:15:29',0),(114,9,3,1,0,NULL,NULL,0,'2013-05-10 19:15:29',0),(115,66,1,1,45,NULL,NULL,0,'2013-05-10 19:22:37',1),(116,66,2,1,0,NULL,NULL,0,'2013-05-10 19:15:29',0),(117,66,3,1,0,NULL,NULL,0,'2013-05-10 19:15:29',0),(118,3,1,1,4,NULL,NULL,0,'2013-05-10 19:22:37',1),(119,3,2,1,0,NULL,NULL,0,'2013-05-10 19:15:29',0),(120,3,3,1,0,NULL,NULL,0,'2013-05-10 19:15:29',0),(121,31,1,1,1,NULL,NULL,0,'2013-05-10 19:22:37',1),(122,31,2,1,0,NULL,NULL,0,'2013-05-10 19:15:29',0),(123,31,3,1,0,NULL,NULL,0,'2013-05-10 19:15:29',0),(124,28,1,1,25,NULL,NULL,0,'2013-05-10 19:22:37',1),(125,28,2,1,0,NULL,NULL,0,'2013-05-10 19:15:29',0),(126,28,3,1,0,NULL,NULL,0,'2013-05-10 19:15:29',0),(127,20,1,1,14,NULL,NULL,0,'2013-05-10 19:22:37',1),(128,20,2,1,0,NULL,NULL,0,'2013-05-10 19:15:29',0),(129,20,3,1,0,NULL,NULL,0,'2013-05-10 19:15:29',0),(130,63,1,1,14,NULL,NULL,0,'2013-05-10 19:22:37',1),(131,63,2,1,0,NULL,NULL,0,'2013-05-10 19:15:29',0),(132,63,3,1,0,NULL,NULL,0,'2013-05-10 19:15:29',0),(133,34,1,1,5,NULL,NULL,0,'2013-05-10 19:22:37',1),(134,34,2,1,0,NULL,NULL,0,'2013-05-10 19:15:29',0),(135,34,3,1,0,NULL,NULL,0,'2013-05-10 19:15:29',0),(136,26,1,1,4,NULL,NULL,0,'2013-05-10 19:22:37',1),(137,26,2,1,0,NULL,NULL,0,'2013-05-10 19:15:29',0),(138,26,3,1,0,NULL,NULL,0,'2013-05-10 19:15:29',0),(139,7,1,1,7,NULL,NULL,0,'2013-05-10 19:22:37',1),(140,7,2,1,0,NULL,NULL,0,'2013-05-10 19:15:29',0),(141,7,3,1,0,NULL,NULL,0,'2013-05-10 19:15:29',0),(142,16,1,1,8,NULL,NULL,0,'2013-05-10 19:22:37',1),(143,16,2,1,0,NULL,NULL,0,'2013-05-10 19:15:29',0),(144,16,3,1,0,NULL,NULL,0,'2013-05-10 19:15:29',0),(145,72,1,1,4,NULL,NULL,0,'2013-05-10 19:22:37',1),(146,72,2,1,0,NULL,NULL,0,'2013-05-10 19:15:29',0),(147,72,3,1,0,NULL,NULL,0,'2013-05-10 19:15:29',0),(148,12,1,1,98,NULL,NULL,0,'2013-05-10 19:22:37',1),(149,12,2,1,0,NULL,NULL,0,'2013-05-10 19:15:29',0),(150,12,3,1,0,NULL,NULL,0,'2013-05-10 19:15:29',0),(151,44,1,1,78,NULL,NULL,0,'2013-05-10 19:22:37',1),(152,44,2,1,0,NULL,NULL,0,'2013-05-10 19:15:29',0),(153,44,3,1,0,NULL,NULL,0,'2013-05-10 19:15:29',0),(154,2,1,1,6,NULL,NULL,0,'2013-05-10 19:22:37',1),(155,2,2,1,0,NULL,NULL,0,'2013-05-10 19:15:29',0),(156,2,3,1,0,NULL,NULL,0,'2013-05-10 19:15:29',0),(157,50,1,1,7,NULL,NULL,0,'2013-05-10 19:22:37',1),(158,50,2,1,0,NULL,NULL,0,'2013-05-10 19:15:29',0),(159,50,3,1,0,NULL,NULL,0,'2013-05-10 19:15:29',0),(160,70,1,1,6,NULL,NULL,0,'2013-05-10 19:22:37',1),(161,70,2,1,0,NULL,NULL,0,'2013-05-10 19:15:29',0),(162,70,3,1,0,NULL,NULL,0,'2013-05-10 19:15:29',0),(163,48,1,1,7,NULL,NULL,0,'2013-05-10 19:22:37',1),(164,48,2,1,0,NULL,NULL,0,'2013-05-10 19:15:29',0),(165,48,3,1,0,NULL,NULL,0,'2013-05-10 19:15:29',0),(166,58,1,1,66,NULL,NULL,0,'2013-05-10 19:22:37',1),(167,58,2,1,0,NULL,NULL,0,'2013-05-10 19:15:29',0),(168,58,3,1,0,NULL,NULL,0,'2013-05-10 19:15:29',0),(169,52,1,1,56,NULL,NULL,0,'2013-05-10 19:22:37',1),(170,52,2,1,0,NULL,NULL,0,'2013-05-10 19:15:29',0),(171,52,3,1,0,NULL,NULL,0,'2013-05-10 19:15:29',0),(172,68,1,1,45,NULL,NULL,0,'2013-05-10 19:22:37',1),(173,68,2,1,0,NULL,NULL,0,'2013-05-10 19:15:29',0),(174,68,3,1,0,NULL,NULL,0,'2013-05-10 19:15:29',0),(175,53,1,1,45,NULL,NULL,0,'2013-05-10 19:22:37',1),(176,53,2,1,0,NULL,NULL,0,'2013-05-10 19:15:29',0),(177,53,3,1,0,NULL,NULL,0,'2013-05-10 19:15:29',0),(178,36,1,1,67,NULL,NULL,0,'2013-05-10 19:22:37',1),(179,36,2,1,0,NULL,NULL,0,'2013-05-10 19:15:29',0),(180,36,3,1,0,NULL,NULL,0,'2013-05-10 19:15:29',0),(181,40,1,1,56,NULL,NULL,0,'2013-05-10 19:22:37',1),(182,40,2,1,0,NULL,NULL,0,'2013-05-10 19:15:29',0),(183,40,3,1,0,NULL,NULL,0,'2013-05-10 19:15:29',0),(184,5,1,1,57,NULL,NULL,0,'2013-05-10 19:22:37',1),(185,5,2,1,0,NULL,NULL,0,'2013-05-10 19:15:29',0),(186,5,3,1,0,NULL,NULL,0,'2013-05-10 19:15:29',0),(187,38,1,1,57,NULL,NULL,0,'2013-05-10 19:22:37',1),(188,38,2,1,0,NULL,NULL,0,'2013-05-10 19:15:29',0),(189,38,3,1,0,NULL,NULL,0,'2013-05-10 19:15:29',0),(190,56,1,1,57,NULL,NULL,0,'2013-05-10 19:22:37',1),(191,56,2,1,0,NULL,NULL,0,'2013-05-10 19:15:29',0),(192,56,3,1,0,NULL,NULL,0,'2013-05-10 19:15:29',0),(193,45,1,1,57,NULL,NULL,0,'2013-05-10 19:22:37',1),(194,45,2,1,0,NULL,NULL,0,'2013-05-10 19:15:29',0),(195,45,3,1,0,NULL,NULL,0,'2013-05-10 19:15:29',0),(196,1,1,1,57,NULL,NULL,0,'2013-05-10 19:22:37',1),(197,1,2,1,0,NULL,NULL,0,'2013-05-10 19:15:29',0),(198,1,3,1,0,NULL,NULL,0,'2013-05-10 19:15:29',0),(199,18,1,1,7,NULL,NULL,0,'2013-05-10 19:22:37',1),(200,18,2,1,0,NULL,NULL,0,'2013-05-10 19:15:29',0),(201,18,3,1,0,NULL,NULL,0,'2013-05-10 19:15:29',0),(202,54,1,1,7,NULL,NULL,0,'2013-05-10 19:22:37',1),(203,54,2,1,0,NULL,NULL,0,'2013-05-10 19:15:29',0),(204,54,3,1,0,NULL,NULL,0,'2013-05-10 19:15:29',0),(205,27,1,1,57,NULL,NULL,0,'2013-05-10 19:22:37',1),(206,27,2,1,0,NULL,NULL,0,'2013-05-10 19:15:29',0),(207,27,3,1,0,NULL,NULL,0,'2013-05-10 19:15:29',0),(208,14,1,1,7,NULL,NULL,0,'2013-05-10 19:22:37',1),(209,14,2,1,0,NULL,NULL,0,'2013-05-10 19:15:29',0),(210,14,3,1,0,NULL,NULL,0,'2013-05-10 19:15:29',0),(211,39,1,1,5,NULL,NULL,0,'2013-05-10 19:22:37',1),(212,39,2,1,0,NULL,NULL,0,'2013-05-10 19:15:29',0),(213,39,3,1,0,NULL,NULL,0,'2013-05-10 19:15:29',0),(214,69,1,1,7,NULL,NULL,0,'2013-05-10 19:22:37',1),(215,69,2,1,0,NULL,NULL,0,'2013-05-10 19:15:29',0),(216,69,3,1,0,NULL,NULL,0,'2013-05-10 19:15:29',0),(217,61,1,2,0,NULL,NULL,0,'2013-05-10 19:15:29',0),(218,61,2,2,0,NULL,NULL,0,'2013-05-10 19:15:29',0),(219,61,3,2,0,NULL,NULL,0,'2013-05-10 19:15:29',0),(220,59,1,2,0,NULL,NULL,0,'2013-05-10 19:15:29',0),(221,59,2,2,0,NULL,NULL,0,'2013-05-10 19:15:29',0),(222,59,3,2,0,NULL,NULL,0,'2013-05-10 19:15:29',0),(223,17,1,2,0,NULL,NULL,0,'2013-05-10 19:15:29',0),(224,17,2,2,0,NULL,NULL,0,'2013-05-10 19:15:29',0),(225,17,3,2,0,NULL,NULL,0,'2013-05-10 19:15:29',0),(226,8,1,2,0,NULL,NULL,0,'2013-05-10 19:15:29',0),(227,8,2,2,0,NULL,NULL,0,'2013-05-10 19:15:29',0),(228,8,3,2,0,NULL,NULL,0,'2013-05-10 19:15:29',0),(229,30,1,2,0,NULL,NULL,0,'2013-05-10 19:15:29',0),(230,30,2,2,0,NULL,NULL,0,'2013-05-10 19:15:29',0),(231,30,3,2,0,NULL,NULL,0,'2013-05-10 19:15:29',0),(232,10,1,2,0,NULL,NULL,0,'2013-05-10 19:15:29',0),(233,10,2,2,0,NULL,NULL,0,'2013-05-10 19:15:29',0),(234,10,3,2,0,NULL,NULL,0,'2013-05-10 19:15:29',0),(235,23,1,2,0,NULL,NULL,0,'2013-05-10 19:15:29',0),(236,23,2,2,0,NULL,NULL,0,'2013-05-10 19:15:29',0),(237,23,3,2,0,NULL,NULL,0,'2013-05-10 19:15:29',0),(238,65,1,2,0,NULL,NULL,0,'2013-05-10 19:15:29',0),(239,65,2,2,0,NULL,NULL,0,'2013-05-10 19:15:29',0),(240,65,3,2,0,NULL,NULL,0,'2013-05-10 19:15:29',0),(241,29,1,2,0,NULL,NULL,0,'2013-05-10 19:15:29',0),(242,29,2,2,0,NULL,NULL,0,'2013-05-10 19:15:29',0),(243,29,3,2,0,NULL,NULL,0,'2013-05-10 19:15:29',0),(244,67,1,2,0,NULL,NULL,0,'2013-05-10 19:15:29',0),(245,67,2,2,0,NULL,NULL,0,'2013-05-10 19:15:29',0),(246,67,3,2,0,NULL,NULL,0,'2013-05-10 19:15:29',0),(247,33,1,2,0,NULL,NULL,0,'2013-05-10 19:15:29',0),(248,33,2,2,0,NULL,NULL,0,'2013-05-10 19:15:29',0),(249,33,3,2,0,NULL,NULL,0,'2013-05-10 19:15:29',0),(250,55,1,2,0,NULL,NULL,0,'2013-05-10 19:15:29',0),(251,55,2,2,0,NULL,NULL,0,'2013-05-10 19:15:29',0),(252,55,3,2,0,NULL,NULL,0,'2013-05-10 19:15:29',0),(253,46,1,2,0,NULL,NULL,0,'2013-05-10 19:15:29',0),(254,46,2,2,0,NULL,NULL,0,'2013-05-10 19:15:29',0),(255,46,3,2,0,NULL,NULL,0,'2013-05-10 19:15:29',0),(256,60,1,2,0,NULL,NULL,0,'2013-05-10 19:15:29',0),(257,60,2,2,0,NULL,NULL,0,'2013-05-10 19:15:29',0),(258,60,3,2,0,NULL,NULL,0,'2013-05-10 19:15:29',0),(259,47,1,2,0,NULL,NULL,0,'2013-05-10 19:15:29',0),(260,47,2,2,0,NULL,NULL,0,'2013-05-10 19:15:29',0),(261,47,3,2,0,NULL,NULL,0,'2013-05-10 19:15:29',0),(262,43,1,2,0,NULL,NULL,0,'2013-05-10 19:15:29',0),(263,43,2,2,0,NULL,NULL,0,'2013-05-10 19:15:29',0),(264,43,3,2,0,NULL,NULL,0,'2013-05-10 19:15:29',0),(265,11,1,2,0,NULL,NULL,0,'2013-05-10 19:15:29',0),(266,11,2,2,0,NULL,NULL,0,'2013-05-10 19:15:29',0),(267,11,3,2,0,NULL,NULL,0,'2013-05-10 19:15:29',0),(268,19,1,2,0,NULL,NULL,0,'2013-05-10 19:15:29',0),(269,19,2,2,0,NULL,NULL,0,'2013-05-10 19:15:29',0),(270,19,3,2,0,NULL,NULL,0,'2013-05-10 19:15:29',0),(271,6,1,2,0,NULL,NULL,0,'2013-05-10 19:15:29',0),(272,6,2,2,0,NULL,NULL,0,'2013-05-10 19:15:29',0),(273,6,3,2,0,NULL,NULL,0,'2013-05-10 19:15:29',0),(274,62,1,2,0,NULL,NULL,0,'2013-05-10 19:15:29',0),(275,62,2,2,0,NULL,NULL,0,'2013-05-10 19:15:29',0),(276,62,3,2,0,NULL,NULL,0,'2013-05-10 19:15:29',0),(277,37,1,2,0,NULL,NULL,0,'2013-05-10 19:15:29',0),(278,37,2,2,0,NULL,NULL,0,'2013-05-10 19:15:29',0),(279,37,3,2,0,NULL,NULL,0,'2013-05-10 19:15:29',0),(280,24,1,2,0,NULL,NULL,0,'2013-05-10 19:15:29',0),(281,24,2,2,0,NULL,NULL,0,'2013-05-10 19:15:29',0),(282,24,3,2,0,NULL,NULL,0,'2013-05-10 19:15:29',0),(283,4,1,2,0,NULL,NULL,0,'2013-05-10 19:15:29',0),(284,4,2,2,0,NULL,NULL,0,'2013-05-10 19:15:29',0),(285,4,3,2,0,NULL,NULL,0,'2013-05-10 19:15:29',0),(286,21,1,2,0,NULL,NULL,0,'2013-05-10 19:15:29',0),(287,21,2,2,0,NULL,NULL,0,'2013-05-10 19:15:29',0),(288,21,3,2,0,NULL,NULL,0,'2013-05-10 19:15:29',0),(289,42,1,2,0,NULL,NULL,0,'2013-05-10 19:15:29',0),(290,42,2,2,0,NULL,NULL,0,'2013-05-10 19:15:29',0),(291,42,3,2,0,NULL,NULL,0,'2013-05-10 19:15:29',0),(292,64,1,2,0,NULL,NULL,0,'2013-05-10 19:15:29',0),(293,64,2,2,0,NULL,NULL,0,'2013-05-10 19:15:29',0),(294,64,3,2,0,NULL,NULL,0,'2013-05-10 19:15:29',0),(295,35,1,2,0,NULL,NULL,0,'2013-05-10 19:15:29',0),(296,35,2,2,0,NULL,NULL,0,'2013-05-10 19:15:29',0),(297,35,3,2,0,NULL,NULL,0,'2013-05-10 19:15:29',0),(298,25,1,2,0,NULL,NULL,0,'2013-05-10 19:15:29',0),(299,25,2,2,0,NULL,NULL,0,'2013-05-10 19:15:29',0),(300,25,3,2,0,NULL,NULL,0,'2013-05-10 19:15:29',0),(301,51,1,2,0,NULL,NULL,0,'2013-05-10 19:15:29',0),(302,51,2,2,0,NULL,NULL,0,'2013-05-10 19:15:29',0),(303,51,3,2,0,NULL,NULL,0,'2013-05-10 19:15:29',0),(304,32,1,2,0,NULL,NULL,0,'2013-05-10 19:15:29',0),(305,32,2,2,0,NULL,NULL,0,'2013-05-10 19:15:29',0),(306,32,3,2,0,NULL,NULL,0,'2013-05-10 19:15:29',0),(307,49,1,2,0,NULL,NULL,0,'2013-05-10 19:15:30',0),(308,49,2,2,0,NULL,NULL,0,'2013-05-10 19:15:30',0),(309,49,3,2,0,NULL,NULL,0,'2013-05-10 19:15:30',0),(310,57,1,2,0,NULL,NULL,0,'2013-05-10 19:15:30',0),(311,57,2,2,0,NULL,NULL,0,'2013-05-10 19:15:30',0),(312,57,3,2,0,NULL,NULL,0,'2013-05-10 19:15:30',0),(313,41,1,2,0,NULL,NULL,0,'2013-05-10 19:15:30',0),(314,41,2,2,0,NULL,NULL,0,'2013-05-10 19:15:30',0),(315,41,3,2,0,NULL,NULL,0,'2013-05-10 19:15:30',0),(316,13,1,2,0,NULL,NULL,0,'2013-05-10 19:15:30',0),(317,13,2,2,0,NULL,NULL,0,'2013-05-10 19:15:30',0),(318,13,3,2,0,NULL,NULL,0,'2013-05-10 19:15:30',0),(319,22,1,2,0,NULL,NULL,0,'2013-05-10 19:15:30',0),(320,22,2,2,0,NULL,NULL,0,'2013-05-10 19:15:30',0),(321,22,3,2,0,NULL,NULL,0,'2013-05-10 19:15:30',0),(322,15,1,2,0,NULL,NULL,0,'2013-05-10 19:15:30',0),(323,15,2,2,0,NULL,NULL,0,'2013-05-10 19:15:30',0),(324,15,3,2,0,NULL,NULL,0,'2013-05-10 19:15:30',0),(325,71,1,2,0,NULL,NULL,0,'2013-05-10 19:15:30',0),(326,71,2,2,0,NULL,NULL,0,'2013-05-10 19:15:30',0),(327,71,3,2,0,NULL,NULL,0,'2013-05-10 19:15:30',0),(328,9,1,2,0,NULL,NULL,0,'2013-05-10 19:15:30',0),(329,9,2,2,0,NULL,NULL,0,'2013-05-10 19:15:30',0),(330,9,3,2,0,NULL,NULL,0,'2013-05-10 19:15:30',0),(331,66,1,2,0,NULL,NULL,0,'2013-05-10 19:15:30',0),(332,66,2,2,0,NULL,NULL,0,'2013-05-10 19:15:30',0),(333,66,3,2,0,NULL,NULL,0,'2013-05-10 19:15:30',0),(334,3,1,2,0,NULL,NULL,0,'2013-05-10 19:15:30',0),(335,3,2,2,0,NULL,NULL,0,'2013-05-10 19:15:30',0),(336,3,3,2,0,NULL,NULL,0,'2013-05-10 19:15:30',0),(337,31,1,2,0,NULL,NULL,0,'2013-05-10 19:15:30',0),(338,31,2,2,0,NULL,NULL,0,'2013-05-10 19:15:30',0),(339,31,3,2,0,NULL,NULL,0,'2013-05-10 19:15:30',0),(340,28,1,2,0,NULL,NULL,0,'2013-05-10 19:15:30',0),(341,28,2,2,0,NULL,NULL,0,'2013-05-10 19:15:30',0),(342,28,3,2,0,NULL,NULL,0,'2013-05-10 19:15:30',0),(343,20,1,2,0,NULL,NULL,0,'2013-05-10 19:15:30',0),(344,20,2,2,0,NULL,NULL,0,'2013-05-10 19:15:30',0),(345,20,3,2,0,NULL,NULL,0,'2013-05-10 19:15:30',0),(346,63,1,2,0,NULL,NULL,0,'2013-05-10 19:15:30',0),(347,63,2,2,0,NULL,NULL,0,'2013-05-10 19:15:30',0),(348,63,3,2,0,NULL,NULL,0,'2013-05-10 19:15:30',0),(349,34,1,2,0,NULL,NULL,0,'2013-05-10 19:15:30',0),(350,34,2,2,0,NULL,NULL,0,'2013-05-10 19:15:30',0),(351,34,3,2,0,NULL,NULL,0,'2013-05-10 19:15:30',0),(352,26,1,2,0,NULL,NULL,0,'2013-05-10 19:15:30',0),(353,26,2,2,0,NULL,NULL,0,'2013-05-10 19:15:30',0),(354,26,3,2,0,NULL,NULL,0,'2013-05-10 19:15:30',0),(355,7,1,2,0,NULL,NULL,0,'2013-05-10 19:15:30',0),(356,7,2,2,0,NULL,NULL,0,'2013-05-10 19:15:30',0),(357,7,3,2,0,NULL,NULL,0,'2013-05-10 19:15:30',0),(358,16,1,2,0,NULL,NULL,0,'2013-05-10 19:15:30',0),(359,16,2,2,0,NULL,NULL,0,'2013-05-10 19:15:30',0),(360,16,3,2,0,NULL,NULL,0,'2013-05-10 19:15:30',0),(361,72,1,2,0,NULL,NULL,0,'2013-05-10 19:15:30',0),(362,72,2,2,0,NULL,NULL,0,'2013-05-10 19:15:30',0),(363,72,3,2,0,NULL,NULL,0,'2013-05-10 19:15:30',0),(364,12,1,2,0,NULL,NULL,0,'2013-05-10 19:15:30',0),(365,12,2,2,0,NULL,NULL,0,'2013-05-10 19:15:30',0),(366,12,3,2,0,NULL,NULL,0,'2013-05-10 19:15:30',0),(367,44,1,2,0,NULL,NULL,0,'2013-05-10 19:15:30',0),(368,44,2,2,0,NULL,NULL,0,'2013-05-10 19:15:30',0),(369,44,3,2,0,NULL,NULL,0,'2013-05-10 19:15:30',0),(370,2,1,2,0,NULL,NULL,0,'2013-05-10 19:15:30',0),(371,2,2,2,0,NULL,NULL,0,'2013-05-10 19:15:30',0),(372,2,3,2,0,NULL,NULL,0,'2013-05-10 19:15:30',0),(373,50,1,2,0,NULL,NULL,0,'2013-05-10 19:15:30',0),(374,50,2,2,0,NULL,NULL,0,'2013-05-10 19:15:30',0),(375,50,3,2,0,NULL,NULL,0,'2013-05-10 19:15:30',0),(376,70,1,2,0,NULL,NULL,0,'2013-05-10 19:15:30',0),(377,70,2,2,0,NULL,NULL,0,'2013-05-10 19:15:30',0),(378,70,3,2,0,NULL,NULL,0,'2013-05-10 19:15:30',0),(379,48,1,2,0,NULL,NULL,0,'2013-05-10 19:15:30',0),(380,48,2,2,0,NULL,NULL,0,'2013-05-10 19:15:30',0),(381,48,3,2,0,NULL,NULL,0,'2013-05-10 19:15:30',0),(382,58,1,2,0,NULL,NULL,0,'2013-05-10 19:15:30',0),(383,58,2,2,0,NULL,NULL,0,'2013-05-10 19:15:30',0),(384,58,3,2,0,NULL,NULL,0,'2013-05-10 19:15:30',0),(385,52,1,2,0,NULL,NULL,0,'2013-05-10 19:15:30',0),(386,52,2,2,0,NULL,NULL,0,'2013-05-10 19:15:30',0),(387,52,3,2,0,NULL,NULL,0,'2013-05-10 19:15:30',0),(388,68,1,2,0,NULL,NULL,0,'2013-05-10 19:15:30',0),(389,68,2,2,0,NULL,NULL,0,'2013-05-10 19:15:30',0),(390,68,3,2,0,NULL,NULL,0,'2013-05-10 19:15:30',0),(391,53,1,2,0,NULL,NULL,0,'2013-05-10 19:15:30',0),(392,53,2,2,0,NULL,NULL,0,'2013-05-10 19:15:30',0),(393,53,3,2,0,NULL,NULL,0,'2013-05-10 19:15:30',0),(394,36,1,2,0,NULL,NULL,0,'2013-05-10 19:15:30',0),(395,36,2,2,0,NULL,NULL,0,'2013-05-10 19:15:30',0),(396,36,3,2,0,NULL,NULL,0,'2013-05-10 19:15:30',0),(397,40,1,2,0,NULL,NULL,0,'2013-05-10 19:15:30',0),(398,40,2,2,0,NULL,NULL,0,'2013-05-10 19:15:30',0),(399,40,3,2,0,NULL,NULL,0,'2013-05-10 19:15:30',0),(400,5,1,2,0,NULL,NULL,0,'2013-05-10 19:15:30',0),(401,5,2,2,0,NULL,NULL,0,'2013-05-10 19:15:30',0),(402,5,3,2,0,NULL,NULL,0,'2013-05-10 19:15:30',0),(403,38,1,2,0,NULL,NULL,0,'2013-05-10 19:15:30',0),(404,38,2,2,0,NULL,NULL,0,'2013-05-10 19:15:30',0),(405,38,3,2,0,NULL,NULL,0,'2013-05-10 19:15:30',0),(406,56,1,2,0,NULL,NULL,0,'2013-05-10 19:15:30',0),(407,56,2,2,0,NULL,NULL,0,'2013-05-10 19:15:30',0),(408,56,3,2,0,NULL,NULL,0,'2013-05-10 19:15:30',0),(409,45,1,2,0,NULL,NULL,0,'2013-05-10 19:15:30',0),(410,45,2,2,0,NULL,NULL,0,'2013-05-10 19:15:30',0),(411,45,3,2,0,NULL,NULL,0,'2013-05-10 19:15:30',0),(412,1,1,2,0,NULL,NULL,0,'2013-05-10 19:15:30',0),(413,1,2,2,0,NULL,NULL,0,'2013-05-10 19:15:30',0),(414,1,3,2,0,NULL,NULL,0,'2013-05-10 19:15:30',0),(415,18,1,2,0,NULL,NULL,0,'2013-05-10 19:15:30',0),(416,18,2,2,0,NULL,NULL,0,'2013-05-10 19:15:30',0),(417,18,3,2,0,NULL,NULL,0,'2013-05-10 19:15:30',0),(418,54,1,2,0,NULL,NULL,0,'2013-05-10 19:15:30',0),(419,54,2,2,0,NULL,NULL,0,'2013-05-10 19:15:30',0),(420,54,3,2,0,NULL,NULL,0,'2013-05-10 19:15:30',0),(421,27,1,2,0,NULL,NULL,0,'2013-05-10 19:15:30',0),(422,27,2,2,0,NULL,NULL,0,'2013-05-10 19:15:30',0),(423,27,3,2,0,NULL,NULL,0,'2013-05-10 19:15:30',0),(424,14,1,2,0,NULL,NULL,0,'2013-05-10 19:15:30',0),(425,14,2,2,0,NULL,NULL,0,'2013-05-10 19:15:30',0),(426,14,3,2,0,NULL,NULL,0,'2013-05-10 19:15:30',0),(427,39,1,2,0,NULL,NULL,0,'2013-05-10 19:15:30',0),(428,39,2,2,0,NULL,NULL,0,'2013-05-10 19:15:30',0),(429,39,3,2,0,NULL,NULL,0,'2013-05-10 19:15:30',0),(430,69,1,2,0,NULL,NULL,0,'2013-05-10 19:15:30',0),(431,69,2,2,0,NULL,NULL,0,'2013-05-10 19:15:30',0),(432,69,3,2,0,NULL,NULL,0,'2013-05-10 19:15:30',0),(433,61,1,3,0,NULL,NULL,0,'2013-05-10 19:15:30',0),(434,61,2,3,0,NULL,NULL,0,'2013-05-10 19:15:30',0),(435,61,3,3,0,NULL,NULL,0,'2013-05-10 19:15:30',0),(436,59,1,3,0,NULL,NULL,0,'2013-05-10 19:15:30',0),(437,59,2,3,0,NULL,NULL,0,'2013-05-10 19:15:30',0),(438,59,3,3,0,NULL,NULL,0,'2013-05-10 19:15:30',0),(439,17,1,3,0,NULL,NULL,0,'2013-05-10 19:15:30',0),(440,17,2,3,0,NULL,NULL,0,'2013-05-10 19:15:30',0),(441,17,3,3,0,NULL,NULL,0,'2013-05-10 19:15:30',0),(442,8,1,3,0,NULL,NULL,0,'2013-05-10 19:15:30',0),(443,8,2,3,0,NULL,NULL,0,'2013-05-10 19:15:30',0),(444,8,3,3,0,NULL,NULL,0,'2013-05-10 19:15:30',0),(445,30,1,3,0,NULL,NULL,0,'2013-05-10 19:15:30',0),(446,30,2,3,0,NULL,NULL,0,'2013-05-10 19:15:30',0),(447,30,3,3,0,NULL,NULL,0,'2013-05-10 19:15:30',0),(448,10,1,3,0,NULL,NULL,0,'2013-05-10 19:15:30',0),(449,10,2,3,0,NULL,NULL,0,'2013-05-10 19:15:30',0),(450,10,3,3,0,NULL,NULL,0,'2013-05-10 19:15:30',0),(451,23,1,3,0,NULL,NULL,0,'2013-05-10 19:15:30',0),(452,23,2,3,0,NULL,NULL,0,'2013-05-10 19:15:30',0),(453,23,3,3,0,NULL,NULL,0,'2013-05-10 19:15:30',0),(454,65,1,3,0,NULL,NULL,0,'2013-05-10 19:15:30',0),(455,65,2,3,0,NULL,NULL,0,'2013-05-10 19:15:30',0),(456,65,3,3,0,NULL,NULL,0,'2013-05-10 19:15:30',0),(457,29,1,3,0,NULL,NULL,0,'2013-05-10 19:15:31',0),(458,29,2,3,0,NULL,NULL,0,'2013-05-10 19:15:31',0),(459,29,3,3,0,NULL,NULL,0,'2013-05-10 19:15:31',0),(460,67,1,3,0,NULL,NULL,0,'2013-05-10 19:15:31',0),(461,67,2,3,0,NULL,NULL,0,'2013-05-10 19:15:31',0),(462,67,3,3,0,NULL,NULL,0,'2013-05-10 19:15:31',0),(463,33,1,3,0,NULL,NULL,0,'2013-05-10 19:15:31',0),(464,33,2,3,0,NULL,NULL,0,'2013-05-10 19:15:31',0),(465,33,3,3,0,NULL,NULL,0,'2013-05-10 19:15:31',0),(466,55,1,3,0,NULL,NULL,0,'2013-05-10 19:15:31',0),(467,55,2,3,0,NULL,NULL,0,'2013-05-10 19:15:31',0),(468,55,3,3,0,NULL,NULL,0,'2013-05-10 19:15:31',0),(469,46,1,3,0,NULL,NULL,0,'2013-05-10 19:15:31',0),(470,46,2,3,0,NULL,NULL,0,'2013-05-10 19:15:31',0),(471,46,3,3,0,NULL,NULL,0,'2013-05-10 19:15:31',0),(472,60,1,3,0,NULL,NULL,0,'2013-05-10 19:15:31',0),(473,60,2,3,0,NULL,NULL,0,'2013-05-10 19:15:31',0),(474,60,3,3,0,NULL,NULL,0,'2013-05-10 19:15:31',0),(475,47,1,3,0,NULL,NULL,0,'2013-05-10 19:15:31',0),(476,47,2,3,0,NULL,NULL,0,'2013-05-10 19:15:31',0),(477,47,3,3,0,NULL,NULL,0,'2013-05-10 19:15:31',0),(478,43,1,3,0,NULL,NULL,0,'2013-05-10 19:15:31',0),(479,43,2,3,0,NULL,NULL,0,'2013-05-10 19:15:31',0),(480,43,3,3,0,NULL,NULL,0,'2013-05-10 19:15:31',0),(481,11,1,3,0,NULL,NULL,0,'2013-05-10 19:15:31',0),(482,11,2,3,0,NULL,NULL,0,'2013-05-10 19:15:31',0),(483,11,3,3,0,NULL,NULL,0,'2013-05-10 19:15:31',0),(484,19,1,3,0,NULL,NULL,0,'2013-05-10 19:15:31',0),(485,19,2,3,0,NULL,NULL,0,'2013-05-10 19:15:31',0),(486,19,3,3,0,NULL,NULL,0,'2013-05-10 19:15:31',0),(487,6,1,3,0,NULL,NULL,0,'2013-05-10 19:15:31',0),(488,6,2,3,0,NULL,NULL,0,'2013-05-10 19:15:31',0),(489,6,3,3,0,NULL,NULL,0,'2013-05-10 19:15:31',0),(490,62,1,3,0,NULL,NULL,0,'2013-05-10 19:15:31',0),(491,62,2,3,0,NULL,NULL,0,'2013-05-10 19:15:31',0),(492,62,3,3,0,NULL,NULL,0,'2013-05-10 19:15:31',0),(493,37,1,3,0,NULL,NULL,0,'2013-05-10 19:15:31',0),(494,37,2,3,0,NULL,NULL,0,'2013-05-10 19:15:31',0),(495,37,3,3,0,NULL,NULL,0,'2013-05-10 19:15:31',0),(496,24,1,3,0,NULL,NULL,0,'2013-05-10 19:15:31',0),(497,24,2,3,0,NULL,NULL,0,'2013-05-10 19:15:31',0),(498,24,3,3,0,NULL,NULL,0,'2013-05-10 19:15:31',0),(499,4,1,3,0,NULL,NULL,0,'2013-05-10 19:15:31',0),(500,4,2,3,0,NULL,NULL,0,'2013-05-10 19:15:31',0),(501,4,3,3,0,NULL,NULL,0,'2013-05-10 19:15:31',0),(502,21,1,3,0,NULL,NULL,0,'2013-05-10 19:15:31',0),(503,21,2,3,0,NULL,NULL,0,'2013-05-10 19:15:31',0),(504,21,3,3,0,NULL,NULL,0,'2013-05-10 19:15:31',0),(505,42,1,3,0,NULL,NULL,0,'2013-05-10 19:15:31',0),(506,42,2,3,0,NULL,NULL,0,'2013-05-10 19:15:31',0),(507,42,3,3,0,NULL,NULL,0,'2013-05-10 19:15:31',0),(508,64,1,3,0,NULL,NULL,0,'2013-05-10 19:15:31',0),(509,64,2,3,0,NULL,NULL,0,'2013-05-10 19:15:31',0),(510,64,3,3,0,NULL,NULL,0,'2013-05-10 19:15:31',0),(511,35,1,3,0,NULL,NULL,0,'2013-05-10 19:15:31',0),(512,35,2,3,0,NULL,NULL,0,'2013-05-10 19:15:31',0),(513,35,3,3,0,NULL,NULL,0,'2013-05-10 19:15:31',0),(514,25,1,3,0,NULL,NULL,0,'2013-05-10 19:15:31',0),(515,25,2,3,0,NULL,NULL,0,'2013-05-10 19:15:31',0),(516,25,3,3,0,NULL,NULL,0,'2013-05-10 19:15:31',0),(517,51,1,3,0,NULL,NULL,0,'2013-05-10 19:15:31',0),(518,51,2,3,0,NULL,NULL,0,'2013-05-10 19:15:31',0),(519,51,3,3,0,NULL,NULL,0,'2013-05-10 19:15:31',0),(520,32,1,3,0,NULL,NULL,0,'2013-05-10 19:15:31',0),(521,32,2,3,0,NULL,NULL,0,'2013-05-10 19:15:31',0),(522,32,3,3,0,NULL,NULL,0,'2013-05-10 19:15:31',0),(523,49,1,3,0,NULL,NULL,0,'2013-05-10 19:15:31',0),(524,49,2,3,0,NULL,NULL,0,'2013-05-10 19:15:31',0),(525,49,3,3,0,NULL,NULL,0,'2013-05-10 19:15:31',0),(526,57,1,3,0,NULL,NULL,0,'2013-05-10 19:15:31',0),(527,57,2,3,0,NULL,NULL,0,'2013-05-10 19:15:31',0),(528,57,3,3,0,NULL,NULL,0,'2013-05-10 19:15:31',0),(529,41,1,3,0,NULL,NULL,0,'2013-05-10 19:15:31',0),(530,41,2,3,0,NULL,NULL,0,'2013-05-10 19:15:31',0),(531,41,3,3,0,NULL,NULL,0,'2013-05-10 19:15:31',0),(532,13,1,3,0,NULL,NULL,0,'2013-05-10 19:15:31',0),(533,13,2,3,0,NULL,NULL,0,'2013-05-10 19:15:31',0),(534,13,3,3,0,NULL,NULL,0,'2013-05-10 19:15:31',0),(535,22,1,3,0,NULL,NULL,0,'2013-05-10 19:15:31',0),(536,22,2,3,0,NULL,NULL,0,'2013-05-10 19:15:31',0),(537,22,3,3,0,NULL,NULL,0,'2013-05-10 19:15:31',0),(538,15,1,3,0,NULL,NULL,0,'2013-05-10 19:15:31',0),(539,15,2,3,0,NULL,NULL,0,'2013-05-10 19:15:31',0),(540,15,3,3,0,NULL,NULL,0,'2013-05-10 19:15:31',0),(541,71,1,3,0,NULL,NULL,0,'2013-05-10 19:15:31',0),(542,71,2,3,0,NULL,NULL,0,'2013-05-10 19:15:31',0),(543,71,3,3,0,NULL,NULL,0,'2013-05-10 19:15:31',0),(544,9,1,3,0,NULL,NULL,0,'2013-05-10 19:15:31',0),(545,9,2,3,0,NULL,NULL,0,'2013-05-10 19:15:31',0),(546,9,3,3,0,NULL,NULL,0,'2013-05-10 19:15:31',0),(547,66,1,3,0,NULL,NULL,0,'2013-05-10 19:15:31',0),(548,66,2,3,0,NULL,NULL,0,'2013-05-10 19:15:31',0),(549,66,3,3,0,NULL,NULL,0,'2013-05-10 19:15:31',0),(550,3,1,3,0,NULL,NULL,0,'2013-05-10 19:15:31',0),(551,3,2,3,0,NULL,NULL,0,'2013-05-10 19:15:31',0),(552,3,3,3,0,NULL,NULL,0,'2013-05-10 19:15:31',0),(553,31,1,3,0,NULL,NULL,0,'2013-05-10 19:15:31',0),(554,31,2,3,0,NULL,NULL,0,'2013-05-10 19:15:31',0),(555,31,3,3,0,NULL,NULL,0,'2013-05-10 19:15:31',0),(556,28,1,3,0,NULL,NULL,0,'2013-05-10 19:15:31',0),(557,28,2,3,0,NULL,NULL,0,'2013-05-10 19:15:31',0),(558,28,3,3,0,NULL,NULL,0,'2013-05-10 19:15:31',0),(559,20,1,3,0,NULL,NULL,0,'2013-05-10 19:15:31',0),(560,20,2,3,0,NULL,NULL,0,'2013-05-10 19:15:31',0),(561,20,3,3,0,NULL,NULL,0,'2013-05-10 19:15:31',0),(562,63,1,3,0,NULL,NULL,0,'2013-05-10 19:15:31',0),(563,63,2,3,0,NULL,NULL,0,'2013-05-10 19:15:31',0),(564,63,3,3,0,NULL,NULL,0,'2013-05-10 19:15:31',0),(565,34,1,3,0,NULL,NULL,0,'2013-05-10 19:15:31',0),(566,34,2,3,0,NULL,NULL,0,'2013-05-10 19:15:31',0),(567,34,3,3,0,NULL,NULL,0,'2013-05-10 19:15:31',0),(568,26,1,3,0,NULL,NULL,0,'2013-05-10 19:15:31',0),(569,26,2,3,0,NULL,NULL,0,'2013-05-10 19:15:31',0),(570,26,3,3,0,NULL,NULL,0,'2013-05-10 19:15:31',0),(571,7,1,3,0,NULL,NULL,0,'2013-05-10 19:15:31',0),(572,7,2,3,0,NULL,NULL,0,'2013-05-10 19:15:31',0),(573,7,3,3,0,NULL,NULL,0,'2013-05-10 19:15:31',0),(574,16,1,3,0,NULL,NULL,0,'2013-05-10 19:15:31',0),(575,16,2,3,0,NULL,NULL,0,'2013-05-10 19:15:31',0),(576,16,3,3,0,NULL,NULL,0,'2013-05-10 19:15:31',0),(577,72,1,3,0,NULL,NULL,0,'2013-05-10 19:15:31',0),(578,72,2,3,0,NULL,NULL,0,'2013-05-10 19:15:31',0),(579,72,3,3,0,NULL,NULL,0,'2013-05-10 19:15:31',0),(580,12,1,3,0,NULL,NULL,0,'2013-05-10 19:15:31',0),(581,12,2,3,0,NULL,NULL,0,'2013-05-10 19:15:31',0),(582,12,3,3,0,NULL,NULL,0,'2013-05-10 19:15:31',0),(583,44,1,3,0,NULL,NULL,0,'2013-05-10 19:15:31',0),(584,44,2,3,0,NULL,NULL,0,'2013-05-10 19:15:31',0),(585,44,3,3,0,NULL,NULL,0,'2013-05-10 19:15:31',0),(586,2,1,3,0,NULL,NULL,0,'2013-05-10 19:15:31',0),(587,2,2,3,0,NULL,NULL,0,'2013-05-10 19:15:31',0),(588,2,3,3,0,NULL,NULL,0,'2013-05-10 19:15:31',0),(589,50,1,3,0,NULL,NULL,0,'2013-05-10 19:15:31',0),(590,50,2,3,0,NULL,NULL,0,'2013-05-10 19:15:31',0),(591,50,3,3,0,NULL,NULL,0,'2013-05-10 19:15:31',0),(592,70,1,3,0,NULL,NULL,0,'2013-05-10 19:15:31',0),(593,70,2,3,0,NULL,NULL,0,'2013-05-10 19:15:31',0),(594,70,3,3,0,NULL,NULL,0,'2013-05-10 19:15:31',0),(595,48,1,3,0,NULL,NULL,0,'2013-05-10 19:15:31',0),(596,48,2,3,0,NULL,NULL,0,'2013-05-10 19:15:31',0),(597,48,3,3,0,NULL,NULL,0,'2013-05-10 19:15:31',0),(598,58,1,3,0,NULL,NULL,0,'2013-05-10 19:15:31',0),(599,58,2,3,0,NULL,NULL,0,'2013-05-10 19:15:31',0),(600,58,3,3,0,NULL,NULL,0,'2013-05-10 19:15:31',0),(601,52,1,3,0,NULL,NULL,0,'2013-05-10 19:15:31',0),(602,52,2,3,0,NULL,NULL,0,'2013-05-10 19:15:31',0),(603,52,3,3,0,NULL,NULL,0,'2013-05-10 19:15:31',0),(604,68,1,3,0,NULL,NULL,0,'2013-05-10 19:15:31',0),(605,68,2,3,0,NULL,NULL,0,'2013-05-10 19:15:31',0),(606,68,3,3,0,NULL,NULL,0,'2013-05-10 19:15:31',0),(607,53,1,3,0,NULL,NULL,0,'2013-05-10 19:15:31',0),(608,53,2,3,0,NULL,NULL,0,'2013-05-10 19:15:31',0),(609,53,3,3,0,NULL,NULL,0,'2013-05-10 19:15:31',0),(610,36,1,3,0,NULL,NULL,0,'2013-05-10 19:15:31',0),(611,36,2,3,0,NULL,NULL,0,'2013-05-10 19:15:31',0),(612,36,3,3,0,NULL,NULL,0,'2013-05-10 19:15:31',0),(613,40,1,3,0,NULL,NULL,0,'2013-05-10 19:15:31',0),(614,40,2,3,0,NULL,NULL,0,'2013-05-10 19:15:31',0),(615,40,3,3,0,NULL,NULL,0,'2013-05-10 19:15:31',0),(616,5,1,3,0,NULL,NULL,0,'2013-05-10 19:15:31',0),(617,5,2,3,0,NULL,NULL,0,'2013-05-10 19:15:31',0),(618,5,3,3,0,NULL,NULL,0,'2013-05-10 19:15:31',0),(619,38,1,3,0,NULL,NULL,0,'2013-05-10 19:15:31',0),(620,38,2,3,0,NULL,NULL,0,'2013-05-10 19:15:31',0),(621,38,3,3,0,NULL,NULL,0,'2013-05-10 19:15:31',0),(622,56,1,3,0,NULL,NULL,0,'2013-05-10 19:15:31',0),(623,56,2,3,0,NULL,NULL,0,'2013-05-10 19:15:31',0),(624,56,3,3,0,NULL,NULL,0,'2013-05-10 19:15:31',0),(625,45,1,3,0,NULL,NULL,0,'2013-05-10 19:15:31',0),(626,45,2,3,0,NULL,NULL,0,'2013-05-10 19:15:31',0),(627,45,3,3,0,NULL,NULL,0,'2013-05-10 19:15:31',0),(628,1,1,3,0,NULL,NULL,0,'2013-05-10 19:15:31',0),(629,1,2,3,0,NULL,NULL,0,'2013-05-10 19:15:31',0),(630,1,3,3,0,NULL,NULL,0,'2013-05-10 19:15:31',0),(631,18,1,3,0,NULL,NULL,0,'2013-05-10 19:15:31',0),(632,18,2,3,0,NULL,NULL,0,'2013-05-10 19:15:31',0),(633,18,3,3,0,NULL,NULL,0,'2013-05-10 19:15:31',0),(634,54,1,3,0,NULL,NULL,0,'2013-05-10 19:15:31',0),(635,54,2,3,0,NULL,NULL,0,'2013-05-10 19:15:31',0),(636,54,3,3,0,NULL,NULL,0,'2013-05-10 19:15:31',0),(637,27,1,3,0,NULL,NULL,0,'2013-05-10 19:15:31',0),(638,27,2,3,0,NULL,NULL,0,'2013-05-10 19:15:31',0),(639,27,3,3,0,NULL,NULL,0,'2013-05-10 19:15:31',0),(640,14,1,3,0,NULL,NULL,0,'2013-05-10 19:15:31',0),(641,14,2,3,0,NULL,NULL,0,'2013-05-10 19:15:31',0),(642,14,3,3,0,NULL,NULL,0,'2013-05-10 19:15:31',0),(643,39,1,3,0,NULL,NULL,0,'2013-05-10 19:15:31',0),(644,39,2,3,0,NULL,NULL,0,'2013-05-10 19:15:31',0),(645,39,3,3,0,NULL,NULL,0,'2013-05-10 19:15:31',0),(646,69,1,3,0,NULL,NULL,0,'2013-05-10 19:15:31',0),(647,69,2,3,0,NULL,NULL,0,'2013-05-10 19:15:31',0),(648,69,3,3,0,NULL,NULL,0,'2013-05-10 19:15:31',0);
/*!40000 ALTER TABLE `student_term_mark` ENABLE KEYS */;
UNLOCK TABLES;

--
-- Table structure for table `prefect_type`
--

DROP TABLE IF EXISTS `prefect_type`;
/*!40101 SET @saved_cs_client     = @@character_set_client */;
/*!40101 SET character_set_client = utf8 */;
CREATE TABLE `prefect_type` (
  `PREFECT_TYPE_ID` int(11) NOT NULL,
  `DESCRIPTION` varchar(45) NOT NULL,
  `MODIFIED_TIME` timestamp NOT NULL DEFAULT CURRENT_TIMESTAMP ON UPDATE CURRENT_TIMESTAMP,
  PRIMARY KEY (`PREFECT_TYPE_ID`),
  UNIQUE KEY `DESCRIPTION_UNIQUE` (`DESCRIPTION`)
) ENGINE=InnoDB DEFAULT CHARSET=latin1;
/*!40101 SET character_set_client = @saved_cs_client */;

--
-- Dumping data for table `prefect_type`
--

LOCK TABLES `prefect_type` WRITE;
/*!40000 ALTER TABLE `prefect_type` DISABLE KEYS */;
INSERT INTO `prefect_type` VALUES (1,'Prefect - Head','2011-10-20 09:53:21'),(2,'Prefect - Deputy','2011-10-20 09:53:21'),(3,'Prefect - Senior','2011-10-20 09:53:21'),(4,'Prefect - Junior','2011-10-20 09:53:21');
/*!40000 ALTER TABLE `prefect_type` ENABLE KEYS */;
UNLOCK TABLES;

--
-- Table structure for table `subject_teacher`
--

DROP TABLE IF EXISTS `subject_teacher`;
/*!40101 SET @saved_cs_client     = @@character_set_client */;
/*!40101 SET character_set_client = utf8 */;
CREATE TABLE `subject_teacher` (
  `SUBJECT_TEACHER_ID` int(11) NOT NULL AUTO_INCREMENT,
  `STAFF_ID` int(11) NOT NULL,
  `GRADE_SUBJECT_ID` int(11) NOT NULL,
  `CLASS_ID` int(11) NOT NULL,
  `MODIFIED_TIME` timestamp NOT NULL DEFAULT CURRENT_TIMESTAMP ON UPDATE CURRENT_TIMESTAMP,
  `YEAR` varchar(45) NOT NULL,
  `DELETED` tinyint(4) DEFAULT '0',
  PRIMARY KEY (`SUBJECT_TEACHER_ID`),
  UNIQUE KEY `UC_SUBJECT_TEACHER` (`STAFF_ID`,`GRADE_SUBJECT_ID`,`CLASS_ID`,`YEAR`),
  KEY `fk_STAFF_GRADE_SUBJECT_GRADE_SUBJECT1` (`GRADE_SUBJECT_ID`),
  KEY `fk_STAFF_GRADE_SUBJECT_STAFF1` (`STAFF_ID`),
  KEY `fk_SUBJECT_TEACHER_CLASS1` (`CLASS_ID`),
  CONSTRAINT `fk_STAFF_GRADE_SUBJECT_GRADE_SUBJECT1` FOREIGN KEY (`GRADE_SUBJECT_ID`) REFERENCES `grade_subject` (`GRADE_SUBJECT_ID`) ON UPDATE CASCADE,
  CONSTRAINT `fk_STAFF_GRADE_SUBJECT_STAFF1` FOREIGN KEY (`STAFF_ID`) REFERENCES `staff` (`STAFF_ID`) ON UPDATE CASCADE,
  CONSTRAINT `fk_SUBJECT_TEACHER_CLASS1` FOREIGN KEY (`CLASS_ID`) REFERENCES `class` (`CLASS_ID`) ON UPDATE CASCADE
) ENGINE=InnoDB DEFAULT CHARSET=latin1;
/*!40101 SET character_set_client = @saved_cs_client */;

--
-- Dumping data for table `subject_teacher`
--

LOCK TABLES `subject_teacher` WRITE;
/*!40000 ALTER TABLE `subject_teacher` DISABLE KEYS */;
/*!40000 ALTER TABLE `subject_teacher` ENABLE KEYS */;
UNLOCK TABLES;

--
-- Table structure for table `special_events`
--

DROP TABLE IF EXISTS `special_events`;
/*!40101 SET @saved_cs_client     = @@character_set_client */;
/*!40101 SET character_set_client = utf8 */;
CREATE TABLE `special_events` (
  `SPECIAL_EVENTS_ID` int(11) NOT NULL,
  `NAME` varchar(200) NOT NULL,
  `DESCRIPTION` varchar(400) NOT NULL,
  `DATE` date NOT NULL,
  `PARTICIPANT_CATEGORY_ID` int(11) NOT NULL,
  `MODIFIED_TIME` timestamp NOT NULL DEFAULT CURRENT_TIMESTAMP ON UPDATE CURRENT_TIMESTAMP,
  PRIMARY KEY (`SPECIAL_EVENTS_ID`),
  KEY `fk_SPECIAL_EVENTS_PARTICIPANT_CATEGORY1` (`PARTICIPANT_CATEGORY_ID`),
  CONSTRAINT `fk_SPECIAL_EVENTS_PARTICIPANT_CATEGORY1` FOREIGN KEY (`PARTICIPANT_CATEGORY_ID`) REFERENCES `participant_category` (`PARTICIPANT_CATEGORY_ID`) ON UPDATE CASCADE
) ENGINE=InnoDB DEFAULT CHARSET=latin1;
/*!40101 SET character_set_client = @saved_cs_client */;

--
-- Dumping data for table `special_events`
--

LOCK TABLES `special_events` WRITE;
/*!40000 ALTER TABLE `special_events` DISABLE KEYS */;
/*!40000 ALTER TABLE `special_events` ENABLE KEYS */;
UNLOCK TABLES;

--
-- Table structure for table `staff_external_activity`
--

DROP TABLE IF EXISTS `staff_external_activity`;
/*!40101 SET @saved_cs_client     = @@character_set_client */;
/*!40101 SET character_set_client = utf8 */;
CREATE TABLE `staff_external_activity` (
  `STAFF_EXTERNAL_ACTIVITY_ID` int(11) NOT NULL,
  `STAFF_ID` int(11) NOT NULL,
  `EXTERNAL_ACTIVITY` varchar(250) NOT NULL,
  `ACHIEVEMENT` varchar(250) NOT NULL,
  `YEAR` date NOT NULL,
  `STATUS` tinyint(4) DEFAULT NULL,
  `MODIFIED_TIME` timestamp NOT NULL DEFAULT CURRENT_TIMESTAMP ON UPDATE CURRENT_TIMESTAMP,
  PRIMARY KEY (`STAFF_EXTERNAL_ACTIVITY_ID`),
  KEY `FK_STAFF_EXTERNAL_ACTIVITY_STAFF1` (`STAFF_ID`),
  CONSTRAINT `FK_STAFF_EXTERNAL_ACTIVITY_STAFF1` FOREIGN KEY (`STAFF_ID`) REFERENCES `staff` (`STAFF_ID`) ON UPDATE CASCADE
) ENGINE=InnoDB DEFAULT CHARSET=latin1;
/*!40101 SET character_set_client = @saved_cs_client */;

--
-- Dumping data for table `staff_external_activity`
--

LOCK TABLES `staff_external_activity` WRITE;
/*!40000 ALTER TABLE `staff_external_activity` DISABLE KEYS */;
/*!40000 ALTER TABLE `staff_external_activity` ENABLE KEYS */;
UNLOCK TABLES;

--
-- Table structure for table `section_head`
--

DROP TABLE IF EXISTS `section_head`;
/*!40101 SET @saved_cs_client     = @@character_set_client */;
/*!40101 SET character_set_client = utf8 */;
CREATE TABLE `section_head` (
  `SECTION_HEAD_ID` int(11) NOT NULL AUTO_INCREMENT,
  `STAFF_ID` int(11) NOT NULL,
  `START_DATE` date NOT NULL,
  `GRADE_ID` int(11) DEFAULT NULL,
  `END_DATE` date DEFAULT NULL,
  `NOTES` varchar(45) DEFAULT NULL,
  `MODIFIED_TIME` timestamp NOT NULL DEFAULT CURRENT_TIMESTAMP ON UPDATE CURRENT_TIMESTAMP,
  `SECTION_ID` int(11) DEFAULT NULL,
  PRIMARY KEY (`SECTION_HEAD_ID`),
  UNIQUE KEY `UC_SECTION_HEAD` (`STAFF_ID`,`START_DATE`),
  KEY `fk_SECTION_HEAD_STAFF1` (`STAFF_ID`),
  KEY `fk_SECTION_HEAD_1` (`SECTION_ID`),
  CONSTRAINT `fk_SECTION_HEAD_1` FOREIGN KEY (`SECTION_ID`) REFERENCES `section` (`SECTION_ID`) ON UPDATE CASCADE,
  CONSTRAINT `fk_SECTION_HEAD_STAFF1` FOREIGN KEY (`STAFF_ID`) REFERENCES `staff` (`STAFF_ID`) ON DELETE CASCADE ON UPDATE CASCADE
) ENGINE=InnoDB AUTO_INCREMENT=22 DEFAULT CHARSET=latin1;
/*!40101 SET character_set_client = @saved_cs_client */;

--
-- Dumping data for table `section_head`
--

LOCK TABLES `section_head` WRITE;
/*!40000 ALTER TABLE `section_head` DISABLE KEYS */;
/*!40000 ALTER TABLE `section_head` ENABLE KEYS */;
UNLOCK TABLES;

--
-- Table structure for table `privilege`
--

DROP TABLE IF EXISTS `privilege`;
/*!40101 SET @saved_cs_client     = @@character_set_client */;
/*!40101 SET character_set_client = utf8 */;
CREATE TABLE `privilege` (
  `PRIVILEGE_ID` int(11) NOT NULL AUTO_INCREMENT,
  `NAME` varchar(150) NOT NULL,
  `PAGE_ID` int(11) NOT NULL,
  `MODIFIED_TIME` timestamp NOT NULL DEFAULT CURRENT_TIMESTAMP ON UPDATE CURRENT_TIMESTAMP,
  PRIMARY KEY (`PRIVILEGE_ID`),
  KEY `fk_PRIVILEGE_PAGE1` (`PAGE_ID`),
  CONSTRAINT `fk_PRIVILEGE_PAGE1` FOREIGN KEY (`PAGE_ID`) REFERENCES `page` (`PAGE_ID`) ON UPDATE CASCADE
) ENGINE=InnoDB AUTO_INCREMENT=301 DEFAULT CHARSET=latin1;
/*!40101 SET character_set_client = @saved_cs_client */;

--
-- Dumping data for table `privilege`
--

LOCK TABLES `privilege` WRITE;
/*!40000 ALTER TABLE `privilege` DISABLE KEYS */;
INSERT INTO `privilege` VALUES (1,'Search Staff Members',1,'2012-07-11 02:44:42'),(2,'Delete Staff Member',1,'2012-07-11 02:44:42'),(3,'View Add New Staff Member Page',1,'2012-07-11 02:44:42'),(4,'View Staff Member Details',2,'2012-07-11 02:44:42'),(5,'Save Staff Details',2,'2012-07-11 02:44:42'),(6,'View Staff Qualification page',3,'2012-07-11 02:44:42'),(7,'Add/Edit Qualification',3,'2012-07-11 02:44:42'),(8,'Delete Qualification',3,'2012-07-11 02:44:42'),(9,'View Staff Extra Curricular page',4,'2012-07-11 02:44:42'),(10,'Add/Edit Staff Extra Curricular',4,'2012-07-11 02:44:42'),(11,'Delete Staff Extra Curricular',4,'2012-07-11 02:44:42'),(12,'View Staff Leave Page',5,'2012-07-11 02:44:42'),(13,'Add Staff Leave',5,'2012-07-11 02:44:42'),(14,'Edit Staff Leave',5,'2012-07-11 02:44:42'),(15,'Delete Staff Leave',5,'2012-07-11 02:44:42'),(16,'View Teacher Subject Allocation Page',6,'2012-07-11 02:44:42'),(17,'Search Teacher Subject Allocation',6,'2012-07-11 02:44:42'),(18,'Add/Edit Teacher Subject Allocation',6,'2012-07-11 02:44:42'),(19,'Delete Teacher Subject Allocation',6,'2012-07-11 02:44:42'),(20,'View Class Teacher Allocation Page',7,'2012-07-11 02:44:42'),(21,'Search Class Teacher Allocation',7,'2012-07-11 02:44:42'),(22,'Add/Edit Class Teacher Allocation',7,'2012-07-11 02:44:42'),(23,'Delete Class Teacher Allocation',7,'2012-07-11 02:44:42'),(24,'View Section Head Allocation Page',8,'2012-07-11 02:44:42'),(25,'Search Section Head Allocation',8,'2012-07-11 02:44:42'),(26,'Add/Edit Section Head Allocation',8,'2012-07-11 02:44:42'),(27,'Delete Section Head Allocation',8,'2012-07-11 02:44:42'),(28,'View Student Search Page',9,'2012-07-11 02:44:42'),(29,'Student Search',9,'2012-07-11 02:44:42'),(30,'Delete Student',9,'2012-07-11 02:44:42'),(31,'Add New Student',9,'2012-07-11 02:44:42'),(32,'View Student Details',10,'2012-07-11 02:44:42'),(33,'Save Student Details',10,'2012-07-11 02:44:42'),(34,'Print Student Summary',10,'2012-07-11 02:44:42'),(35,'View Student Religious Activities',11,'2012-07-11 02:44:42'),(36,'Save Religious Activity',11,'2012-07-11 02:44:42'),(37,'Delete Religious Activity',11,'2012-07-11 02:44:42'),(38,'View Student Academic Life',12,'2012-07-11 02:44:42'),(39,'Add/Edit Student Academic Data',12,'2012-07-11 02:44:42'),(40,'Delete Student Academic Data',12,'2012-07-11 02:44:42'),(41,'View Co Curricular Details',13,'2012-07-11 02:44:42'),(42,'Add/Edit Co Curricular Details',13,'2012-07-11 02:44:42'),(43,'Delete Co Curricular Details',13,'2012-07-11 02:44:42'),(44,'View Student Disciplines',14,'2012-07-11 02:44:42'),(45,'Add/Edit Student Discipline',14,'2012-07-11 02:44:42'),(46,'Delete Student Discipline',14,'2012-07-11 02:44:42'),(47,'View Student Leave',15,'2012-07-11 02:44:42'),(48,'Add/Edit Student Leave',15,'2012-07-11 02:44:42'),(49,'Delete Student Leave',15,'2012-07-11 02:44:42'),(50,'View Parent Details',16,'2012-07-11 02:44:42'),(51,'Save Parent Details',16,'2012-07-11 02:44:42'),(52,'Add/Edit Donation',16,'2012-07-11 02:44:42'),(53,'Delete Donation',16,'2012-07-11 02:44:42'),(54,'View Attendance Page',17,'2012-07-11 02:44:42'),(55,'Search Attendeance',17,'2012-07-11 02:44:42'),(56,'View Message Board Page',18,'2012-07-11 02:44:42'),(57,'Preview Message Board Report',18,'2012-07-11 02:44:42'),(58,'Send Message Board Email',18,'2012-07-11 02:44:42'),(59,'View Student Class search page',19,'2012-07-11 02:44:42'),(60,'Search Student Class',19,'2012-07-11 02:44:42'),(61,'Save Student Class',19,'2012-07-11 02:44:42'),(62,'View Student Subject Search page',20,'2012-07-11 02:44:42'),(63,'Search Student Subject List',20,'2012-07-11 02:44:42'),(64,'Save Or Update Student Subject',20,'2012-07-11 02:44:42'),(65,'View Student Mark Entry Page',21,'2012-07-11 02:44:42'),(66,'Search Student Marks',21,'2012-07-11 02:44:42'),(67,'Add Student mark',21,'2012-07-11 02:44:42'),(68,'View Student Exam Mark Entry Page',22,'2012-07-11 02:44:42'),(69,'Search Student Exam Marks',22,'2012-07-11 02:44:42'),(70,'Save Exam Marks',22,'2012-07-11 02:44:42'),(71,'View Student Assignment Mark Entry page',23,'2012-07-11 02:44:42'),(72,'Search Student Assignment Marks',23,'2012-07-11 02:44:42'),(73,'Save Student Assignment',23,'2012-07-11 02:44:42'),(74,'View Reference Module Page',24,'2012-07-11 02:44:42'),(75,'View Manage Province Page',25,'2012-07-11 02:44:42'),(76,'Search Province',25,'2012-07-11 02:44:42'),(77,'Add/Edit Province',25,'2012-07-11 02:44:42'),(78,'Delete Province',25,'2012-07-11 02:44:42'),(79,'View Manage District page',26,'2012-07-11 02:44:42'),(80,'Search District',26,'2012-07-11 02:44:42'),(81,'Add/Edit District',26,'2012-07-11 02:44:42'),(82,'Delete District',26,'2012-07-11 02:44:42'),(83,'View Nationality Page',27,'2012-07-11 02:44:42'),(84,'Add/Edit Nationality',27,'2012-07-11 02:44:42'),(85,'Delete Nationality',27,'2012-07-11 02:44:42'),(86,'View Religion Page',28,'2012-07-11 02:44:42'),(87,'Add/Edit Religion',28,'2012-07-11 02:44:42'),(88,'Delete Religion',28,'2012-07-11 02:44:42'),(89,'View Staff Category Information',29,'2012-07-11 02:44:42'),(90,'Add/Edit Staff Category',29,'2012-07-11 02:44:42'),(91,'Delete Staff Category',29,'2012-07-11 02:44:42'),(92,'View Manage News And Events',30,'2012-07-11 02:44:42'),(93,'Add/Edit News and Events',30,'2012-07-11 02:44:42'),(94,'Delete News and Events',30,'2012-07-11 02:44:42'),(95,'View Exam Subject Page',31,'2012-07-11 02:44:42'),(96,'Add/Edit Exam Subject',31,'2012-07-11 02:44:42'),(97,'Delete Exam Subject',31,'2012-07-11 02:44:42'),(98,'View Manage Grade',32,'2012-07-11 02:44:42'),(99,'Add/Edit Grade',32,'2012-07-11 02:44:42'),(100,'Delete Grade',32,'2012-07-11 02:44:42'),(101,'View Manage Grade Subjects page',33,'2012-07-11 02:44:42'),(102,'Add/Edit Grade Subject',33,'2012-07-11 02:44:42'),(103,'Delete Grade Subject',33,'2012-07-11 02:44:42'),(104,'View manage Study Stream',34,'2012-07-11 02:44:42'),(105,'Search Study Stream',34,'2012-07-11 02:44:42'),(106,'Add/Edit Study Stream',34,'2012-07-11 02:44:42'),(107,'Delete Study Stream',34,'2012-07-11 02:44:42'),(108,'View Manage Study Medium',35,'2012-07-11 02:44:42'),(109,'Search Study Medium',35,'2012-07-11 02:44:42'),(110,'Add/Edit Study Medium',35,'2012-07-11 02:44:42'),(111,'Delete Study Medium',35,'2012-07-11 02:44:42'),(112,'View manage Subjects',36,'2012-07-11 02:44:42'),(113,'Search Subject',36,'2012-07-11 02:44:42'),(114,'Add/Edit Subjects',36,'2012-07-11 02:44:42'),(115,'Delete Subjects',36,'2012-07-11 02:44:42'),(116,'View Educational Qualification',37,'2012-07-11 02:44:42'),(117,'Add/Edit Educational Qualification',37,'2012-07-11 02:44:42'),(118,'Delete Educational Qualification',37,'2012-07-11 02:44:42'),(119,'View Professional Qualification',38,'2012-07-11 02:44:42'),(120,'Add/Edit Professional Qualification',38,'2012-07-11 02:44:42'),(121,'Delete Professional Qualification',38,'2012-07-11 02:44:42'),(122,'View manage Seminars',39,'2012-07-11 02:44:42'),(123,'Add/Edit Seminar',39,'2012-07-11 02:44:42'),(124,'Delete Seminar',39,'2012-07-11 02:44:42'),(125,'View Audit Details',40,'2012-07-11 02:44:42'),(126,'Search Audit Details',40,'2012-07-11 02:44:42'),(127,'View Manage Sports',41,'2012-07-11 02:44:42'),(128,'Add/Edit Sport',41,'2012-07-11 02:44:42'),(129,'Delete Sport',41,'2012-07-11 02:44:42'),(130,'View Manage Sport Subs',42,'2012-07-11 02:44:42'),(131,'Add/Edit Sport sub',42,'2012-07-11 02:44:42'),(132,'Delete Sport Sub',42,'2012-07-11 02:44:42'),(133,'View Manage Sports Categories',43,'2012-07-11 02:44:42'),(134,'Add/Edit Sport Category',43,'2012-07-11 02:44:42'),(135,'Delete Sport Category',43,'2012-07-11 02:44:42'),(136,'View Manage Scholarship page.',44,'2012-07-11 02:44:42'),(137,'Save or Update a Scholarship',44,'2012-07-11 02:44:42'),(138,'Delete a Scholarship',44,'2012-07-11 02:44:42'),(139,'View Manage Membership positions page.',45,'2012-07-11 02:44:42'),(140,'Save or Update a Position',45,'2012-07-11 02:44:42'),(141,'Delete a Position',45,'2012-07-11 02:44:42'),(142,'View Manage Prefect Type page.',46,'2012-07-11 02:44:42'),(143,'Save or Update a Prefect Type',46,'2012-07-11 02:44:42'),(144,'Delete a Prefect Type',46,'2012-07-11 02:44:42'),(145,'View Manage classes page.',47,'2012-07-11 02:44:42'),(146,'Save or Update a Class',47,'2012-07-11 02:44:42'),(147,'Delete a Class',47,'2012-07-11 02:44:42'),(148,'View Manage donation type page.',48,'2012-07-11 02:44:42'),(149,'Save or Update a donation type',48,'2012-07-11 02:44:42'),(150,'Delete a donation type',48,'2012-07-11 02:44:42'),(151,'View Manage Exams page.',49,'2012-07-11 02:44:42'),(152,'Save or Update a Manage Exams',49,'2012-07-11 02:44:42'),(153,'Delete a Manage Exams',49,'2012-07-11 02:44:42'),(154,'View Manage Grading Information page.',50,'2012-07-11 02:44:42'),(155,'Save or Update a Grading Information',50,'2012-07-11 02:44:42'),(156,'Delete a Grading Information',50,'2012-07-11 02:44:42'),(157,'View Manage Club and Societies page.',51,'2012-07-11 02:44:42'),(158,'Save or Update a Club and Society',51,'2012-07-11 02:44:42'),(159,'Delete a Club and Society',51,'2012-07-11 02:44:42'),(163,'View Manage House page.',53,'2012-07-11 02:44:42'),(164,'Save or Update a House',53,'2012-07-11 02:44:42'),(165,'Delete a House',53,'2012-07-11 02:44:42'),(166,'View Manage Method of Travel page.',54,'2012-07-11 02:44:42'),(167,'Save or Update a Method of Travel',54,'2012-07-11 02:44:42'),(168,'Delete a Method of Travel',54,'2012-07-11 02:44:42'),(169,'View Manage Working Segment page.',55,'2012-07-11 02:44:42'),(170,'Save or Update a Working Segment',55,'2012-07-11 02:44:42'),(171,'Delete a Working Segment',55,'2012-07-11 02:44:42'),(172,'View Manage Calendar',56,'2012-07-11 02:44:42'),(173,'Save/Update Manage Calendar',56,'2012-07-11 02:44:42'),(174,'Delete Manage Calendar',56,'2012-07-11 02:44:42'),(175,'Search Manage Calendar',56,'2012-07-11 02:44:42'),(176,'View Manage Special Events Page',57,'2012-07-11 02:44:42'),(177,'Find participant list for Special Events Page',57,'2012-07-11 02:44:42'),(178,'save/update Special Events Page',57,'2012-07-11 02:44:42'),(179,'delete Special Events Page',57,'2012-07-11 02:44:42'),(180,'View Manage Assignments Page',58,'2012-07-11 02:44:42'),(181,'List Manage Assignments',58,'2012-07-11 02:44:42'),(182,'Save/Update Manage Assignments',58,'2012-07-11 02:44:42'),(183,'Delete Manage Assignments',58,'2012-07-11 02:44:42'),(184,'View School Details',59,'2012-07-11 02:44:42'),(185,'Edit School Details',59,'2012-07-11 02:44:42'),(186,'View Student General Reports Page',60,'2012-07-11 02:44:42'),(187,'View Grade Wise Term Marks Graph',60,'2013-05-08 17:52:34'),(188,'View Class Wise Exam Absentees Report',60,'2012-07-11 02:44:42'),(189,'View Class Wise Student Term Marks Evaluation Report',60,'2012-07-11 02:44:42'),(190,'View Class Wise Students Report',60,'2012-07-11 02:44:42'),(191,'View Student Summary Report',60,'2012-07-11 02:44:42'),(192,'View Class Wise Student Disciplinary Action Report',60,'2012-07-11 02:44:42'),(193,'View Class Wise Student Marks Sheet Report',60,'2012-07-11 02:44:42'),(194,'View Prize List Report',60,'2012-07-11 02:44:42'),(195,'View Exam Results Report',60,'2012-07-11 02:44:42'),(196,'View Student Attendance Report Page',61,'2012-07-11 02:44:42'),(197,'View Student Wise Attendance Report',61,'2012-07-11 02:44:42'),(198,'View Day Class Wise Attendance Report',61,'2012-07-11 02:44:42'),(199,'View Student Late Comers Attendees Report',61,'2012-07-11 02:44:42'),(200,'View Students Attendance On Special Events',61,'2012-07-11 02:44:42'),(201,'View Staff General Report Page',62,'2012-07-11 02:44:42'),(202,'View Customized Staff Related Reports',62,'2012-07-11 02:44:42'),(203,'View Staff Attendance Reports Page',63,'2012-07-11 02:44:42'),(204,'View Staff Wise Attendance Report',63,'2012-07-11 02:44:42'),(205,'View Staff Late Comers Attendees Report',63,'2012-07-11 02:44:42'),(206,'View Per Day Staff Category Wise Attendance Report',63,'2012-07-11 02:44:42'),(207,'View Staff Wise Present and Absent Days Report',63,'2012-07-11 02:44:42'),(208,'View Student Attendance Page',64,'2012-07-11 02:44:42'),(209,'View Student Attendance',64,'2012-07-11 02:44:42'),(210,'Save Student Attendance',64,'2012-07-11 02:44:42'),(211,'View Staff Attendance Page',65,'2012-07-11 02:44:42'),(212,'View Staff Attendance',65,'2012-07-11 02:44:42'),(213,'Save Staff Attendance',65,'2012-07-11 02:44:42'),(214,'View Special Events Attendance Page',66,'2012-07-11 02:44:42'),(215,'View Special Events Attendance',66,'2012-07-11 02:44:42'),(216,'Save Special Events Attendance',66,'2012-07-11 02:44:42'),(217,'View Manage User Roles page',67,'2012-07-11 02:44:42'),(218,'Edit User Role',67,'2012-07-11 02:44:42'),(219,'delete User Role',67,'2012-07-11 02:44:42'),(220,'View Add new User Role page',67,'2012-07-11 02:44:42'),(221,'Save or update user role',68,'2012-07-11 02:44:42'),(222,'search System User',69,'2012-07-11 02:44:42'),(223,'Edit System User',69,'2012-07-11 02:44:42'),(224,'Unlock User',69,'2012-07-11 02:44:42'),(225,'Enable / Disable User',69,'2012-07-11 02:44:42'),(226,'Edit User',69,'2012-07-11 02:44:42'),(227,'Delete System User',69,'2012-07-11 02:44:42'),(228,'View Add new System User page',69,'2012-07-11 02:44:42'),(229,'view System User Details',70,'2012-07-11 02:44:42'),(230,'Save or update System user',70,'2012-07-11 02:44:42'),(231,'Edit Exam Marks',22,'2012-07-11 02:44:42'),(234,'Edit Student mark',21,'2012-07-11 02:44:42'),(235,'View Staff Profile Report',62,'2012-07-11 02:44:42'),(236,'Print Staff Profile Report',2,'2012-07-11 02:44:42'),(237,'Update Student Assignment Marks',23,'2012-07-11 02:44:42'),(238,'View Student mark',21,'2012-07-11 02:44:42'),(239,'View Children',72,'2012-07-11 02:44:42'),(240,'Message To Teacher page',73,'2012-07-11 02:44:42'),(241,'Send Message To Teacher',73,'2012-07-11 02:44:42'),(242,'Link Add Leave',17,'2012-07-11 02:44:42'),(243,'View Class Wise Student Report Card Report',60,'2012-07-11 02:44:42'),(244,'Parent View Student Details',74,'2012-07-11 02:44:42'),(245,'Parent Print Student Summary',74,'2012-07-11 02:44:42'),(246,'Parent View Student Religious Activities',75,'2012-07-11 02:44:42'),(247,'Parent View Student Academic Life',76,'2012-07-11 02:44:42'),(248,'Parent View Co Curricular Details',77,'2012-07-11 02:44:42'),(249,'Parent View Student Disciplines',78,'2012-07-11 02:44:42'),(250,'Parent View Student Leave',79,'2012-07-11 02:44:42'),(251,'Parent View Parent Details',80,'2012-07-11 02:44:42'),(252,'Parent View Attendance Page',81,'2012-07-11 02:44:42'),(253,'Parent Search Attendeance',81,'2012-07-11 02:44:42'),(254,'Change Details Request',80,'2012-07-11 02:44:42'),(255,'Edit Student',9,'2012-07-11 02:44:42'),(256,'View Student Details',9,'2012-07-11 02:44:42'),(257,'View Race Page',82,'2012-09-04 04:17:16'),(258,'Add/Edit Race',82,'2012-09-04 04:17:16'),(259,'Delete Race',82,'2012-09-04 04:17:16'),(260,'View Manage Staff Service Category Page',83,'2012-09-04 04:17:16'),(261,'Save/Update Staff Service Category',83,'2012-09-04 04:17:16'),(262,'Delete Staff Service Category',83,'2012-09-04 04:17:16'),(263,'View Appointment Nature Page',84,'2012-09-04 04:17:16'),(264,'Add/Edit Appointment Nature',84,'2012-09-04 04:17:16'),(265,'Delete Appointment Nature',84,'2012-09-04 04:17:16'),(266,'View AppointmentClassification Page',85,'2012-09-04 04:17:16'),(267,'Add/Edit AppointmentClassification',85,'2012-09-04 04:17:16'),(268,'Delete AppointmentClassification',85,'2012-09-04 04:17:16'),(269,'View Manage Civil Status Page',86,'2012-09-04 04:17:16'),(270,'Save/Update Civil Status',86,'2012-09-04 04:17:16'),(271,'Delete Civil Status',86,'2012-09-04 04:17:16'),(272,'View Manage Country page',87,'2012-09-04 04:17:16'),(273,'Search countries',87,'2012-09-04 04:17:16'),(274,'Add/Edit Country',87,'2012-09-04 04:17:16'),(275,'Delete Country',87,'2012-09-04 04:17:16'),(276,'View Manage Sections page',88,'2012-09-04 04:17:16'),(277,'Save or Update a Section',88,'2012-09-04 04:17:16'),(278,'Delete a Section',88,'2012-09-04 04:17:16'),(279,'View Staff Leave Type Page',89,'2012-09-04 04:17:16'),(280,'Add/Edit Staff Leave Type',89,'2012-09-04 04:17:16'),(281,'Delete Staff Leave Type',89,'2012-09-04 04:17:16'),(282,'View Warning Level Page',90,'2012-09-04 04:17:16'),(283,'Add/Edit Warning Level',90,'2012-09-04 04:17:16'),(284,'Delete Warning Level',90,'2012-09-04 04:17:16'),(285,'View Manage Cities page',91,'2012-09-04 04:17:16'),(286,'Search Cities',91,'2012-09-04 04:17:16'),(287,'Add/Edit City',91,'2012-09-04 04:17:16'),(288,'Delete City',91,'2012-09-04 04:17:16'),(289,'Print Student Report Card',10,'2012-09-04 04:17:16'),(290,'Terminate Staff Member',1,'2012-09-04 04:17:16'),(291,'View Staff Service',1,'2012-09-04 04:17:16'),(299,'Attendance Dashboard',95,'2013-01-28 23:29:16'),(300,'View Grade Wise Best Student Attendance Report',61,'2013-01-28 23:29:16');
/*!40000 ALTER TABLE `privilege` ENABLE KEYS */;
UNLOCK TABLES;

--
-- Table structure for table `student_discipline`
--

DROP TABLE IF EXISTS `student_discipline`;
/*!40101 SET @saved_cs_client     = @@character_set_client */;
/*!40101 SET character_set_client = utf8 */;
CREATE TABLE `student_discipline` (
  `STUDENT_DISCIPLINE_ID` int(11) NOT NULL AUTO_INCREMENT,
  `STUDENT_ID` int(11) NOT NULL,
  `WARNING_LEVEL_ID` int(11) NOT NULL,
  `USER_LOGIN_ID` int(11) DEFAULT NULL,
  `COMMENT` varchar(45) DEFAULT NULL,
  `IS_INFORMED_TO_PARENT` tinyint(1) NOT NULL DEFAULT '0',
  `DATE` date NOT NULL,
  `MODIFIED_TIME` timestamp NOT NULL DEFAULT CURRENT_TIMESTAMP ON UPDATE CURRENT_TIMESTAMP,
  PRIMARY KEY (`STUDENT_DISCIPLINE_ID`),
  KEY `fk_STUDENT_DESCIPLINE_STUDENT1` (`STUDENT_ID`),
  KEY `fk_STUDENT_DESCIPLINE_WARNING_LEVEL1` (`WARNING_LEVEL_ID`),
  KEY `fk_STUDENT_DESCIPLINE_STAFF1` (`USER_LOGIN_ID`),
  CONSTRAINT `fk_STUDENT_DESCIPLINE_WARNING_LEVEL1` FOREIGN KEY (`WARNING_LEVEL_ID`) REFERENCES `warning_level` (`WARNING_LEVEL_ID`) ON UPDATE CASCADE,
  CONSTRAINT `fk_STUDENT_DESCIPLINE_STUDENT1` FOREIGN KEY (`STUDENT_ID`) REFERENCES `student` (`STUDENT_ID`) ON DELETE CASCADE ON UPDATE CASCADE,
  CONSTRAINT `fk_STUDENT_DESCIPLINE_USERLOGIN1` FOREIGN KEY (`USER_LOGIN_ID`) REFERENCES `user_login` (`USER_LOGIN_ID`) ON UPDATE CASCADE
) ENGINE=InnoDB DEFAULT CHARSET=latin1;
/*!40101 SET character_set_client = @saved_cs_client */;

--
-- Dumping data for table `student_discipline`
--

LOCK TABLES `student_discipline` WRITE;
/*!40000 ALTER TABLE `student_discipline` DISABLE KEYS */;
/*!40000 ALTER TABLE `student_discipline` ENABLE KEYS */;
UNLOCK TABLES;

--
-- Table structure for table `faith_life_grading`
--

DROP TABLE IF EXISTS `faith_life_grading`;
/*!40101 SET @saved_cs_client     = @@character_set_client */;
/*!40101 SET character_set_client = utf8 */;
CREATE TABLE `faith_life_grading` (
  `FAITH_LIFE_GRADING_ID` int(11) NOT NULL AUTO_INCREMENT,
  `DESCRIPTION` char(1) NOT NULL,
  `VALUE` int(11) NOT NULL,
  `MODIFIED_TIME` timestamp NOT NULL DEFAULT CURRENT_TIMESTAMP ON UPDATE CURRENT_TIMESTAMP,
  PRIMARY KEY (`FAITH_LIFE_GRADING_ID`)
) ENGINE=InnoDB AUTO_INCREMENT=7 DEFAULT CHARSET=latin1;
/*!40101 SET character_set_client = @saved_cs_client */;

--
-- Dumping data for table `faith_life_grading`
--

LOCK TABLES `faith_life_grading` WRITE;
/*!40000 ALTER TABLE `faith_life_grading` DISABLE KEYS */;
INSERT INTO `faith_life_grading` VALUES (1,'A',5,'2012-01-03 08:40:26'),(2,'B',4,'2012-01-03 08:40:26'),(3,'C',3,'2012-01-03 08:40:26'),(4,'D',2,'2012-01-03 08:40:26'),(5,'S',1,'2012-01-03 08:40:26'),(6,'F',0,'2012-01-03 08:40:26');
/*!40000 ALTER TABLE `faith_life_grading` ENABLE KEYS */;
UNLOCK TABLES;

--
-- Table structure for table `warning_level`
--

DROP TABLE IF EXISTS `warning_level`;
/*!40101 SET @saved_cs_client     = @@character_set_client */;
/*!40101 SET character_set_client = utf8 */;
CREATE TABLE `warning_level` (
  `WARNING_LEVEL_ID` int(11) NOT NULL AUTO_INCREMENT,
  `DESCRIPTION` varchar(45) NOT NULL,
  `COLOUR` varchar(45) NOT NULL,
  `MODIFIED_TIME` timestamp NOT NULL DEFAULT CURRENT_TIMESTAMP ON UPDATE CURRENT_TIMESTAMP,
  PRIMARY KEY (`WARNING_LEVEL_ID`)
) ENGINE=InnoDB AUTO_INCREMENT=4 DEFAULT CHARSET=latin1;
/*!40101 SET character_set_client = @saved_cs_client */;

--
-- Dumping data for table `warning_level`
--

LOCK TABLES `warning_level` WRITE;
/*!40000 ALTER TABLE `warning_level` DISABLE KEYS */;
INSERT INTO `warning_level` VALUES (1,'Bad','Red','2011-09-06 12:20:36'),(2,'Bad','Amber','2011-09-06 12:20:36'),(3,'Average','Yellow','2011-09-06 12:20:36');
/*!40000 ALTER TABLE `warning_level` ENABLE KEYS */;
UNLOCK TABLES;

--
-- Table structure for table `appointment_nature`
--

DROP TABLE IF EXISTS `appointment_nature`;
/*!40101 SET @saved_cs_client     = @@character_set_client */;
/*!40101 SET character_set_client = utf8 */;
CREATE TABLE `appointment_nature` (
  `APPOINTMENT_NATURE_ID` int(11) NOT NULL AUTO_INCREMENT,
  `DESCRIPTION` varchar(45) NOT NULL,
  `MODIFIED_TIME` timestamp NOT NULL DEFAULT CURRENT_TIMESTAMP ON UPDATE CURRENT_TIMESTAMP,
  PRIMARY KEY (`APPOINTMENT_NATURE_ID`)
) ENGINE=InnoDB AUTO_INCREMENT=7 DEFAULT CHARSET=latin1;
/*!40101 SET character_set_client = @saved_cs_client */;

--
-- Dumping data for table `appointment_nature`
--

LOCK TABLES `appointment_nature` WRITE;
/*!40000 ALTER TABLE `appointment_nature` DISABLE KEYS */;
INSERT INTO `appointment_nature` VALUES (1,'Non Certificated','2013-05-08 16:50:08'),(2,'Certificated','2013-05-08 16:50:08'),(3,'Diploma','2013-05-08 16:50:08'),(4,'Trainees','2013-05-08 16:50:08'),(5,'Volunteers','2013-05-08 16:50:08'),(6,'Other','2013-05-08 16:50:08');
/*!40000 ALTER TABLE `appointment_nature` ENABLE KEYS */;
UNLOCK TABLES;

--
-- Table structure for table `master_in_charge`
--

DROP TABLE IF EXISTS `master_in_charge`;
/*!40101 SET @saved_cs_client     = @@character_set_client */;
/*!40101 SET character_set_client = utf8 */;
CREATE TABLE `master_in_charge` (
  `MASTER_IN_CHARGE_ID` int(11) NOT NULL AUTO_INCREMENT,
  `STAFF_ID` int(11) NOT NULL,
  `CLUB_SOCIETY_ID` int(11) DEFAULT NULL,
  `SPORT_CATEGORY_ID` int(11) DEFAULT NULL,
  `HOUSE_ID` int(11) DEFAULT NULL,
  `MIC_FROM_DATE` date NOT NULL,
  `MIC_TO_DATE` date DEFAULT NULL,
  `NOTE` varchar(45) DEFAULT NULL,
  `MODIFIED_TIME` timestamp NOT NULL DEFAULT CURRENT_TIMESTAMP ON UPDATE CURRENT_TIMESTAMP,
  PRIMARY KEY (`MASTER_IN_CHARGE_ID`),
  UNIQUE KEY `UC_MASTER_IN_CHARGE` (`STAFF_ID`,`CLUB_SOCIETY_ID`,`SPORT_CATEGORY_ID`,`HOUSE_ID`),
  KEY `fk_master_in_charge_staff1` (`STAFF_ID`),
  KEY `fk_master_in_charge_club_society1` (`CLUB_SOCIETY_ID`),
  KEY `fk_MASTER_IN_CHARGE_SPORT_CATEGORY1` (`SPORT_CATEGORY_ID`),
  KEY `fk_MASTER_IN_CHARGE_HOUSE1` (`HOUSE_ID`),
  CONSTRAINT `fk_MASTER_IN_CHARGE_CLUB_SOCIETY1` FOREIGN KEY (`CLUB_SOCIETY_ID`) REFERENCES `club_society` (`CLUB_SOCIETY_ID`) ON UPDATE CASCADE,
  CONSTRAINT `fk_MASTER_IN_CHARGE_SPORT_CATEGORY1` FOREIGN KEY (`SPORT_CATEGORY_ID`) REFERENCES `sport_category` (`SPORT_CATEGORY_ID`) ON UPDATE CASCADE,
  CONSTRAINT `fk_MASTER_IN_CHARGE_HOUSE1` FOREIGN KEY (`HOUSE_ID`) REFERENCES `house` (`HOUSE_ID`) ON UPDATE CASCADE,
  CONSTRAINT `fk_master_in_charge_staff1` FOREIGN KEY (`STAFF_ID`) REFERENCES `staff` (`STAFF_ID`) ON DELETE CASCADE ON UPDATE CASCADE
) ENGINE=InnoDB DEFAULT CHARSET=latin1;
/*!40101 SET character_set_client = @saved_cs_client */;

--
-- Dumping data for table `master_in_charge`
--

LOCK TABLES `master_in_charge` WRITE;
/*!40000 ALTER TABLE `master_in_charge` DISABLE KEYS */;
/*!40000 ALTER TABLE `master_in_charge` ENABLE KEYS */;
UNLOCK TABLES;

--
-- Table structure for table `business_audit_details`
--

DROP TABLE IF EXISTS `business_audit_details`;
/*!40101 SET @saved_cs_client     = @@character_set_client */;
/*!40101 SET character_set_client = utf8 */;
CREATE TABLE `business_audit_details` (
  `BUSINESS_AUDIT_DETAILS_ID` int(11) NOT NULL AUTO_INCREMENT,
  `BUSINESS_AUDIT_ID` int(11) NOT NULL,
  `ATTRIBUTE_NAME` varchar(200) NOT NULL,
  `AUDIT_DESCRIPTION` varchar(1000) NOT NULL,
  `MODIFIED_TIME` timestamp NOT NULL DEFAULT CURRENT_TIMESTAMP ON UPDATE CURRENT_TIMESTAMP,
  PRIMARY KEY (`BUSINESS_AUDIT_DETAILS_ID`),
  KEY `fk_BUSSINESS_AUDIT_DETAILS_BUSSINESS_AUDIT1` (`BUSINESS_AUDIT_ID`),
  CONSTRAINT `fk_BUSSINESS_AUDIT_DETAILS_BUSSINESS_AUDIT1` FOREIGN KEY (`BUSINESS_AUDIT_ID`) REFERENCES `business_audit` (`BUSINESS_AUDIT_ID`) ON DELETE CASCADE ON UPDATE CASCADE
) ENGINE=InnoDB AUTO_INCREMENT=290 DEFAULT CHARSET=latin1;
/*!40101 SET character_set_client = @saved_cs_client */;

--
-- Dumping data for table `business_audit_details`
--

LOCK TABLES `business_audit_details` WRITE;
/*!40000 ALTER TABLE `business_audit_details` DISABLE KEYS */;
INSERT INTO `business_audit_details` VALUES (1,1,'class com.virtusa.akura.api.dto.Student','Student [studentId=1, admissionNo=1, fullName=Anataka Kuongeswa Salo]','2013-05-08 18:12:42'),(2,2,'class com.virtusa.akura.api.dto.StudentClassInfo','StudentClassInfo [studentClassInfoId=1, classGrade=A1, student=Anataka Kuongeswa Salo, year=2013-05-10]','2013-05-10 19:11:03'),(3,2,'class com.virtusa.akura.api.dto.StudentClassInfo','StudentClassInfo [studentClassInfoId=2, classGrade=A1, student=NYAMBARIA THOMAS, year=2013-05-10]','2013-05-10 19:11:03'),(4,2,'class com.virtusa.akura.api.dto.StudentClassInfo','StudentClassInfo [studentClassInfoId=3, classGrade=A1, student=MWIKWABE DANIEL CHACHA, year=2013-05-10]','2013-05-10 19:11:03'),(5,2,'class com.virtusa.akura.api.dto.StudentClassInfo','StudentClassInfo [studentClassInfoId=4, classGrade=A1, student=MAROA MWITA FESTUS, year=2013-05-10]','2013-05-10 19:11:03'),(6,2,'class com.virtusa.akura.api.dto.StudentClassInfo','StudentClassInfo [studentClassInfoId=5, classGrade=A1, student=ROBI EDWIN, year=2013-05-10]','2013-05-10 19:11:03'),(7,2,'class com.virtusa.akura.api.dto.StudentClassInfo','StudentClassInfo [studentClassInfoId=6, classGrade=A1, student=KIANGWE DAVID SINDA, year=2013-05-10]','2013-05-10 19:11:03'),(8,2,'class com.virtusa.akura.api.dto.StudentClassInfo','StudentClassInfo [studentClassInfoId=7, classGrade=A1, student=MWITA RAPHAEL KERARABWI, year=2013-05-10]','2013-05-10 19:11:03'),(9,2,'class com.virtusa.akura.api.dto.StudentClassInfo','StudentClassInfo [studentClassInfoId=8, classGrade=A1, student=BOKE ELIJAH MASIAGA, year=2013-05-10]','2013-05-10 19:11:03'),(10,2,'class com.virtusa.akura.api.dto.StudentClassInfo','StudentClassInfo [studentClassInfoId=9, classGrade=A1, student=MURIMI CHARLES CHACHA, year=2013-05-10]','2013-05-10 19:11:03'),(11,2,'class com.virtusa.akura.api.dto.StudentClassInfo','StudentClassInfo [studentClassInfoId=10, classGrade=A1, student=BOKE LILIAN BOKE, year=2013-05-10]','2013-05-10 19:11:03'),(12,2,'class com.virtusa.akura.api.dto.StudentClassInfo','StudentClassInfo [studentClassInfoId=11, classGrade=A1, student=KENYATTA JOB, year=2013-05-10]','2013-05-10 19:11:03'),(13,2,'class com.virtusa.akura.api.dto.StudentClassInfo','StudentClassInfo [studentClassInfoId=12, classGrade=A1, student=NSATO SABASTIAN NYANGI, year=2013-05-10]','2013-05-10 19:11:03'),(14,2,'class com.virtusa.akura.api.dto.StudentClassInfo','StudentClassInfo [studentClassInfoId=13, classGrade=A1, student=MIGIGE V NYAMBURA, year=2013-05-10]','2013-05-10 19:11:03'),(15,2,'class com.virtusa.akura.api.dto.StudentClassInfo','StudentClassInfo [studentClassInfoId=14, classGrade=A1, student=WANKURU GEORGE MWITA, year=2013-05-10]','2013-05-10 19:11:03'),(16,2,'class com.virtusa.akura.api.dto.StudentClassInfo','StudentClassInfo [studentClassInfoId=15, classGrade=A1, student=MOKAMI PETER MAROA, year=2013-05-10]','2013-05-10 19:11:03'),(17,2,'class com.virtusa.akura.api.dto.StudentClassInfo','StudentClassInfo [studentClassInfoId=16, classGrade=A1, student=NG\'ARASI NORMAN MOTATIRO, year=2013-05-10]','2013-05-10 19:11:03'),(18,2,'class com.virtusa.akura.api.dto.StudentClassInfo','StudentClassInfo [studentClassInfoId=17, classGrade=A1, student=BLACKTONE CHAMA MARWA, year=2013-05-10]','2013-05-10 19:11:03'),(19,2,'class com.virtusa.akura.api.dto.StudentClassInfo','StudentClassInfo [studentClassInfoId=18, classGrade=A1, student=SIMION CHACHA SAMWEL, year=2013-05-10]','2013-05-10 19:11:03'),(20,2,'class com.virtusa.akura.api.dto.StudentClassInfo','StudentClassInfo [studentClassInfoId=19, classGrade=A1, student=KERARIO SAMSON NKININA, year=2013-05-10]','2013-05-10 19:11:03'),(21,2,'class com.virtusa.akura.api.dto.StudentClassInfo','StudentClassInfo [studentClassInfoId=20, classGrade=A1, student=MWITA JOHNSON N, year=2013-05-10]','2013-05-10 19:11:03'),(22,2,'class com.virtusa.akura.api.dto.StudentClassInfo','StudentClassInfo [studentClassInfoId=21, classGrade=A1, student=MAROA SAMSON JUMA, year=2013-05-10]','2013-05-10 19:11:03'),(23,2,'class com.virtusa.akura.api.dto.StudentClassInfo','StudentClassInfo [studentClassInfoId=22, classGrade=A1, student=MOKAMI MARGARET M, year=2013-05-10]','2013-05-10 19:11:03'),(24,2,'class com.virtusa.akura.api.dto.StudentClassInfo','StudentClassInfo [studentClassInfoId=23, classGrade=A1, student=BOKE SAMM CHRISTINE, year=2013-05-10]','2013-05-10 19:11:03'),(25,2,'class com.virtusa.akura.api.dto.StudentClassInfo','StudentClassInfo [studentClassInfoId=24, classGrade=A1, student=MARIGI JOHN SAIYA, year=2013-05-10]','2013-05-10 19:11:03'),(26,2,'class com.virtusa.akura.api.dto.StudentClassInfo','StudentClassInfo [studentClassInfoId=25, classGrade=A1, student=MASUBO JOHN GEMAINO, year=2013-05-10]','2013-05-10 19:11:03'),(27,2,'class com.virtusa.akura.api.dto.StudentClassInfo','StudentClassInfo [studentClassInfoId=26, classGrade=A1, student=MWITA PAUL JOHNSTONE, year=2013-05-10]','2013-05-10 19:11:04'),(28,2,'class com.virtusa.akura.api.dto.StudentClassInfo','StudentClassInfo [studentClassInfoId=27, classGrade=A1, student=WANKIO ERICK MACHUMBE, year=2013-05-10]','2013-05-10 19:11:04'),(29,2,'class com.virtusa.akura.api.dto.StudentClassInfo','StudentClassInfo [studentClassInfoId=28, classGrade=A1, student=MWITA DALVIN JOHN, year=2013-05-10]','2013-05-10 19:11:04'),(30,2,'class com.virtusa.akura.api.dto.StudentClassInfo','StudentClassInfo [studentClassInfoId=29, classGrade=A1, student=CHACHA CLEOPHAS CALEB, year=2013-05-10]','2013-05-10 19:11:04'),(31,2,'class com.virtusa.akura.api.dto.StudentClassInfo','StudentClassInfo [studentClassInfoId=30, classGrade=A1, student=BOKE JUDITH SEGERE, year=2013-05-10]','2013-05-10 19:11:04'),(32,2,'class com.virtusa.akura.api.dto.StudentClassInfo','StudentClassInfo [studentClassInfoId=31, classGrade=A1, student=MWIKWABE LUCY RIOBA, year=2013-05-10]','2013-05-10 19:11:04'),(33,2,'class com.virtusa.akura.api.dto.StudentClassInfo','StudentClassInfo [studentClassInfoId=32, classGrade=A1, student=MATIKO CAROLINE CHACHA, year=2013-05-10]','2013-05-10 19:11:04'),(34,2,'class com.virtusa.akura.api.dto.StudentClassInfo','StudentClassInfo [studentClassInfoId=33, classGrade=A1, student=CHACHA N THOMAS, year=2013-05-10]','2013-05-10 19:11:04'),(35,2,'class com.virtusa.akura.api.dto.StudentClassInfo','StudentClassInfo [studentClassInfoId=34, classGrade=A1, student=MWITA OBADIAH GHATI, year=2013-05-10]','2013-05-10 19:11:04'),(36,2,'class com.virtusa.akura.api.dto.StudentClassInfo','StudentClassInfo [studentClassInfoId=35, classGrade=A1, student=MARWA SARAH C, year=2013-05-10]','2013-05-10 19:11:04'),(37,2,'class com.virtusa.akura.api.dto.StudentClassInfo','StudentClassInfo [studentClassInfoId=36, classGrade=A1, student=ORINA ONDARI CLEOPHAS, year=2013-05-10]','2013-05-10 19:11:04'),(38,2,'class com.virtusa.akura.api.dto.StudentClassInfo','StudentClassInfo [studentClassInfoId=37, classGrade=A1, student=MANG\'ITI PAUL JOHN, year=2013-05-10]','2013-05-10 19:11:04'),(39,2,'class com.virtusa.akura.api.dto.StudentClassInfo','StudentClassInfo [studentClassInfoId=38, classGrade=A1, student=ROBI JOSEPHINE GESAMBI, year=2013-05-10]','2013-05-10 19:11:04'),(40,2,'class com.virtusa.akura.api.dto.StudentClassInfo','StudentClassInfo [studentClassInfoId=39, classGrade=A1, student=WEGESA SUSAN MWITA, year=2013-05-10]','2013-05-10 19:11:04'),(41,2,'class com.virtusa.akura.api.dto.StudentClassInfo','StudentClassInfo [studentClassInfoId=40, classGrade=A1, student=OTIENO FELIX JUMA, year=2013-05-10]','2013-05-10 19:11:04'),(42,2,'class com.virtusa.akura.api.dto.StudentClassInfo','StudentClassInfo [studentClassInfoId=41, classGrade=A1, student=MATINDE EVERLINE BOKEYE, year=2013-05-10]','2013-05-10 19:11:04'),(43,2,'class com.virtusa.akura.api.dto.StudentClassInfo','StudentClassInfo [studentClassInfoId=42, classGrade=A1, student=MAROA SAMUEL CHACHA, year=2013-05-10]','2013-05-10 19:11:04'),(44,2,'class com.virtusa.akura.api.dto.StudentClassInfo','StudentClassInfo [studentClassInfoId=43, classGrade=A1, student=KENYANSA WESLEY KWAMESA, year=2013-05-10]','2013-05-10 19:11:04'),(45,2,'class com.virtusa.akura.api.dto.StudentClassInfo','StudentClassInfo [studentClassInfoId=44, classGrade=A1, student=NYAHIRI JOHNES RIOBA, year=2013-05-10]','2013-05-10 19:11:04'),(46,2,'class com.virtusa.akura.api.dto.StudentClassInfo','StudentClassInfo [studentClassInfoId=45, classGrade=A1, student=ROBI VENIC JOHN, year=2013-05-10]','2013-05-10 19:11:04'),(47,2,'class com.virtusa.akura.api.dto.StudentClassInfo','StudentClassInfo [studentClassInfoId=46, classGrade=A1, student=CHACHA SAMSON NYAMBOGAI, year=2013-05-10]','2013-05-10 19:11:04'),(48,2,'class com.virtusa.akura.api.dto.StudentClassInfo','StudentClassInfo [studentClassInfoId=47, classGrade=A1, student=GATI DANIEL SAMSON, year=2013-05-10]','2013-05-10 19:11:04'),(49,2,'class com.virtusa.akura.api.dto.StudentClassInfo','StudentClassInfo [studentClassInfoId=48, classGrade=A1, student=NYAMWITA JAMES MAROA, year=2013-05-10]','2013-05-10 19:11:04'),(50,2,'class com.virtusa.akura.api.dto.StudentClassInfo','StudentClassInfo [studentClassInfoId=49, classGrade=A1, student=MATIKO PHILEMON GOSIANI, year=2013-05-10]','2013-05-10 19:11:04'),(51,2,'class com.virtusa.akura.api.dto.StudentClassInfo','StudentClassInfo [studentClassInfoId=50, classGrade=A1, student=NYAMBURI JUSTUS MWITA, year=2013-05-10]','2013-05-10 19:11:04'),(52,2,'class com.virtusa.akura.api.dto.StudentClassInfo','StudentClassInfo [studentClassInfoId=51, classGrade=A1, student=MATIKO ALEX M, year=2013-05-10]','2013-05-10 19:11:04'),(53,2,'class com.virtusa.akura.api.dto.StudentClassInfo','StudentClassInfo [studentClassInfoId=52, classGrade=A1, student=NYAROGERO T BARITIRE, year=2013-05-10]','2013-05-10 19:11:04'),(54,2,'class com.virtusa.akura.api.dto.StudentClassInfo','StudentClassInfo [studentClassInfoId=53, classGrade=A1, student=ONYANGO ROBERT ONGOJO, year=2013-05-10]','2013-05-10 19:11:04'),(55,2,'class com.virtusa.akura.api.dto.StudentClassInfo','StudentClassInfo [studentClassInfoId=54, classGrade=A1, student=THOMAS GIBITERE JOHN, year=2013-05-10]','2013-05-10 19:11:04'),(56,2,'class com.virtusa.akura.api.dto.StudentClassInfo','StudentClassInfo [studentClassInfoId=55, classGrade=A1, student=CHACHA PATRICE MAROA, year=2013-05-10]','2013-05-10 19:11:05'),(57,2,'class com.virtusa.akura.api.dto.StudentClassInfo','StudentClassInfo [studentClassInfoId=56, classGrade=A1, student=ROBI LUCY CHACHA, year=2013-05-10]','2013-05-10 19:11:05'),(58,2,'class com.virtusa.akura.api.dto.StudentClassInfo','StudentClassInfo [studentClassInfoId=57, classGrade=A1, student=MATIKO SHADRACK CHACHA, year=2013-05-10]','2013-05-10 19:11:05'),(59,2,'class com.virtusa.akura.api.dto.StudentClassInfo','StudentClassInfo [studentClassInfoId=58, classGrade=A1, student=NYANGI PHILIP MOHONO, year=2013-05-10]','2013-05-10 19:11:05'),(60,2,'class com.virtusa.akura.api.dto.StudentClassInfo','StudentClassInfo [studentClassInfoId=59, classGrade=A1, student=BHOKE REBECCA MWITA, year=2013-05-10]','2013-05-10 19:11:05'),(61,2,'class com.virtusa.akura.api.dto.StudentClassInfo','StudentClassInfo [studentClassInfoId=60, classGrade=A1, student=ESPINE JOHNSON HABINI, year=2013-05-10]','2013-05-10 19:11:05'),(62,2,'class com.virtusa.akura.api.dto.StudentClassInfo','StudentClassInfo [studentClassInfoId=61, classGrade=A1, student= MOKAMI ESTHER WANKURU, year=2013-05-10]','2013-05-10 19:11:05'),(63,2,'class com.virtusa.akura.api.dto.StudentClassInfo','StudentClassInfo [studentClassInfoId=62, classGrade=A1, student=MACHUGU EVANS WANKURU, year=2013-05-10]','2013-05-10 19:11:05'),(64,2,'class com.virtusa.akura.api.dto.StudentClassInfo','StudentClassInfo [studentClassInfoId=63, classGrade=A1, student=MWITA MWIKWABE THOMAS, year=2013-05-10]','2013-05-10 19:11:05'),(65,2,'class com.virtusa.akura.api.dto.StudentClassInfo','StudentClassInfo [studentClassInfoId=64, classGrade=A1, student=MARWA CAROLINE, year=2013-05-10]','2013-05-10 19:11:05'),(66,2,'class com.virtusa.akura.api.dto.StudentClassInfo','StudentClassInfo [studentClassInfoId=65, classGrade=A1, student=BOKE SARAH JOHN, year=2013-05-10]','2013-05-10 19:11:05'),(67,2,'class com.virtusa.akura.api.dto.StudentClassInfo','StudentClassInfo [studentClassInfoId=66, classGrade=A1, student=MUTURI DAVID MWITA, year=2013-05-10]','2013-05-10 19:11:05'),(68,2,'class com.virtusa.akura.api.dto.StudentClassInfo','StudentClassInfo [studentClassInfoId=67, classGrade=A1, student=CHACHA ISAAC MURUGA, year=2013-05-10]','2013-05-10 19:11:05'),(69,2,'class com.virtusa.akura.api.dto.StudentClassInfo','StudentClassInfo [studentClassInfoId=68, classGrade=A1, student=OJALLA JOYCE AKOTH, year=2013-05-10]','2013-05-10 19:11:05'),(70,2,'class com.virtusa.akura.api.dto.StudentClassInfo','StudentClassInfo [studentClassInfoId=69, classGrade=A1, student=WEREMA MWITA BENSON, year=2013-05-10]','2013-05-10 19:11:05'),(71,2,'class com.virtusa.akura.api.dto.StudentClassInfo','StudentClassInfo [studentClassInfoId=70, classGrade=A1, student=NYAMOHANGA PETER MASAKWI, year=2013-05-10]','2013-05-10 19:11:05'),(72,2,'class com.virtusa.akura.api.dto.StudentClassInfo','StudentClassInfo [studentClassInfoId=71, classGrade=A1, student=MOSAMA AMOS MENG\'ANYI, year=2013-05-10]','2013-05-10 19:11:05'),(73,2,'class com.virtusa.akura.api.dto.StudentClassInfo','StudentClassInfo [studentClassInfoId=72, classGrade=A1, student=NKONYA JOHANNES JOSEPH, year=2013-05-10]','2013-05-10 19:11:05'),(74,3,'class com.virtusa.akura.api.dto.StudentTermMark','StudentTermMark [gradeSubjectId=1, studentClassInfoId=61, meritAward=null, termId=1, marks=50.0, comments=null, absent=false, editMarkState=true]','2013-05-10 19:22:38'),(75,3,'class com.virtusa.akura.api.dto.StudentTermMark','StudentTermMark [gradeSubjectId=2, studentClassInfoId=61, meritAward=null, termId=1, marks=0.0, comments=null, absent=false, editMarkState=false]','2013-05-10 19:22:38'),(76,3,'class com.virtusa.akura.api.dto.StudentTermMark','StudentTermMark [gradeSubjectId=3, studentClassInfoId=61, meritAward=null, termId=1, marks=0.0, comments=null, absent=false, editMarkState=false]','2013-05-10 19:22:38'),(77,3,'class com.virtusa.akura.api.dto.StudentTermMark','StudentTermMark [gradeSubjectId=1, studentClassInfoId=59, meritAward=null, termId=1, marks=10.0, comments=null, absent=false, editMarkState=true]','2013-05-10 19:22:38'),(78,3,'class com.virtusa.akura.api.dto.StudentTermMark','StudentTermMark [gradeSubjectId=2, studentClassInfoId=59, meritAward=null, termId=1, marks=0.0, comments=null, absent=false, editMarkState=false]','2013-05-10 19:22:38'),(79,3,'class com.virtusa.akura.api.dto.StudentTermMark','StudentTermMark [gradeSubjectId=3, studentClassInfoId=59, meritAward=null, termId=1, marks=0.0, comments=null, absent=false, editMarkState=false]','2013-05-10 19:22:38'),(80,3,'class com.virtusa.akura.api.dto.StudentTermMark','StudentTermMark [gradeSubjectId=1, studentClassInfoId=17, meritAward=null, termId=1, marks=25.0, comments=null, absent=false, editMarkState=true]','2013-05-10 19:22:38'),(81,3,'class com.virtusa.akura.api.dto.StudentTermMark','StudentTermMark [gradeSubjectId=2, studentClassInfoId=17, meritAward=null, termId=1, marks=0.0, comments=null, absent=false, editMarkState=false]','2013-05-10 19:22:38'),(82,3,'class com.virtusa.akura.api.dto.StudentTermMark','StudentTermMark [gradeSubjectId=3, studentClassInfoId=17, meritAward=null, termId=1, marks=0.0, comments=null, absent=false, editMarkState=false]','2013-05-10 19:22:38'),(83,3,'class com.virtusa.akura.api.dto.StudentTermMark','StudentTermMark [gradeSubjectId=1, studentClassInfoId=8, meritAward=null, termId=1, marks=28.0, comments=null, absent=false, editMarkState=true]','2013-05-10 19:22:38'),(84,3,'class com.virtusa.akura.api.dto.StudentTermMark','StudentTermMark [gradeSubjectId=2, studentClassInfoId=8, meritAward=null, termId=1, marks=0.0, comments=null, absent=false, editMarkState=false]','2013-05-10 19:22:38'),(85,3,'class com.virtusa.akura.api.dto.StudentTermMark','StudentTermMark [gradeSubjectId=3, studentClassInfoId=8, meritAward=null, termId=1, marks=0.0, comments=null, absent=false, editMarkState=false]','2013-05-10 19:22:38'),(86,3,'class com.virtusa.akura.api.dto.StudentTermMark','StudentTermMark [gradeSubjectId=1, studentClassInfoId=30, meritAward=null, termId=1, marks=26.0, comments=null, absent=false, editMarkState=true]','2013-05-10 19:22:38'),(87,3,'class com.virtusa.akura.api.dto.StudentTermMark','StudentTermMark [gradeSubjectId=2, studentClassInfoId=30, meritAward=null, termId=1, marks=0.0, comments=null, absent=false, editMarkState=false]','2013-05-10 19:22:39'),(88,3,'class com.virtusa.akura.api.dto.StudentTermMark','StudentTermMark [gradeSubjectId=3, studentClassInfoId=30, meritAward=null, termId=1, marks=0.0, comments=null, absent=false, editMarkState=false]','2013-05-10 19:22:39'),(89,3,'class com.virtusa.akura.api.dto.StudentTermMark','StudentTermMark [gradeSubjectId=1, studentClassInfoId=10, meritAward=null, termId=1, marks=35.0, comments=null, absent=false, editMarkState=true]','2013-05-10 19:22:39'),(90,3,'class com.virtusa.akura.api.dto.StudentTermMark','StudentTermMark [gradeSubjectId=2, studentClassInfoId=10, meritAward=null, termId=1, marks=0.0, comments=null, absent=false, editMarkState=false]','2013-05-10 19:22:39'),(91,3,'class com.virtusa.akura.api.dto.StudentTermMark','StudentTermMark [gradeSubjectId=3, studentClassInfoId=10, meritAward=null, termId=1, marks=0.0, comments=null, absent=false, editMarkState=false]','2013-05-10 19:22:39'),(92,3,'class com.virtusa.akura.api.dto.StudentTermMark','StudentTermMark [gradeSubjectId=1, studentClassInfoId=23, meritAward=null, termId=1, marks=22.0, comments=null, absent=false, editMarkState=true]','2013-05-10 19:22:39'),(93,3,'class com.virtusa.akura.api.dto.StudentTermMark','StudentTermMark [gradeSubjectId=2, studentClassInfoId=23, meritAward=null, termId=1, marks=0.0, comments=null, absent=false, editMarkState=false]','2013-05-10 19:22:39'),(94,3,'class com.virtusa.akura.api.dto.StudentTermMark','StudentTermMark [gradeSubjectId=3, studentClassInfoId=23, meritAward=null, termId=1, marks=0.0, comments=null, absent=false, editMarkState=false]','2013-05-10 19:22:39'),(95,3,'class com.virtusa.akura.api.dto.StudentTermMark','StudentTermMark [gradeSubjectId=1, studentClassInfoId=65, meritAward=null, termId=1, marks=92.0, comments=null, absent=false, editMarkState=true]','2013-05-10 19:22:39'),(96,3,'class com.virtusa.akura.api.dto.StudentTermMark','StudentTermMark [gradeSubjectId=2, studentClassInfoId=65, meritAward=null, termId=1, marks=0.0, comments=null, absent=false, editMarkState=false]','2013-05-10 19:22:39'),(97,3,'class com.virtusa.akura.api.dto.StudentTermMark','StudentTermMark [gradeSubjectId=3, studentClassInfoId=65, meritAward=null, termId=1, marks=0.0, comments=null, absent=false, editMarkState=false]','2013-05-10 19:22:39'),(98,3,'class com.virtusa.akura.api.dto.StudentTermMark','StudentTermMark [gradeSubjectId=1, studentClassInfoId=29, meritAward=null, termId=1, marks=23.0, comments=null, absent=false, editMarkState=true]','2013-05-10 19:22:40'),(99,3,'class com.virtusa.akura.api.dto.StudentTermMark','StudentTermMark [gradeSubjectId=2, studentClassInfoId=29, meritAward=null, termId=1, marks=0.0, comments=null, absent=false, editMarkState=false]','2013-05-10 19:22:40'),(100,3,'class com.virtusa.akura.api.dto.StudentTermMark','StudentTermMark [gradeSubjectId=3, studentClassInfoId=29, meritAward=null, termId=1, marks=0.0, comments=null, absent=false, editMarkState=false]','2013-05-10 19:22:40'),(101,3,'class com.virtusa.akura.api.dto.StudentTermMark','StudentTermMark [gradeSubjectId=1, studentClassInfoId=67, meritAward=null, termId=1, marks=56.0, comments=null, absent=false, editMarkState=true]','2013-05-10 19:22:40'),(102,3,'class com.virtusa.akura.api.dto.StudentTermMark','StudentTermMark [gradeSubjectId=2, studentClassInfoId=67, meritAward=null, termId=1, marks=0.0, comments=null, absent=false, editMarkState=false]','2013-05-10 19:22:40'),(103,3,'class com.virtusa.akura.api.dto.StudentTermMark','StudentTermMark [gradeSubjectId=3, studentClassInfoId=67, meritAward=null, termId=1, marks=0.0, comments=null, absent=false, editMarkState=false]','2013-05-10 19:22:40'),(104,3,'class com.virtusa.akura.api.dto.StudentTermMark','StudentTermMark [gradeSubjectId=1, studentClassInfoId=33, meritAward=null, termId=1, marks=24.0, comments=null, absent=false, editMarkState=true]','2013-05-10 19:22:40'),(105,3,'class com.virtusa.akura.api.dto.StudentTermMark','StudentTermMark [gradeSubjectId=2, studentClassInfoId=33, meritAward=null, termId=1, marks=0.0, comments=null, absent=false, editMarkState=false]','2013-05-10 19:22:40'),(106,3,'class com.virtusa.akura.api.dto.StudentTermMark','StudentTermMark [gradeSubjectId=3, studentClassInfoId=33, meritAward=null, termId=1, marks=0.0, comments=null, absent=false, editMarkState=false]','2013-05-10 19:22:40'),(107,3,'class com.virtusa.akura.api.dto.StudentTermMark','StudentTermMark [gradeSubjectId=1, studentClassInfoId=55, meritAward=null, termId=1, marks=45.0, comments=null, absent=false, editMarkState=true]','2013-05-10 19:22:40'),(108,3,'class com.virtusa.akura.api.dto.StudentTermMark','StudentTermMark [gradeSubjectId=2, studentClassInfoId=55, meritAward=null, termId=1, marks=0.0, comments=null, absent=false, editMarkState=false]','2013-05-10 19:22:40'),(109,3,'class com.virtusa.akura.api.dto.StudentTermMark','StudentTermMark [gradeSubjectId=3, studentClassInfoId=55, meritAward=null, termId=1, marks=0.0, comments=null, absent=false, editMarkState=false]','2013-05-10 19:22:40'),(110,3,'class com.virtusa.akura.api.dto.StudentTermMark','StudentTermMark [gradeSubjectId=1, studentClassInfoId=46, meritAward=null, termId=1, marks=27.0, comments=null, absent=false, editMarkState=true]','2013-05-10 19:22:40'),(111,3,'class com.virtusa.akura.api.dto.StudentTermMark','StudentTermMark [gradeSubjectId=2, studentClassInfoId=46, meritAward=null, termId=1, marks=0.0, comments=null, absent=false, editMarkState=false]','2013-05-10 19:22:40'),(112,3,'class com.virtusa.akura.api.dto.StudentTermMark','StudentTermMark [gradeSubjectId=3, studentClassInfoId=46, meritAward=null, termId=1, marks=0.0, comments=null, absent=false, editMarkState=false]','2013-05-10 19:22:40'),(113,3,'class com.virtusa.akura.api.dto.StudentTermMark','StudentTermMark [gradeSubjectId=1, studentClassInfoId=60, meritAward=null, termId=1, marks=12.0, comments=null, absent=false, editMarkState=true]','2013-05-10 19:22:40'),(114,3,'class com.virtusa.akura.api.dto.StudentTermMark','StudentTermMark [gradeSubjectId=2, studentClassInfoId=60, meritAward=null, termId=1, marks=0.0, comments=null, absent=false, editMarkState=false]','2013-05-10 19:22:40'),(115,3,'class com.virtusa.akura.api.dto.StudentTermMark','StudentTermMark [gradeSubjectId=3, studentClassInfoId=60, meritAward=null, termId=1, marks=0.0, comments=null, absent=false, editMarkState=false]','2013-05-10 19:22:40'),(116,3,'class com.virtusa.akura.api.dto.StudentTermMark','StudentTermMark [gradeSubjectId=1, studentClassInfoId=47, meritAward=null, termId=1, marks=1.0, comments=null, absent=false, editMarkState=true]','2013-05-10 19:22:40'),(117,3,'class com.virtusa.akura.api.dto.StudentTermMark','StudentTermMark [gradeSubjectId=2, studentClassInfoId=47, meritAward=null, termId=1, marks=0.0, comments=null, absent=false, editMarkState=false]','2013-05-10 19:22:40'),(118,3,'class com.virtusa.akura.api.dto.StudentTermMark','StudentTermMark [gradeSubjectId=3, studentClassInfoId=47, meritAward=null, termId=1, marks=0.0, comments=null, absent=false, editMarkState=false]','2013-05-10 19:22:40'),(119,3,'class com.virtusa.akura.api.dto.StudentTermMark','StudentTermMark [gradeSubjectId=1, studentClassInfoId=43, meritAward=null, termId=1, marks=39.0, comments=null, absent=false, editMarkState=true]','2013-05-10 19:22:40'),(120,3,'class com.virtusa.akura.api.dto.StudentTermMark','StudentTermMark [gradeSubjectId=2, studentClassInfoId=43, meritAward=null, termId=1, marks=0.0, comments=null, absent=false, editMarkState=false]','2013-05-10 19:22:40'),(121,3,'class com.virtusa.akura.api.dto.StudentTermMark','StudentTermMark [gradeSubjectId=3, studentClassInfoId=43, meritAward=null, termId=1, marks=0.0, comments=null, absent=false, editMarkState=false]','2013-05-10 19:22:40'),(122,3,'class com.virtusa.akura.api.dto.StudentTermMark','StudentTermMark [gradeSubjectId=1, studentClassInfoId=11, meritAward=null, termId=1, marks=25.0, comments=null, absent=false, editMarkState=true]','2013-05-10 19:22:40'),(123,3,'class com.virtusa.akura.api.dto.StudentTermMark','StudentTermMark [gradeSubjectId=2, studentClassInfoId=11, meritAward=null, termId=1, marks=0.0, comments=null, absent=false, editMarkState=false]','2013-05-10 19:22:40'),(124,3,'class com.virtusa.akura.api.dto.StudentTermMark','StudentTermMark [gradeSubjectId=3, studentClassInfoId=11, meritAward=null, termId=1, marks=0.0, comments=null, absent=false, editMarkState=false]','2013-05-10 19:22:40'),(125,3,'class com.virtusa.akura.api.dto.StudentTermMark','StudentTermMark [gradeSubjectId=1, studentClassInfoId=19, meritAward=null, termId=1, marks=1.0, comments=null, absent=false, editMarkState=true]','2013-05-10 19:22:41'),(126,3,'class com.virtusa.akura.api.dto.StudentTermMark','StudentTermMark [gradeSubjectId=2, studentClassInfoId=19, meritAward=null, termId=1, marks=0.0, comments=null, absent=false, editMarkState=false]','2013-05-10 19:22:41'),(127,3,'class com.virtusa.akura.api.dto.StudentTermMark','StudentTermMark [gradeSubjectId=3, studentClassInfoId=19, meritAward=null, termId=1, marks=0.0, comments=null, absent=false, editMarkState=false]','2013-05-10 19:22:41'),(128,3,'class com.virtusa.akura.api.dto.StudentTermMark','StudentTermMark [gradeSubjectId=1, studentClassInfoId=6, meritAward=null, termId=1, marks=4.0, comments=null, absent=false, editMarkState=true]','2013-05-10 19:22:41'),(129,3,'class com.virtusa.akura.api.dto.StudentTermMark','StudentTermMark [gradeSubjectId=2, studentClassInfoId=6, meritAward=null, termId=1, marks=0.0, comments=null, absent=false, editMarkState=false]','2013-05-10 19:22:41'),(130,3,'class com.virtusa.akura.api.dto.StudentTermMark','StudentTermMark [gradeSubjectId=3, studentClassInfoId=6, meritAward=null, termId=1, marks=0.0, comments=null, absent=false, editMarkState=false]','2013-05-10 19:22:41'),(131,3,'class com.virtusa.akura.api.dto.StudentTermMark','StudentTermMark [gradeSubjectId=1, studentClassInfoId=62, meritAward=null, termId=1, marks=90.0, comments=null, absent=false, editMarkState=true]','2013-05-10 19:22:41'),(132,3,'class com.virtusa.akura.api.dto.StudentTermMark','StudentTermMark [gradeSubjectId=2, studentClassInfoId=62, meritAward=null, termId=1, marks=0.0, comments=null, absent=false, editMarkState=false]','2013-05-10 19:22:41'),(133,3,'class com.virtusa.akura.api.dto.StudentTermMark','StudentTermMark [gradeSubjectId=3, studentClassInfoId=62, meritAward=null, termId=1, marks=0.0, comments=null, absent=false, editMarkState=false]','2013-05-10 19:22:41'),(134,3,'class com.virtusa.akura.api.dto.StudentTermMark','StudentTermMark [gradeSubjectId=1, studentClassInfoId=37, meritAward=null, termId=1, marks=41.0, comments=null, absent=false, editMarkState=true]','2013-05-10 19:22:41'),(135,3,'class com.virtusa.akura.api.dto.StudentTermMark','StudentTermMark [gradeSubjectId=2, studentClassInfoId=37, meritAward=null, termId=1, marks=0.0, comments=null, absent=false, editMarkState=false]','2013-05-10 19:22:41'),(136,3,'class com.virtusa.akura.api.dto.StudentTermMark','StudentTermMark [gradeSubjectId=3, studentClassInfoId=37, meritAward=null, termId=1, marks=0.0, comments=null, absent=false, editMarkState=false]','2013-05-10 19:22:41'),(137,3,'class com.virtusa.akura.api.dto.StudentTermMark','StudentTermMark [gradeSubjectId=1, studentClassInfoId=24, meritAward=null, termId=1, marks=89.0, comments=null, absent=false, editMarkState=true]','2013-05-10 19:22:41'),(138,3,'class com.virtusa.akura.api.dto.StudentTermMark','StudentTermMark [gradeSubjectId=2, studentClassInfoId=24, meritAward=null, termId=1, marks=0.0, comments=null, absent=false, editMarkState=false]','2013-05-10 19:22:41'),(139,3,'class com.virtusa.akura.api.dto.StudentTermMark','StudentTermMark [gradeSubjectId=3, studentClassInfoId=24, meritAward=null, termId=1, marks=0.0, comments=null, absent=false, editMarkState=false]','2013-05-10 19:22:41'),(140,3,'class com.virtusa.akura.api.dto.StudentTermMark','StudentTermMark [gradeSubjectId=1, studentClassInfoId=4, meritAward=null, termId=1, marks=9.0, comments=null, absent=false, editMarkState=true]','2013-05-10 19:22:41'),(141,3,'class com.virtusa.akura.api.dto.StudentTermMark','StudentTermMark [gradeSubjectId=2, studentClassInfoId=4, meritAward=null, termId=1, marks=0.0, comments=null, absent=false, editMarkState=false]','2013-05-10 19:22:41'),(142,3,'class com.virtusa.akura.api.dto.StudentTermMark','StudentTermMark [gradeSubjectId=3, studentClassInfoId=4, meritAward=null, termId=1, marks=0.0, comments=null, absent=false, editMarkState=false]','2013-05-10 19:22:41'),(143,3,'class com.virtusa.akura.api.dto.StudentTermMark','StudentTermMark [gradeSubjectId=1, studentClassInfoId=21, meritAward=null, termId=1, marks=78.0, comments=null, absent=false, editMarkState=true]','2013-05-10 19:22:41'),(144,3,'class com.virtusa.akura.api.dto.StudentTermMark','StudentTermMark [gradeSubjectId=2, studentClassInfoId=21, meritAward=null, termId=1, marks=0.0, comments=null, absent=false, editMarkState=false]','2013-05-10 19:22:41'),(145,3,'class com.virtusa.akura.api.dto.StudentTermMark','StudentTermMark [gradeSubjectId=3, studentClassInfoId=21, meritAward=null, termId=1, marks=0.0, comments=null, absent=false, editMarkState=false]','2013-05-10 19:22:41'),(146,3,'class com.virtusa.akura.api.dto.StudentTermMark','StudentTermMark [gradeSubjectId=1, studentClassInfoId=42, meritAward=null, termId=1, marks=56.0, comments=null, absent=false, editMarkState=true]','2013-05-10 19:22:41'),(147,3,'class com.virtusa.akura.api.dto.StudentTermMark','StudentTermMark [gradeSubjectId=2, studentClassInfoId=42, meritAward=null, termId=1, marks=0.0, comments=null, absent=false, editMarkState=false]','2013-05-10 19:22:41'),(148,3,'class com.virtusa.akura.api.dto.StudentTermMark','StudentTermMark [gradeSubjectId=3, studentClassInfoId=42, meritAward=null, termId=1, marks=0.0, comments=null, absent=false, editMarkState=false]','2013-05-10 19:22:41'),(149,3,'class com.virtusa.akura.api.dto.StudentTermMark','StudentTermMark [gradeSubjectId=1, studentClassInfoId=64, meritAward=null, termId=1, marks=45.0, comments=null, absent=false, editMarkState=true]','2013-05-10 19:22:41'),(150,3,'class com.virtusa.akura.api.dto.StudentTermMark','StudentTermMark [gradeSubjectId=2, studentClassInfoId=64, meritAward=null, termId=1, marks=0.0, comments=null, absent=false, editMarkState=false]','2013-05-10 19:22:41'),(151,3,'class com.virtusa.akura.api.dto.StudentTermMark','StudentTermMark [gradeSubjectId=3, studentClassInfoId=64, meritAward=null, termId=1, marks=0.0, comments=null, absent=false, editMarkState=false]','2013-05-10 19:22:41'),(152,3,'class com.virtusa.akura.api.dto.StudentTermMark','StudentTermMark [gradeSubjectId=1, studentClassInfoId=35, meritAward=null, termId=1, marks=56.0, comments=null, absent=false, editMarkState=true]','2013-05-10 19:22:41'),(153,3,'class com.virtusa.akura.api.dto.StudentTermMark','StudentTermMark [gradeSubjectId=2, studentClassInfoId=35, meritAward=null, termId=1, marks=0.0, comments=null, absent=false, editMarkState=false]','2013-05-10 19:22:41'),(154,3,'class com.virtusa.akura.api.dto.StudentTermMark','StudentTermMark [gradeSubjectId=3, studentClassInfoId=35, meritAward=null, termId=1, marks=0.0, comments=null, absent=false, editMarkState=false]','2013-05-10 19:22:41'),(155,3,'class com.virtusa.akura.api.dto.StudentTermMark','StudentTermMark [gradeSubjectId=1, studentClassInfoId=25, meritAward=null, termId=1, marks=12.0, comments=null, absent=false, editMarkState=true]','2013-05-10 19:22:41'),(156,3,'class com.virtusa.akura.api.dto.StudentTermMark','StudentTermMark [gradeSubjectId=2, studentClassInfoId=25, meritAward=null, termId=1, marks=0.0, comments=null, absent=false, editMarkState=false]','2013-05-10 19:22:41'),(157,3,'class com.virtusa.akura.api.dto.StudentTermMark','StudentTermMark [gradeSubjectId=3, studentClassInfoId=25, meritAward=null, termId=1, marks=0.0, comments=null, absent=false, editMarkState=false]','2013-05-10 19:22:41'),(158,3,'class com.virtusa.akura.api.dto.StudentTermMark','StudentTermMark [gradeSubjectId=1, studentClassInfoId=51, meritAward=null, termId=1, marks=9.0, comments=null, absent=false, editMarkState=true]','2013-05-10 19:22:41'),(159,3,'class com.virtusa.akura.api.dto.StudentTermMark','StudentTermMark [gradeSubjectId=2, studentClassInfoId=51, meritAward=null, termId=1, marks=0.0, comments=null, absent=false, editMarkState=false]','2013-05-10 19:22:41'),(160,3,'class com.virtusa.akura.api.dto.StudentTermMark','StudentTermMark [gradeSubjectId=3, studentClassInfoId=51, meritAward=null, termId=1, marks=0.0, comments=null, absent=false, editMarkState=false]','2013-05-10 19:22:41'),(161,3,'class com.virtusa.akura.api.dto.StudentTermMark','StudentTermMark [gradeSubjectId=1, studentClassInfoId=32, meritAward=null, termId=1, marks=85.0, comments=null, absent=false, editMarkState=true]','2013-05-10 19:22:41'),(162,3,'class com.virtusa.akura.api.dto.StudentTermMark','StudentTermMark [gradeSubjectId=2, studentClassInfoId=32, meritAward=null, termId=1, marks=0.0, comments=null, absent=false, editMarkState=false]','2013-05-10 19:22:41'),(163,3,'class com.virtusa.akura.api.dto.StudentTermMark','StudentTermMark [gradeSubjectId=3, studentClassInfoId=32, meritAward=null, termId=1, marks=0.0, comments=null, absent=false, editMarkState=false]','2013-05-10 19:22:41'),(164,3,'class com.virtusa.akura.api.dto.StudentTermMark','StudentTermMark [gradeSubjectId=1, studentClassInfoId=49, meritAward=null, termId=1, marks=20.0, comments=null, absent=false, editMarkState=true]','2013-05-10 19:22:41'),(165,3,'class com.virtusa.akura.api.dto.StudentTermMark','StudentTermMark [gradeSubjectId=2, studentClassInfoId=49, meritAward=null, termId=1, marks=0.0, comments=null, absent=false, editMarkState=false]','2013-05-10 19:22:42'),(166,3,'class com.virtusa.akura.api.dto.StudentTermMark','StudentTermMark [gradeSubjectId=3, studentClassInfoId=49, meritAward=null, termId=1, marks=0.0, comments=null, absent=false, editMarkState=false]','2013-05-10 19:22:42'),(167,3,'class com.virtusa.akura.api.dto.StudentTermMark','StudentTermMark [gradeSubjectId=1, studentClassInfoId=57, meritAward=null, termId=1, marks=14.0, comments=null, absent=false, editMarkState=true]','2013-05-10 19:22:42'),(168,3,'class com.virtusa.akura.api.dto.StudentTermMark','StudentTermMark [gradeSubjectId=2, studentClassInfoId=57, meritAward=null, termId=1, marks=0.0, comments=null, absent=false, editMarkState=false]','2013-05-10 19:22:42'),(169,3,'class com.virtusa.akura.api.dto.StudentTermMark','StudentTermMark [gradeSubjectId=3, studentClassInfoId=57, meritAward=null, termId=1, marks=0.0, comments=null, absent=false, editMarkState=false]','2013-05-10 19:22:42'),(170,3,'class com.virtusa.akura.api.dto.StudentTermMark','StudentTermMark [gradeSubjectId=1, studentClassInfoId=41, meritAward=null, termId=1, marks=74.0, comments=null, absent=false, editMarkState=true]','2013-05-10 19:22:42'),(171,3,'class com.virtusa.akura.api.dto.StudentTermMark','StudentTermMark [gradeSubjectId=2, studentClassInfoId=41, meritAward=null, termId=1, marks=0.0, comments=null, absent=false, editMarkState=false]','2013-05-10 19:22:42'),(172,3,'class com.virtusa.akura.api.dto.StudentTermMark','StudentTermMark [gradeSubjectId=3, studentClassInfoId=41, meritAward=null, termId=1, marks=0.0, comments=null, absent=false, editMarkState=false]','2013-05-10 19:22:42'),(173,3,'class com.virtusa.akura.api.dto.StudentTermMark','StudentTermMark [gradeSubjectId=1, studentClassInfoId=13, meritAward=null, termId=1, marks=58.0, comments=null, absent=false, editMarkState=true]','2013-05-10 19:22:42'),(174,3,'class com.virtusa.akura.api.dto.StudentTermMark','StudentTermMark [gradeSubjectId=2, studentClassInfoId=13, meritAward=null, termId=1, marks=0.0, comments=null, absent=false, editMarkState=false]','2013-05-10 19:22:42'),(175,3,'class com.virtusa.akura.api.dto.StudentTermMark','StudentTermMark [gradeSubjectId=3, studentClassInfoId=13, meritAward=null, termId=1, marks=0.0, comments=null, absent=false, editMarkState=false]','2013-05-10 19:22:42'),(176,3,'class com.virtusa.akura.api.dto.StudentTermMark','StudentTermMark [gradeSubjectId=1, studentClassInfoId=22, meritAward=null, termId=1, marks=74.0, comments=null, absent=false, editMarkState=true]','2013-05-10 19:22:42'),(177,3,'class com.virtusa.akura.api.dto.StudentTermMark','StudentTermMark [gradeSubjectId=2, studentClassInfoId=22, meritAward=null, termId=1, marks=0.0, comments=null, absent=false, editMarkState=false]','2013-05-10 19:22:42'),(178,3,'class com.virtusa.akura.api.dto.StudentTermMark','StudentTermMark [gradeSubjectId=3, studentClassInfoId=22, meritAward=null, termId=1, marks=0.0, comments=null, absent=false, editMarkState=false]','2013-05-10 19:22:42'),(179,3,'class com.virtusa.akura.api.dto.StudentTermMark','StudentTermMark [gradeSubjectId=1, studentClassInfoId=15, meritAward=null, termId=1, marks=5.0, comments=null, absent=false, editMarkState=true]','2013-05-10 19:22:42'),(180,3,'class com.virtusa.akura.api.dto.StudentTermMark','StudentTermMark [gradeSubjectId=2, studentClassInfoId=15, meritAward=null, termId=1, marks=0.0, comments=null, absent=false, editMarkState=false]','2013-05-10 19:22:42'),(181,3,'class com.virtusa.akura.api.dto.StudentTermMark','StudentTermMark [gradeSubjectId=3, studentClassInfoId=15, meritAward=null, termId=1, marks=0.0, comments=null, absent=false, editMarkState=false]','2013-05-10 19:22:42'),(182,3,'class com.virtusa.akura.api.dto.StudentTermMark','StudentTermMark [gradeSubjectId=1, studentClassInfoId=71, meritAward=null, termId=1, marks=6.0, comments=null, absent=false, editMarkState=true]','2013-05-10 19:22:42'),(183,3,'class com.virtusa.akura.api.dto.StudentTermMark','StudentTermMark [gradeSubjectId=2, studentClassInfoId=71, meritAward=null, termId=1, marks=0.0, comments=null, absent=false, editMarkState=false]','2013-05-10 19:22:42'),(184,3,'class com.virtusa.akura.api.dto.StudentTermMark','StudentTermMark [gradeSubjectId=3, studentClassInfoId=71, meritAward=null, termId=1, marks=0.0, comments=null, absent=false, editMarkState=false]','2013-05-10 19:22:42'),(185,3,'class com.virtusa.akura.api.dto.StudentTermMark','StudentTermMark [gradeSubjectId=1, studentClassInfoId=9, meritAward=null, termId=1, marks=23.0, comments=null, absent=false, editMarkState=true]','2013-05-10 19:22:42'),(186,3,'class com.virtusa.akura.api.dto.StudentTermMark','StudentTermMark [gradeSubjectId=2, studentClassInfoId=9, meritAward=null, termId=1, marks=0.0, comments=null, absent=false, editMarkState=false]','2013-05-10 19:22:42'),(187,3,'class com.virtusa.akura.api.dto.StudentTermMark','StudentTermMark [gradeSubjectId=3, studentClassInfoId=9, meritAward=null, termId=1, marks=0.0, comments=null, absent=false, editMarkState=false]','2013-05-10 19:22:42'),(188,3,'class com.virtusa.akura.api.dto.StudentTermMark','StudentTermMark [gradeSubjectId=1, studentClassInfoId=66, meritAward=null, termId=1, marks=45.0, comments=null, absent=false, editMarkState=true]','2013-05-10 19:22:42'),(189,3,'class com.virtusa.akura.api.dto.StudentTermMark','StudentTermMark [gradeSubjectId=2, studentClassInfoId=66, meritAward=null, termId=1, marks=0.0, comments=null, absent=false, editMarkState=false]','2013-05-10 19:22:42'),(190,3,'class com.virtusa.akura.api.dto.StudentTermMark','StudentTermMark [gradeSubjectId=3, studentClassInfoId=66, meritAward=null, termId=1, marks=0.0, comments=null, absent=false, editMarkState=false]','2013-05-10 19:22:42'),(191,3,'class com.virtusa.akura.api.dto.StudentTermMark','StudentTermMark [gradeSubjectId=1, studentClassInfoId=3, meritAward=null, termId=1, marks=4.0, comments=null, absent=false, editMarkState=true]','2013-05-10 19:22:42'),(192,3,'class com.virtusa.akura.api.dto.StudentTermMark','StudentTermMark [gradeSubjectId=2, studentClassInfoId=3, meritAward=null, termId=1, marks=0.0, comments=null, absent=false, editMarkState=false]','2013-05-10 19:22:43'),(193,3,'class com.virtusa.akura.api.dto.StudentTermMark','StudentTermMark [gradeSubjectId=3, studentClassInfoId=3, meritAward=null, termId=1, marks=0.0, comments=null, absent=false, editMarkState=false]','2013-05-10 19:22:43'),(194,3,'class com.virtusa.akura.api.dto.StudentTermMark','StudentTermMark [gradeSubjectId=1, studentClassInfoId=31, meritAward=null, termId=1, marks=1.0, comments=null, absent=false, editMarkState=true]','2013-05-10 19:22:43'),(195,3,'class com.virtusa.akura.api.dto.StudentTermMark','StudentTermMark [gradeSubjectId=2, studentClassInfoId=31, meritAward=null, termId=1, marks=0.0, comments=null, absent=false, editMarkState=false]','2013-05-10 19:22:43'),(196,3,'class com.virtusa.akura.api.dto.StudentTermMark','StudentTermMark [gradeSubjectId=3, studentClassInfoId=31, meritAward=null, termId=1, marks=0.0, comments=null, absent=false, editMarkState=false]','2013-05-10 19:22:43'),(197,3,'class com.virtusa.akura.api.dto.StudentTermMark','StudentTermMark [gradeSubjectId=1, studentClassInfoId=28, meritAward=null, termId=1, marks=25.0, comments=null, absent=false, editMarkState=true]','2013-05-10 19:22:43'),(198,3,'class com.virtusa.akura.api.dto.StudentTermMark','StudentTermMark [gradeSubjectId=2, studentClassInfoId=28, meritAward=null, termId=1, marks=0.0, comments=null, absent=false, editMarkState=false]','2013-05-10 19:22:43'),(199,3,'class com.virtusa.akura.api.dto.StudentTermMark','StudentTermMark [gradeSubjectId=3, studentClassInfoId=28, meritAward=null, termId=1, marks=0.0, comments=null, absent=false, editMarkState=false]','2013-05-10 19:22:43'),(200,3,'class com.virtusa.akura.api.dto.StudentTermMark','StudentTermMark [gradeSubjectId=1, studentClassInfoId=20, meritAward=null, termId=1, marks=14.0, comments=null, absent=false, editMarkState=true]','2013-05-10 19:22:43'),(201,3,'class com.virtusa.akura.api.dto.StudentTermMark','StudentTermMark [gradeSubjectId=2, studentClassInfoId=20, meritAward=null, termId=1, marks=0.0, comments=null, absent=false, editMarkState=false]','2013-05-10 19:22:43'),(202,3,'class com.virtusa.akura.api.dto.StudentTermMark','StudentTermMark [gradeSubjectId=3, studentClassInfoId=20, meritAward=null, termId=1, marks=0.0, comments=null, absent=false, editMarkState=false]','2013-05-10 19:22:43'),(203,3,'class com.virtusa.akura.api.dto.StudentTermMark','StudentTermMark [gradeSubjectId=1, studentClassInfoId=63, meritAward=null, termId=1, marks=14.0, comments=null, absent=false, editMarkState=true]','2013-05-10 19:22:43'),(204,3,'class com.virtusa.akura.api.dto.StudentTermMark','StudentTermMark [gradeSubjectId=2, studentClassInfoId=63, meritAward=null, termId=1, marks=0.0, comments=null, absent=false, editMarkState=false]','2013-05-10 19:22:43'),(205,3,'class com.virtusa.akura.api.dto.StudentTermMark','StudentTermMark [gradeSubjectId=3, studentClassInfoId=63, meritAward=null, termId=1, marks=0.0, comments=null, absent=false, editMarkState=false]','2013-05-10 19:22:43'),(206,3,'class com.virtusa.akura.api.dto.StudentTermMark','StudentTermMark [gradeSubjectId=1, studentClassInfoId=34, meritAward=null, termId=1, marks=5.0, comments=null, absent=false, editMarkState=true]','2013-05-10 19:22:43'),(207,3,'class com.virtusa.akura.api.dto.StudentTermMark','StudentTermMark [gradeSubjectId=2, studentClassInfoId=34, meritAward=null, termId=1, marks=0.0, comments=null, absent=false, editMarkState=false]','2013-05-10 19:22:43'),(208,3,'class com.virtusa.akura.api.dto.StudentTermMark','StudentTermMark [gradeSubjectId=3, studentClassInfoId=34, meritAward=null, termId=1, marks=0.0, comments=null, absent=false, editMarkState=false]','2013-05-10 19:22:43'),(209,3,'class com.virtusa.akura.api.dto.StudentTermMark','StudentTermMark [gradeSubjectId=1, studentClassInfoId=26, meritAward=null, termId=1, marks=4.0, comments=null, absent=false, editMarkState=true]','2013-05-10 19:22:43'),(210,3,'class com.virtusa.akura.api.dto.StudentTermMark','StudentTermMark [gradeSubjectId=2, studentClassInfoId=26, meritAward=null, termId=1, marks=0.0, comments=null, absent=false, editMarkState=false]','2013-05-10 19:22:43'),(211,3,'class com.virtusa.akura.api.dto.StudentTermMark','StudentTermMark [gradeSubjectId=3, studentClassInfoId=26, meritAward=null, termId=1, marks=0.0, comments=null, absent=false, editMarkState=false]','2013-05-10 19:22:43'),(212,3,'class com.virtusa.akura.api.dto.StudentTermMark','StudentTermMark [gradeSubjectId=1, studentClassInfoId=7, meritAward=null, termId=1, marks=7.0, comments=null, absent=false, editMarkState=true]','2013-05-10 19:22:43'),(213,3,'class com.virtusa.akura.api.dto.StudentTermMark','StudentTermMark [gradeSubjectId=2, studentClassInfoId=7, meritAward=null, termId=1, marks=0.0, comments=null, absent=false, editMarkState=false]','2013-05-10 19:22:43'),(214,3,'class com.virtusa.akura.api.dto.StudentTermMark','StudentTermMark [gradeSubjectId=3, studentClassInfoId=7, meritAward=null, termId=1, marks=0.0, comments=null, absent=false, editMarkState=false]','2013-05-10 19:22:43'),(215,3,'class com.virtusa.akura.api.dto.StudentTermMark','StudentTermMark [gradeSubjectId=1, studentClassInfoId=16, meritAward=null, termId=1, marks=8.0, comments=null, absent=false, editMarkState=true]','2013-05-10 19:22:43'),(216,3,'class com.virtusa.akura.api.dto.StudentTermMark','StudentTermMark [gradeSubjectId=2, studentClassInfoId=16, meritAward=null, termId=1, marks=0.0, comments=null, absent=false, editMarkState=false]','2013-05-10 19:22:43'),(217,3,'class com.virtusa.akura.api.dto.StudentTermMark','StudentTermMark [gradeSubjectId=3, studentClassInfoId=16, meritAward=null, termId=1, marks=0.0, comments=null, absent=false, editMarkState=false]','2013-05-10 19:22:43'),(218,3,'class com.virtusa.akura.api.dto.StudentTermMark','StudentTermMark [gradeSubjectId=1, studentClassInfoId=72, meritAward=null, termId=1, marks=4.0, comments=null, absent=false, editMarkState=true]','2013-05-10 19:22:43'),(219,3,'class com.virtusa.akura.api.dto.StudentTermMark','StudentTermMark [gradeSubjectId=2, studentClassInfoId=72, meritAward=null, termId=1, marks=0.0, comments=null, absent=false, editMarkState=false]','2013-05-10 19:22:43'),(220,3,'class com.virtusa.akura.api.dto.StudentTermMark','StudentTermMark [gradeSubjectId=3, studentClassInfoId=72, meritAward=null, termId=1, marks=0.0, comments=null, absent=false, editMarkState=false]','2013-05-10 19:22:43'),(221,3,'class com.virtusa.akura.api.dto.StudentTermMark','StudentTermMark [gradeSubjectId=1, studentClassInfoId=12, meritAward=null, termId=1, marks=98.0, comments=null, absent=false, editMarkState=true]','2013-05-10 19:22:43'),(222,3,'class com.virtusa.akura.api.dto.StudentTermMark','StudentTermMark [gradeSubjectId=2, studentClassInfoId=12, meritAward=null, termId=1, marks=0.0, comments=null, absent=false, editMarkState=false]','2013-05-10 19:22:43'),(223,3,'class com.virtusa.akura.api.dto.StudentTermMark','StudentTermMark [gradeSubjectId=3, studentClassInfoId=12, meritAward=null, termId=1, marks=0.0, comments=null, absent=false, editMarkState=false]','2013-05-10 19:22:43'),(224,3,'class com.virtusa.akura.api.dto.StudentTermMark','StudentTermMark [gradeSubjectId=1, studentClassInfoId=44, meritAward=null, termId=1, marks=78.0, comments=null, absent=false, editMarkState=true]','2013-05-10 19:22:43'),(225,3,'class com.virtusa.akura.api.dto.StudentTermMark','StudentTermMark [gradeSubjectId=2, studentClassInfoId=44, meritAward=null, termId=1, marks=0.0, comments=null, absent=false, editMarkState=false]','2013-05-10 19:22:44'),(226,3,'class com.virtusa.akura.api.dto.StudentTermMark','StudentTermMark [gradeSubjectId=3, studentClassInfoId=44, meritAward=null, termId=1, marks=0.0, comments=null, absent=false, editMarkState=false]','2013-05-10 19:22:44'),(227,3,'class com.virtusa.akura.api.dto.StudentTermMark','StudentTermMark [gradeSubjectId=1, studentClassInfoId=2, meritAward=null, termId=1, marks=6.0, comments=null, absent=false, editMarkState=true]','2013-05-10 19:22:44'),(228,3,'class com.virtusa.akura.api.dto.StudentTermMark','StudentTermMark [gradeSubjectId=2, studentClassInfoId=2, meritAward=null, termId=1, marks=0.0, comments=null, absent=false, editMarkState=false]','2013-05-10 19:22:44'),(229,3,'class com.virtusa.akura.api.dto.StudentTermMark','StudentTermMark [gradeSubjectId=3, studentClassInfoId=2, meritAward=null, termId=1, marks=0.0, comments=null, absent=false, editMarkState=false]','2013-05-10 19:22:44'),(230,3,'class com.virtusa.akura.api.dto.StudentTermMark','StudentTermMark [gradeSubjectId=1, studentClassInfoId=50, meritAward=null, termId=1, marks=7.0, comments=null, absent=false, editMarkState=true]','2013-05-10 19:22:44'),(231,3,'class com.virtusa.akura.api.dto.StudentTermMark','StudentTermMark [gradeSubjectId=2, studentClassInfoId=50, meritAward=null, termId=1, marks=0.0, comments=null, absent=false, editMarkState=false]','2013-05-10 19:22:44'),(232,3,'class com.virtusa.akura.api.dto.StudentTermMark','StudentTermMark [gradeSubjectId=3, studentClassInfoId=50, meritAward=null, termId=1, marks=0.0, comments=null, absent=false, editMarkState=false]','2013-05-10 19:22:44'),(233,3,'class com.virtusa.akura.api.dto.StudentTermMark','StudentTermMark [gradeSubjectId=1, studentClassInfoId=70, meritAward=null, termId=1, marks=6.0, comments=null, absent=false, editMarkState=true]','2013-05-10 19:22:44'),(234,3,'class com.virtusa.akura.api.dto.StudentTermMark','StudentTermMark [gradeSubjectId=2, studentClassInfoId=70, meritAward=null, termId=1, marks=0.0, comments=null, absent=false, editMarkState=false]','2013-05-10 19:22:44'),(235,3,'class com.virtusa.akura.api.dto.StudentTermMark','StudentTermMark [gradeSubjectId=3, studentClassInfoId=70, meritAward=null, termId=1, marks=0.0, comments=null, absent=false, editMarkState=false]','2013-05-10 19:22:44'),(236,3,'class com.virtusa.akura.api.dto.StudentTermMark','StudentTermMark [gradeSubjectId=1, studentClassInfoId=48, meritAward=null, termId=1, marks=7.0, comments=null, absent=false, editMarkState=true]','2013-05-10 19:22:44'),(237,3,'class com.virtusa.akura.api.dto.StudentTermMark','StudentTermMark [gradeSubjectId=2, studentClassInfoId=48, meritAward=null, termId=1, marks=0.0, comments=null, absent=false, editMarkState=false]','2013-05-10 19:22:44'),(238,3,'class com.virtusa.akura.api.dto.StudentTermMark','StudentTermMark [gradeSubjectId=3, studentClassInfoId=48, meritAward=null, termId=1, marks=0.0, comments=null, absent=false, editMarkState=false]','2013-05-10 19:22:44'),(239,3,'class com.virtusa.akura.api.dto.StudentTermMark','StudentTermMark [gradeSubjectId=1, studentClassInfoId=58, meritAward=null, termId=1, marks=66.0, comments=null, absent=false, editMarkState=true]','2013-05-10 19:22:44'),(240,3,'class com.virtusa.akura.api.dto.StudentTermMark','StudentTermMark [gradeSubjectId=2, studentClassInfoId=58, meritAward=null, termId=1, marks=0.0, comments=null, absent=false, editMarkState=false]','2013-05-10 19:22:44'),(241,3,'class com.virtusa.akura.api.dto.StudentTermMark','StudentTermMark [gradeSubjectId=3, studentClassInfoId=58, meritAward=null, termId=1, marks=0.0, comments=null, absent=false, editMarkState=false]','2013-05-10 19:22:44'),(242,3,'class com.virtusa.akura.api.dto.StudentTermMark','StudentTermMark [gradeSubjectId=1, studentClassInfoId=52, meritAward=null, termId=1, marks=56.0, comments=null, absent=false, editMarkState=true]','2013-05-10 19:22:44'),(243,3,'class com.virtusa.akura.api.dto.StudentTermMark','StudentTermMark [gradeSubjectId=2, studentClassInfoId=52, meritAward=null, termId=1, marks=0.0, comments=null, absent=false, editMarkState=false]','2013-05-10 19:22:44'),(244,3,'class com.virtusa.akura.api.dto.StudentTermMark','StudentTermMark [gradeSubjectId=3, studentClassInfoId=52, meritAward=null, termId=1, marks=0.0, comments=null, absent=false, editMarkState=false]','2013-05-10 19:22:44'),(245,3,'class com.virtusa.akura.api.dto.StudentTermMark','StudentTermMark [gradeSubjectId=1, studentClassInfoId=68, meritAward=null, termId=1, marks=45.0, comments=null, absent=false, editMarkState=true]','2013-05-10 19:22:44'),(246,3,'class com.virtusa.akura.api.dto.StudentTermMark','StudentTermMark [gradeSubjectId=2, studentClassInfoId=68, meritAward=null, termId=1, marks=0.0, comments=null, absent=false, editMarkState=false]','2013-05-10 19:22:44'),(247,3,'class com.virtusa.akura.api.dto.StudentTermMark','StudentTermMark [gradeSubjectId=3, studentClassInfoId=68, meritAward=null, termId=1, marks=0.0, comments=null, absent=false, editMarkState=false]','2013-05-10 19:22:44'),(248,3,'class com.virtusa.akura.api.dto.StudentTermMark','StudentTermMark [gradeSubjectId=1, studentClassInfoId=53, meritAward=null, termId=1, marks=45.0, comments=null, absent=false, editMarkState=true]','2013-05-10 19:22:44'),(249,3,'class com.virtusa.akura.api.dto.StudentTermMark','StudentTermMark [gradeSubjectId=2, studentClassInfoId=53, meritAward=null, termId=1, marks=0.0, comments=null, absent=false, editMarkState=false]','2013-05-10 19:22:44'),(250,3,'class com.virtusa.akura.api.dto.StudentTermMark','StudentTermMark [gradeSubjectId=3, studentClassInfoId=53, meritAward=null, termId=1, marks=0.0, comments=null, absent=false, editMarkState=false]','2013-05-10 19:22:44'),(251,3,'class com.virtusa.akura.api.dto.StudentTermMark','StudentTermMark [gradeSubjectId=1, studentClassInfoId=36, meritAward=null, termId=1, marks=67.0, comments=null, absent=false, editMarkState=true]','2013-05-10 19:22:44'),(252,3,'class com.virtusa.akura.api.dto.StudentTermMark','StudentTermMark [gradeSubjectId=2, studentClassInfoId=36, meritAward=null, termId=1, marks=0.0, comments=null, absent=false, editMarkState=false]','2013-05-10 19:22:44'),(253,3,'class com.virtusa.akura.api.dto.StudentTermMark','StudentTermMark [gradeSubjectId=3, studentClassInfoId=36, meritAward=null, termId=1, marks=0.0, comments=null, absent=false, editMarkState=false]','2013-05-10 19:22:44'),(254,3,'class com.virtusa.akura.api.dto.StudentTermMark','StudentTermMark [gradeSubjectId=1, studentClassInfoId=40, meritAward=null, termId=1, marks=56.0, comments=null, absent=false, editMarkState=true]','2013-05-10 19:22:44'),(255,3,'class com.virtusa.akura.api.dto.StudentTermMark','StudentTermMark [gradeSubjectId=2, studentClassInfoId=40, meritAward=null, termId=1, marks=0.0, comments=null, absent=false, editMarkState=false]','2013-05-10 19:22:44'),(256,3,'class com.virtusa.akura.api.dto.StudentTermMark','StudentTermMark [gradeSubjectId=3, studentClassInfoId=40, meritAward=null, termId=1, marks=0.0, comments=null, absent=false, editMarkState=false]','2013-05-10 19:22:44'),(257,3,'class com.virtusa.akura.api.dto.StudentTermMark','StudentTermMark [gradeSubjectId=1, studentClassInfoId=5, meritAward=null, termId=1, marks=57.0, comments=null, absent=false, editMarkState=true]','2013-05-10 19:22:44'),(258,3,'class com.virtusa.akura.api.dto.StudentTermMark','StudentTermMark [gradeSubjectId=2, studentClassInfoId=5, meritAward=null, termId=1, marks=0.0, comments=null, absent=false, editMarkState=false]','2013-05-10 19:22:44'),(259,3,'class com.virtusa.akura.api.dto.StudentTermMark','StudentTermMark [gradeSubjectId=3, studentClassInfoId=5, meritAward=null, termId=1, marks=0.0, comments=null, absent=false, editMarkState=false]','2013-05-10 19:22:44'),(260,3,'class com.virtusa.akura.api.dto.StudentTermMark','StudentTermMark [gradeSubjectId=1, studentClassInfoId=38, meritAward=null, termId=1, marks=57.0, comments=null, absent=false, editMarkState=true]','2013-05-10 19:22:45'),(261,3,'class com.virtusa.akura.api.dto.StudentTermMark','StudentTermMark [gradeSubjectId=2, studentClassInfoId=38, meritAward=null, termId=1, marks=0.0, comments=null, absent=false, editMarkState=false]','2013-05-10 19:22:45'),(262,3,'class com.virtusa.akura.api.dto.StudentTermMark','StudentTermMark [gradeSubjectId=3, studentClassInfoId=38, meritAward=null, termId=1, marks=0.0, comments=null, absent=false, editMarkState=false]','2013-05-10 19:22:45'),(263,3,'class com.virtusa.akura.api.dto.StudentTermMark','StudentTermMark [gradeSubjectId=1, studentClassInfoId=56, meritAward=null, termId=1, marks=57.0, comments=null, absent=false, editMarkState=true]','2013-05-10 19:22:45'),(264,3,'class com.virtusa.akura.api.dto.StudentTermMark','StudentTermMark [gradeSubjectId=2, studentClassInfoId=56, meritAward=null, termId=1, marks=0.0, comments=null, absent=false, editMarkState=false]','2013-05-10 19:22:45'),(265,3,'class com.virtusa.akura.api.dto.StudentTermMark','StudentTermMark [gradeSubjectId=3, studentClassInfoId=56, meritAward=null, termId=1, marks=0.0, comments=null, absent=false, editMarkState=false]','2013-05-10 19:22:45'),(266,3,'class com.virtusa.akura.api.dto.StudentTermMark','StudentTermMark [gradeSubjectId=1, studentClassInfoId=45, meritAward=null, termId=1, marks=57.0, comments=null, absent=false, editMarkState=true]','2013-05-10 19:22:45'),(267,3,'class com.virtusa.akura.api.dto.StudentTermMark','StudentTermMark [gradeSubjectId=2, studentClassInfoId=45, meritAward=null, termId=1, marks=0.0, comments=null, absent=false, editMarkState=false]','2013-05-10 19:22:45'),(268,3,'class com.virtusa.akura.api.dto.StudentTermMark','StudentTermMark [gradeSubjectId=3, studentClassInfoId=45, meritAward=null, termId=1, marks=0.0, comments=null, absent=false, editMarkState=false]','2013-05-10 19:22:45'),(269,3,'class com.virtusa.akura.api.dto.StudentTermMark','StudentTermMark [gradeSubjectId=1, studentClassInfoId=1, meritAward=null, termId=1, marks=57.0, comments=null, absent=false, editMarkState=true]','2013-05-10 19:22:45'),(270,3,'class com.virtusa.akura.api.dto.StudentTermMark','StudentTermMark [gradeSubjectId=2, studentClassInfoId=1, meritAward=null, termId=1, marks=0.0, comments=null, absent=false, editMarkState=false]','2013-05-10 19:22:45'),(271,3,'class com.virtusa.akura.api.dto.StudentTermMark','StudentTermMark [gradeSubjectId=3, studentClassInfoId=1, meritAward=null, termId=1, marks=0.0, comments=null, absent=false, editMarkState=false]','2013-05-10 19:22:45'),(272,3,'class com.virtusa.akura.api.dto.StudentTermMark','StudentTermMark [gradeSubjectId=1, studentClassInfoId=18, meritAward=null, termId=1, marks=7.0, comments=null, absent=false, editMarkState=true]','2013-05-10 19:22:45'),(273,3,'class com.virtusa.akura.api.dto.StudentTermMark','StudentTermMark [gradeSubjectId=2, studentClassInfoId=18, meritAward=null, termId=1, marks=0.0, comments=null, absent=false, editMarkState=false]','2013-05-10 19:22:45'),(274,3,'class com.virtusa.akura.api.dto.StudentTermMark','StudentTermMark [gradeSubjectId=3, studentClassInfoId=18, meritAward=null, termId=1, marks=0.0, comments=null, absent=false, editMarkState=false]','2013-05-10 19:22:45'),(275,3,'class com.virtusa.akura.api.dto.StudentTermMark','StudentTermMark [gradeSubjectId=1, studentClassInfoId=54, meritAward=null, termId=1, marks=7.0, comments=null, absent=false, editMarkState=true]','2013-05-10 19:22:45'),(276,3,'class com.virtusa.akura.api.dto.StudentTermMark','StudentTermMark [gradeSubjectId=2, studentClassInfoId=54, meritAward=null, termId=1, marks=0.0, comments=null, absent=false, editMarkState=false]','2013-05-10 19:22:45'),(277,3,'class com.virtusa.akura.api.dto.StudentTermMark','StudentTermMark [gradeSubjectId=3, studentClassInfoId=54, meritAward=null, termId=1, marks=0.0, comments=null, absent=false, editMarkState=false]','2013-05-10 19:22:45'),(278,3,'class com.virtusa.akura.api.dto.StudentTermMark','StudentTermMark [gradeSubjectId=1, studentClassInfoId=27, meritAward=null, termId=1, marks=57.0, comments=null, absent=false, editMarkState=true]','2013-05-10 19:22:45'),(279,3,'class com.virtusa.akura.api.dto.StudentTermMark','StudentTermMark [gradeSubjectId=2, studentClassInfoId=27, meritAward=null, termId=1, marks=0.0, comments=null, absent=false, editMarkState=false]','2013-05-10 19:22:45'),(280,3,'class com.virtusa.akura.api.dto.StudentTermMark','StudentTermMark [gradeSubjectId=3, studentClassInfoId=27, meritAward=null, termId=1, marks=0.0, comments=null, absent=false, editMarkState=false]','2013-05-10 19:22:45'),(281,3,'class com.virtusa.akura.api.dto.StudentTermMark','StudentTermMark [gradeSubjectId=1, studentClassInfoId=14, meritAward=null, termId=1, marks=7.0, comments=null, absent=false, editMarkState=true]','2013-05-10 19:22:45'),(282,3,'class com.virtusa.akura.api.dto.StudentTermMark','StudentTermMark [gradeSubjectId=2, studentClassInfoId=14, meritAward=null, termId=1, marks=0.0, comments=null, absent=false, editMarkState=false]','2013-05-10 19:22:45'),(283,3,'class com.virtusa.akura.api.dto.StudentTermMark','StudentTermMark [gradeSubjectId=3, studentClassInfoId=14, meritAward=null, termId=1, marks=0.0, comments=null, absent=false, editMarkState=false]','2013-05-10 19:22:45'),(284,3,'class com.virtusa.akura.api.dto.StudentTermMark','StudentTermMark [gradeSubjectId=1, studentClassInfoId=39, meritAward=null, termId=1, marks=5.0, comments=null, absent=false, editMarkState=true]','2013-05-10 19:22:45'),(285,3,'class com.virtusa.akura.api.dto.StudentTermMark','StudentTermMark [gradeSubjectId=2, studentClassInfoId=39, meritAward=null, termId=1, marks=0.0, comments=null, absent=false, editMarkState=false]','2013-05-10 19:22:45'),(286,3,'class com.virtusa.akura.api.dto.StudentTermMark','StudentTermMark [gradeSubjectId=3, studentClassInfoId=39, meritAward=null, termId=1, marks=0.0, comments=null, absent=false, editMarkState=false]','2013-05-10 19:22:45'),(287,3,'class com.virtusa.akura.api.dto.StudentTermMark','StudentTermMark [gradeSubjectId=1, studentClassInfoId=69, meritAward=null, termId=1, marks=7.0, comments=null, absent=false, editMarkState=true]','2013-05-10 19:22:45'),(288,3,'class com.virtusa.akura.api.dto.StudentTermMark','StudentTermMark [gradeSubjectId=2, studentClassInfoId=69, meritAward=null, termId=1, marks=0.0, comments=null, absent=false, editMarkState=false]','2013-05-10 19:22:45'),(289,3,'class com.virtusa.akura.api.dto.StudentTermMark','StudentTermMark [gradeSubjectId=3, studentClassInfoId=69, meritAward=null, termId=1, marks=0.0, comments=null, absent=false, editMarkState=false]','2013-05-10 19:22:45');
/*!40000 ALTER TABLE `business_audit_details` ENABLE KEYS */;
UNLOCK TABLES;

--
-- Table structure for table `staff_leave_type`
--

DROP TABLE IF EXISTS `staff_leave_type`;
/*!40101 SET @saved_cs_client     = @@character_set_client */;
/*!40101 SET character_set_client = utf8 */;
CREATE TABLE `staff_leave_type` (
  `STAFF_LEAVE_TYPE_ID` int(11) NOT NULL AUTO_INCREMENT,
  `DESCRIPTION` varchar(45) NOT NULL,
  `MAX_NO_OF_LEAVES` int(11) DEFAULT NULL,
  `MODIFIED_TIME` timestamp NOT NULL DEFAULT CURRENT_TIMESTAMP ON UPDATE CURRENT_TIMESTAMP,
  `GENDER` char(1) DEFAULT 'A',
  PRIMARY KEY (`STAFF_LEAVE_TYPE_ID`),
  UNIQUE KEY `DESCRIPTION_UNIQUE` (`DESCRIPTION`)
) ENGINE=InnoDB DEFAULT CHARSET=latin1;
/*!40101 SET character_set_client = @saved_cs_client */;

--
-- Dumping data for table `staff_leave_type`
--

LOCK TABLES `staff_leave_type` WRITE;
/*!40000 ALTER TABLE `staff_leave_type` DISABLE KEYS */;
/*!40000 ALTER TABLE `staff_leave_type` ENABLE KEYS */;
UNLOCK TABLES;

--
-- Table structure for table `school`
--

DROP TABLE IF EXISTS `school`;
/*!40101 SET @saved_cs_client     = @@character_set_client */;
/*!40101 SET character_set_client = utf8 */;
CREATE TABLE `school` (
  `SCHOOL_ID` int(11) NOT NULL AUTO_INCREMENT,
  `NAME` varchar(45) NOT NULL,
  `PRINCIPAL` int(11) NOT NULL,
  `VICE_PRINCIPAL` int(11) DEFAULT NULL,
  `ADDRESS` varchar(45) DEFAULT NULL,
  `CONTACT_NO` varchar(45) DEFAULT NULL,
  `FAX_NO` varchar(45) DEFAULT NULL,
  `WEB_SITE` varchar(45) DEFAULT NULL,
  `STARTED_DATE` date DEFAULT NULL,
  `DISTRICT_ID` int(11) DEFAULT NULL,
  `PROVINCE_ID` int(11) DEFAULT NULL,
  `NUMBER_OF_STAFF` int(11) NOT NULL,
  `NUMBER_OF_STUDENTS` int(11) DEFAULT NULL,
  `PRIMARY_AND_SECONDARY_SCHOOL_INFO` varchar(350) DEFAULT NULL,
  `FACILITIES` varchar(350) DEFAULT NULL,
  `EMAIL_ADDRESS` varchar(45) DEFAULT NULL,
  `MODIFIED_TIME` timestamp NOT NULL DEFAULT CURRENT_TIMESTAMP ON UPDATE CURRENT_TIMESTAMP,
  `COUNTRY_ID` int(11) DEFAULT NULL,
  PRIMARY KEY (`SCHOOL_ID`),
  KEY `fk_SCHOOL_DISTRICT1` (`DISTRICT_ID`),
  KEY `fk_SCHOOL_PROVINCE1` (`PROVINCE_ID`),
  KEY `fk_PRINCIPAL` (`PRINCIPAL`),
  KEY `fk_VICE_PRINCIPAL` (`VICE_PRINCIPAL`),
  KEY `fk_SCHOOL_COUNTRY1` (`COUNTRY_ID`),
  CONSTRAINT `fk_PRINCIPAL` FOREIGN KEY (`PRINCIPAL`) REFERENCES `staff` (`STAFF_ID`) ON UPDATE CASCADE,
  CONSTRAINT `fk_SCHOOL_COUNTRY1` FOREIGN KEY (`COUNTRY_ID`) REFERENCES `country` (`COUNTRY_ID`) ON DELETE NO ACTION ON UPDATE CASCADE,
  CONSTRAINT `fk_SCHOOL_DISTRICT1` FOREIGN KEY (`DISTRICT_ID`) REFERENCES `district` (`DISTRICT_ID`) ON UPDATE CASCADE,
  CONSTRAINT `fk_SCHOOL_PROVINCE1` FOREIGN KEY (`PROVINCE_ID`) REFERENCES `province` (`PROVINCE_ID`) ON UPDATE CASCADE,
  CONSTRAINT `fk_VICE_PRINCIPAL` FOREIGN KEY (`VICE_PRINCIPAL`) REFERENCES `staff` (`STAFF_ID`) ON UPDATE CASCADE
) ENGINE=InnoDB AUTO_INCREMENT=2 DEFAULT CHARSET=latin1;
/*!40101 SET character_set_client = @saved_cs_client */;

--
-- Dumping data for table `school`
--

LOCK TABLES `school` WRITE;
/*!40000 ALTER TABLE `school` DISABLE KEYS */;
/*!40000 ALTER TABLE `school` ENABLE KEYS */;
UNLOCK TABLES;

--
-- Table structure for table `staff_service_category`
--

DROP TABLE IF EXISTS `staff_service_category`;
/*!40101 SET @saved_cs_client     = @@character_set_client */;
/*!40101 SET character_set_client = utf8 */;
CREATE TABLE `staff_service_category` (
  `STAFF_SERVICE_CATEGORY_ID` int(11) NOT NULL AUTO_INCREMENT,
  `DESCRIPTION` varchar(45) NOT NULL,
  `MODIFIED_TIME` timestamp NOT NULL DEFAULT CURRENT_TIMESTAMP ON UPDATE CURRENT_TIMESTAMP,
  PRIMARY KEY (`STAFF_SERVICE_CATEGORY_ID`)
) ENGINE=InnoDB AUTO_INCREMENT=5 DEFAULT CHARSET=latin1;
/*!40101 SET character_set_client = @saved_cs_client */;

--
-- Dumping data for table `staff_service_category`
--

LOCK TABLES `staff_service_category` WRITE;
/*!40000 ALTER TABLE `staff_service_category` DISABLE KEYS */;
INSERT INTO `staff_service_category` VALUES (1,'SLEAS','2013-05-08 16:50:08'),(2,'SLPS','2013-05-08 16:50:08'),(3,'SLTS','2013-05-08 16:50:08'),(4,'Librarian','2013-05-08 16:50:08');
/*!40000 ALTER TABLE `staff_service_category` ENABLE KEYS */;
UNLOCK TABLES;

--
-- Table structure for table `student_sub_term_mark`
--

DROP TABLE IF EXISTS `student_sub_term_mark`;
/*!40101 SET @saved_cs_client     = @@character_set_client */;
/*!40101 SET character_set_client = utf8 */;
CREATE TABLE `student_sub_term_mark` (
  `STUDENT_SUB_TERM_MARK_ID` int(11) NOT NULL AUTO_INCREMENT,
  `STUDENT_TERM_MARKS_ID` int(11) NOT NULL,
  `SUB_TERM_ID` int(11) NOT NULL,
  `GRADING_ID` int(11) DEFAULT NULL,
  `IS_ABSENT` tinyint(4) DEFAULT NULL,
  `MODIFIED_TIME` timestamp NULL DEFAULT CURRENT_TIMESTAMP,
  `MARKS` float DEFAULT NULL,
  `EDIT_MARK_STATE` tinyint(4) DEFAULT '0',
  PRIMARY KEY (`STUDENT_SUB_TERM_MARK_ID`),
  UNIQUE KEY `UC_STUDENT_SUB_TERM_MARK` (`STUDENT_TERM_MARKS_ID`,`SUB_TERM_ID`,`GRADING_ID`),
  KEY `fk_STUDENT_SUB_TERM_MARK_STUDENT_TERM_MARK1` (`STUDENT_TERM_MARKS_ID`),
  KEY `fk_STUDENT_SUB_TERM_MARK_SUB_TERM1` (`SUB_TERM_ID`),
  KEY `fk_STUDENT_SUB_TERM_MARK_GRADING1` (`GRADING_ID`),
  CONSTRAINT `fk_STUDENT_SUB_TERM_MARK_STUDENT_TERM_MARK1` FOREIGN KEY (`STUDENT_TERM_MARKS_ID`) REFERENCES `student_term_mark` (`STUDENT_TERM_MARKS_ID`) ON DELETE CASCADE ON UPDATE CASCADE,
  CONSTRAINT `fk_STUDENT_SUB_TERM_MARK_GRADING1` FOREIGN KEY (`GRADING_ID`) REFERENCES `grading` (`GRADING_ID`) ON UPDATE CASCADE,
  CONSTRAINT `fk_STUDENT_SUB_TERM_MARK_SUB_TERM1` FOREIGN KEY (`SUB_TERM_ID`) REFERENCES `sub_term` (`SUB_TERM_ID`) ON UPDATE CASCADE
) ENGINE=InnoDB DEFAULT CHARSET=latin1;
/*!40101 SET character_set_client = @saved_cs_client */;

--
-- Dumping data for table `student_sub_term_mark`
--

LOCK TABLES `student_sub_term_mark` WRITE;
/*!40000 ALTER TABLE `student_sub_term_mark` DISABLE KEYS */;
/*!40000 ALTER TABLE `student_sub_term_mark` ENABLE KEYS */;
UNLOCK TABLES;

--
-- Table structure for table `working_segment`
--

DROP TABLE IF EXISTS `working_segment`;
/*!40101 SET @saved_cs_client     = @@character_set_client */;
/*!40101 SET character_set_client = utf8 */;
CREATE TABLE `working_segment` (
  `WORKING_SEGMENT_ID` int(11) NOT NULL AUTO_INCREMENT,
  `DESCRIPTION` varchar(45) NOT NULL,
  `MODIFIED_TIME` timestamp NOT NULL DEFAULT CURRENT_TIMESTAMP ON UPDATE CURRENT_TIMESTAMP,
  PRIMARY KEY (`WORKING_SEGMENT_ID`)
) ENGINE=InnoDB DEFAULT CHARSET=latin1;
/*!40101 SET character_set_client = @saved_cs_client */;

--
-- Dumping data for table `working_segment`
--

LOCK TABLES `working_segment` WRITE;
/*!40000 ALTER TABLE `working_segment` DISABLE KEYS */;
/*!40000 ALTER TABLE `working_segment` ENABLE KEYS */;
UNLOCK TABLES;

--
-- Table structure for table `race`
--

DROP TABLE IF EXISTS `race`;
/*!40101 SET @saved_cs_client     = @@character_set_client */;
/*!40101 SET character_set_client = utf8 */;
CREATE TABLE `race` (
  `RACE_ID` int(11) NOT NULL AUTO_INCREMENT,
  `DESCRIPTION` varchar(45) NOT NULL,
  `MODIFIED_TIME` timestamp NOT NULL DEFAULT CURRENT_TIMESTAMP ON UPDATE CURRENT_TIMESTAMP,
  PRIMARY KEY (`RACE_ID`),
  UNIQUE KEY `DESCRIPTION_UNIQUE` (`DESCRIPTION`)
) ENGINE=InnoDB AUTO_INCREMENT=5 DEFAULT CHARSET=latin1;
/*!40101 SET character_set_client = @saved_cs_client */;

--
-- Dumping data for table `race`
--

LOCK TABLES `race` WRITE;
/*!40000 ALTER TABLE `race` DISABLE KEYS */;
INSERT INTO `race` VALUES (1,'Sinhala','2013-05-08 16:50:08'),(2,'Tamil','2013-05-08 16:50:08'),(3,'Muslim','2013-05-08 16:50:08'),(4,'Other','2013-05-08 16:50:08');
/*!40000 ALTER TABLE `race` ENABLE KEYS */;
UNLOCK TABLES;

--
-- Table structure for table `donation_type`
--

DROP TABLE IF EXISTS `donation_type`;
/*!40101 SET @saved_cs_client     = @@character_set_client */;
/*!40101 SET character_set_client = utf8 */;
CREATE TABLE `donation_type` (
  `DONATION_TYPE_ID` int(11) NOT NULL AUTO_INCREMENT,
  `DESCRIPTION` varchar(45) NOT NULL,
  `MODIFIED_TIME` timestamp NOT NULL DEFAULT CURRENT_TIMESTAMP ON UPDATE CURRENT_TIMESTAMP,
  PRIMARY KEY (`DONATION_TYPE_ID`)
) ENGINE=InnoDB AUTO_INCREMENT=3 DEFAULT CHARSET=latin1;
/*!40101 SET character_set_client = @saved_cs_client */;

--
-- Dumping data for table `donation_type`
--

LOCK TABLES `donation_type` WRITE;
/*!40000 ALTER TABLE `donation_type` DISABLE KEYS */;
INSERT INTO `donation_type` VALUES (1,'Money','2012-01-03 09:00:41'),(2,'Goods','2012-01-03 09:00:48');
/*!40000 ALTER TABLE `donation_type` ENABLE KEYS */;
UNLOCK TABLES;

--
-- Table structure for table `page`
--

DROP TABLE IF EXISTS `page`;
/*!40101 SET @saved_cs_client     = @@character_set_client */;
/*!40101 SET character_set_client = utf8 */;
CREATE TABLE `page` (
  `PAGE_ID` int(11) NOT NULL AUTO_INCREMENT,
  `NAME` varchar(45) NOT NULL,
  `URL` varchar(45) NOT NULL,
  `TAB_ID` int(11) DEFAULT NULL,
  `INDEX_NO` int(11) NOT NULL,
  `MODIFIED_TIME` timestamp NOT NULL DEFAULT CURRENT_TIMESTAMP ON UPDATE CURRENT_TIMESTAMP,
  PRIMARY KEY (`PAGE_ID`),
  KEY `fk_PAGE_TAB1` (`TAB_ID`),
  CONSTRAINT `fk_PAGE_TAB1` FOREIGN KEY (`TAB_ID`) REFERENCES `tab` (`TAB_ID`) ON UPDATE CASCADE
) ENGINE=InnoDB AUTO_INCREMENT=96 DEFAULT CHARSET=latin1;
/*!40101 SET character_set_client = @saved_cs_client */;

--
-- Dumping data for table `page`
--

LOCK TABLES `page` WRITE;
/*!40000 ALTER TABLE `page` DISABLE KEYS */;
INSERT INTO `page` VALUES (1,'Search Staff Member Page','staffSearch.htm',2,1,'2012-07-11 02:44:38'),(2,'Staff Member Details Page','viewStaffMemberDetails.htm',6,1,'2012-07-11 02:44:38'),(3,'Staff Qualifications Page','staffQualifications.htm',7,1,'2012-07-11 02:44:38'),(4,'Staff Extra Curricular Page','staffExtraCurricular.htm',8,1,'2012-07-11 02:44:38'),(5,'Staff Leave Page','staffLeave.htm',9,1,'2012-07-11 02:44:38'),(6,'Teacher Subject Allocation Page','teacherSubjectAllocation.htm',3,1,'2012-07-11 02:44:38'),(7,'Class Teacher Allocation Page','classTeacherAllocation.htm',4,1,'2012-07-11 02:44:38'),(8,'Section Head Allocation Page','sectionHeadAllocation.htm',5,1,'2012-07-11 02:44:38'),(9,'Student Search Page','studentSearch.htm',11,1,'2012-07-11 02:44:38'),(10,'Student Details Page','studentDetails.htm',12,1,'2012-07-11 02:44:38'),(11,'Student Religious Activities Page','FaithLifeRating.htm',13,1,'2012-07-11 02:44:38'),(12,'Student Academic Life Page','academicDetails.htm',14,1,'2012-07-11 02:44:38'),(13,'Co Curricular Details Page','coCurricularActivity.htm',15,1,'2012-07-11 02:44:38'),(14,'Student Disciplines Page','studentDiscipline.htm',16,1,'2012-07-11 02:44:38'),(15,'Student Leave Page','studentLeave.htm',17,1,'2012-07-11 02:44:38'),(16,'Parent Details Page','AdminParent.htm',18,1,'2012-07-11 02:44:38'),(17,'Attendance Page','studentAttendanceForm.htm',19,1,'2012-07-11 02:44:38'),(18,'Message Board Page','studentProgressReport.htm',20,1,'2012-07-11 02:44:38'),(19,'Student Class Page','studentClass.htm',21,1,'2012-07-11 02:44:38'),(20,'Student Subject Page','studentSubject.htm',22,1,'2012-07-11 02:44:38'),(21,'Student Mark Entry Page','studentMarks.htm',23,1,'2012-07-11 02:44:38'),(22,'Student Exam Marks Entry','studentExamMarks.htm',24,1,'2012-07-11 02:44:38'),(23,'Student Assignment Mark','studentAssignmentMarks.htm',25,1,'2012-07-11 02:44:38'),(24,'Reference Module Page','referenceModule.htm',26,1,'2012-07-11 02:44:38'),(25,'Manage Provinces','manageProvince.htm',26,2,'2012-07-11 02:44:38'),(26,'Manage Districts','manageDistrict.htm',26,3,'2012-07-11 02:44:38'),(27,'Manage Nationality','manageNationality.htm',26,4,'2012-07-11 02:44:38'),(28,'Manage Religion','manageReligion.htm',26,5,'2012-07-11 02:44:38'),(29,'Manage Staff Category Information','manageStaffCategory.htm',26,6,'2012-07-11 02:44:38'),(30,'Manage News And Events','managePublication.htm',26,7,'2012-07-11 02:44:38'),(31,'Manage Exam Subjects','manageExamSubject.htm',26,8,'2012-07-11 02:44:38'),(32,'Manage Grade','manageGrade.htm',26,9,'2012-07-11 02:44:38'),(33,'Manage Grade Subjects','manageSubjectGrade.htm',26,10,'2012-07-11 02:44:38'),(34,'Manage Study Streams','manageStreams.htm',26,11,'2012-07-11 02:44:38'),(35,'Manage Study Medium','manageStudyMediums.htm',26,12,'2012-07-11 02:44:38'),(36,'Manage Subjects','manageSubjects.htm',26,13,'2012-07-11 02:44:38'),(37,'Manage Educational Qualifications','manageEducationalQualification.htm',26,14,'2012-07-11 02:44:38'),(38,'Manage Professional Qualifications','manageProfessionalQualification.htm',26,15,'2012-07-11 02:44:38'),(39,'Manage Seminars','manageSeminar.htm',26,16,'2012-07-11 02:44:38'),(40,'View Audit Details','viewAuditDetails.htm',26,17,'2012-07-11 02:44:38'),(41,'Manage Sports','manageSport.htm',26,18,'2012-07-11 02:44:38'),(42,'Manage Sports Age Groups','manageSportSub.htm',26,19,'2012-07-11 02:44:38'),(43,'Manage Sports Categories','manageSportCategory.htm',26,20,'2012-07-11 02:44:38'),(44,'Manage Scholarship','manageScholarship.htm',26,21,'2012-07-11 02:44:38'),(45,'Manage Membership Positions','managePosition.htm',26,22,'2012-07-11 02:44:38'),(46,'Manage Prefect Types','managePrefectType.htm',26,23,'2012-07-11 02:44:38'),(47,'Manage Classes','manageClass.htm',26,24,'2013-05-08 17:52:34'),(48,'Manage Donation Type','manageDonationType.htm',26,25,'2013-05-08 17:52:34'),(49,'Manage Exams','manageExam.htm',26,26,'2012-07-11 02:44:38'),(50,'Manage Grading Information','manageGradingInformation.htm',26,27,'2013-05-08 17:52:34'),(51,'Manage Clubs & Societies','manageClubSociety.htm',26,28,'2012-07-11 02:44:38'),(53,'Manage House','manageHouse.htm',26,30,'2012-07-11 02:44:38'),(54,'Manage Method of Travel','manageMethodOfTravel.htm',26,31,'2012-07-11 02:44:38'),(55,'Manage Working Segment','manageWorkingSegment.htm',26,32,'2012-07-11 02:44:38'),(56,'Manage Holidays','manageHoliday.htm',26,33,'2012-07-11 02:44:38'),(57,'Manage Special Events','manageSpecialEvents.htm',26,34,'2012-07-11 02:44:38'),(58,'Manage Assignments','manageAssignment.htm',26,35,'2012-07-11 02:44:38'),(59,'School Details','schoolDetail.htm',27,1,'2012-07-11 02:44:38'),(60,'Student General Reports Page','StudentGeneralReports.htm',29,1,'2012-07-11 02:44:38'),(61,'Student Attendance Report Page','StudentAttendanceReports.htm',30,1,'2012-07-11 02:44:38'),(62,'Staff General Report Page','StaffGeneralReports.htm',31,1,'2012-07-11 02:44:38'),(63,'Staff Attendance Reports Page','StaffAttendanceReports.htm',32,1,'2012-07-11 02:44:38'),(64,'Student Attendance Page','DailyAttendance.htm',34,1,'2012-07-11 02:44:38'),(65,'Staff Attendance Page','TeacherDailyAttendance.htm',35,1,'2012-07-11 02:44:38'),(66,'Special Events Attendance Page','SpecialEventsAttendance.htm',36,1,'2012-07-11 02:44:38'),(67,'Manage User Roles','manageUserRoles.htm',38,1,'2012-07-11 02:44:38'),(68,'User Role Details','newUserRoleDetails.htm',38,2,'2012-07-11 02:44:38'),(69,'Manage System Users page','manageSystemUsers.htm',39,1,'2012-07-11 02:44:38'),(70,'System User Details','createSystemUser.htm',39,2,'2012-07-11 02:44:38'),(72,'Children page','getChildList.htm',40,1,'2012-07-11 02:44:38'),(73,'Message To Teacher page','messageToTeacher.htm',41,1,'2012-07-11 02:44:38'),(74,'Student Details Page','studentDetails.htm',42,1,'2012-07-11 02:44:38'),(75,'Student Religious Activities Page','FaithLifeRating.htm',43,1,'2012-07-11 02:44:38'),(76,'Student Academic Life Page','academicDetails.htm',44,1,'2012-07-11 02:44:38'),(77,'Co Curricular Details Page','coCurricularActivity.htm',45,1,'2012-07-11 02:44:38'),(78,'Student Disciplines Page','studentDiscipline.htm',46,1,'2012-07-11 02:44:38'),(79,'Student Leave Page','studentLeave.htm',47,1,'2012-07-11 02:44:38'),(80,'Parent Details Page','AdminParent.htm',48,1,'2012-07-11 02:44:38'),(81,'Attendance Page','studentAttendanceForm.htm',49,1,'2012-07-11 02:44:38'),(82,'Manage Race','manageRace.htm',26,36,'2012-09-04 04:16:13'),(83,'Manage Staff Service  Category','manageStaffServiceCategory.htm',26,37,'2012-09-04 04:16:13'),(84,'Manage Appointment Nature','manageAppointmentNature.htm',26,38,'2012-09-04 04:16:13'),(85,'Manage Appointment Classification','manageAppointmentClassification.htm',26,39,'2012-09-04 04:16:13'),(86,'Manage Civil Status','manageCivilStatus.htm',26,40,'2012-09-04 04:16:13'),(87,'Manage Countries','manageCountry.htm',26,41,'2012-09-04 04:16:13'),(88,'Manage Sections','manageSection.htm',26,42,'2012-09-04 04:16:13'),(89,'Manage Staff Leave Type','manageStaffLeave Types.htm',26,43,'2012-09-04 04:16:13'),(90,'Manage Warning Level','manageWarningLevel.htm',26,44,'2012-09-04 04:16:13'),(91,'Manage Cities','manageCity.htm',26,45,'2012-09-04 04:16:13'),(95,'Attendance Dashboard','attendanceDashboard.htm',51,47,'2013-01-28 23:29:16');
/*!40000 ALTER TABLE `page` ENABLE KEYS */;
UNLOCK TABLES;

--
-- Table structure for table `faith_life_category`
--

DROP TABLE IF EXISTS `faith_life_category`;
/*!40101 SET @saved_cs_client     = @@character_set_client */;
/*!40101 SET character_set_client = utf8 */;
CREATE TABLE `faith_life_category` (
  `FAITH_LIFE_CATEGORY_ID` int(11) NOT NULL,
  `DESCRIPTION` varchar(400) NOT NULL,
  `MODIFIED_TIME` timestamp NOT NULL DEFAULT CURRENT_TIMESTAMP ON UPDATE CURRENT_TIMESTAMP,
  PRIMARY KEY (`FAITH_LIFE_CATEGORY_ID`)
) ENGINE=InnoDB DEFAULT CHARSET=latin1;
/*!40101 SET character_set_client = @saved_cs_client */;

--
-- Dumping data for table `faith_life_category`
--

LOCK TABLES `faith_life_category` WRITE;
/*!40000 ALTER TABLE `faith_life_category` DISABLE KEYS */;
INSERT INTO `faith_life_category` VALUES (1,'Other','2012-01-03 08:40:26'),(2,'Positive','2012-01-03 08:40:26'),(3,'Negative','2012-01-03 08:40:26'),(4,'Attitude','2012-01-03 08:40:26'),(5,'Participation','2012-01-03 08:40:26'),(6,'General','2012-01-03 08:40:26');
/*!40000 ALTER TABLE `faith_life_category` ENABLE KEYS */;
UNLOCK TABLES;

--
-- Table structure for table `staff_club_society`
--

DROP TABLE IF EXISTS `staff_club_society`;
/*!40101 SET @saved_cs_client     = @@character_set_client */;
/*!40101 SET character_set_client = utf8 */;
CREATE TABLE `staff_club_society` (
  `STAFF_CLUB_SOCIETY_ID` int(11) NOT NULL,
  `STAFF_ID` int(11) NOT NULL,
  `CLUB_SOCIETY_ID` int(11) NOT NULL,
  `POSITION_ID` int(11) NOT NULL,
  `YEAR` date NOT NULL,
  `STATUS` tinyint(4) DEFAULT NULL,
  `MODIFIED_TIME` timestamp NOT NULL DEFAULT CURRENT_TIMESTAMP ON UPDATE CURRENT_TIMESTAMP,
  PRIMARY KEY (`STAFF_CLUB_SOCIETY_ID`),
  KEY `fk_STAFF_CLUB_SOCIETY_STAFF1` (`STAFF_ID`),
  KEY `fk_STAFF_CLUB_SOCIETY_CLUB_SOCIETY1` (`CLUB_SOCIETY_ID`),
  KEY `fk_STAFF_CLUB_SOCIETY_POSITION1` (`POSITION_ID`),
  CONSTRAINT `fk_STAFF_CLUB_SOCIETY_CLUB_SOCIETY1` FOREIGN KEY (`CLUB_SOCIETY_ID`) REFERENCES `club_society` (`CLUB_SOCIETY_ID`) ON UPDATE CASCADE,
  CONSTRAINT `fk_STAFF_CLUB_SOCIETY_POSITION1` FOREIGN KEY (`POSITION_ID`) REFERENCES `position` (`POSITION_ID`) ON UPDATE CASCADE,
  CONSTRAINT `fk_STAFF_CLUB_SOCIETY_STAFF1` FOREIGN KEY (`STAFF_ID`) REFERENCES `staff` (`STAFF_ID`) ON UPDATE CASCADE
) ENGINE=InnoDB DEFAULT CHARSET=latin1;
/*!40101 SET character_set_client = @saved_cs_client */;

--
-- Dumping data for table `staff_club_society`
--

LOCK TABLES `staff_club_society` WRITE;
/*!40000 ALTER TABLE `staff_club_society` DISABLE KEYS */;
/*!40000 ALTER TABLE `staff_club_society` ENABLE KEYS */;
UNLOCK TABLES;

--
-- Table structure for table `study_medium`
--

DROP TABLE IF EXISTS `study_medium`;
/*!40101 SET @saved_cs_client     = @@character_set_client */;
/*!40101 SET character_set_client = utf8 */;
CREATE TABLE `study_medium` (
  `STUDY_MEDIUM_ID` int(11) NOT NULL AUTO_INCREMENT,
  `STUDY_MEDIUM_NAME` varchar(45) NOT NULL,
  `MODIFIED_TIME` timestamp NOT NULL DEFAULT CURRENT_TIMESTAMP ON UPDATE CURRENT_TIMESTAMP,
  PRIMARY KEY (`STUDY_MEDIUM_ID`)
) ENGINE=InnoDB AUTO_INCREMENT=2 DEFAULT CHARSET=latin1;
/*!40101 SET character_set_client = @saved_cs_client */;

--
-- Dumping data for table `study_medium`
--

LOCK TABLES `study_medium` WRITE;
/*!40000 ALTER TABLE `study_medium` DISABLE KEYS */;
INSERT INTO `study_medium` VALUES (1,'Full Time','2013-05-08 18:11:32');
/*!40000 ALTER TABLE `study_medium` ENABLE KEYS */;
UNLOCK TABLES;

--
-- Table structure for table `stream`
--

DROP TABLE IF EXISTS `stream`;
/*!40101 SET @saved_cs_client     = @@character_set_client */;
/*!40101 SET character_set_client = utf8 */;
CREATE TABLE `stream` (
  `STREAM_ID` int(11) NOT NULL AUTO_INCREMENT,
  `DESCRIPTION` varchar(45) NOT NULL,
  `MODIFIED_TIME` timestamp NOT NULL DEFAULT CURRENT_TIMESTAMP ON UPDATE CURRENT_TIMESTAMP,
  PRIMARY KEY (`STREAM_ID`),
  UNIQUE KEY `DESCRIPTION_UNIQUE` (`DESCRIPTION`)
) ENGINE=InnoDB AUTO_INCREMENT=16 DEFAULT CHARSET=latin1;
/*!40101 SET character_set_client = @saved_cs_client */;

--
-- Dumping data for table `stream`
--

LOCK TABLES `stream` WRITE;
/*!40000 ALTER TABLE `stream` DISABLE KEYS */;
/*!40000 ALTER TABLE `stream` ENABLE KEYS */;
UNLOCK TABLES;

--
-- Table structure for table `blood_group`
--

DROP TABLE IF EXISTS `blood_group`;
/*!40101 SET @saved_cs_client     = @@character_set_client */;
/*!40101 SET character_set_client = utf8 */;
CREATE TABLE `blood_group` (
  `BLOOD_GROUP_ID` int(11) NOT NULL AUTO_INCREMENT,
  `DESCRIPTION` varchar(45) NOT NULL,
  `MODIFIED_TIME` timestamp NOT NULL DEFAULT CURRENT_TIMESTAMP ON UPDATE CURRENT_TIMESTAMP,
  PRIMARY KEY (`BLOOD_GROUP_ID`),
  UNIQUE KEY `DESCRIPTION_UNIQUE` (`DESCRIPTION`)
) ENGINE=InnoDB AUTO_INCREMENT=11 DEFAULT CHARSET=latin1;
/*!40101 SET character_set_client = @saved_cs_client */;

--
-- Dumping data for table `blood_group`
--

LOCK TABLES `blood_group` WRITE;
/*!40000 ALTER TABLE `blood_group` DISABLE KEYS */;
/*!40000 ALTER TABLE `blood_group` ENABLE KEYS */;
UNLOCK TABLES;

--
-- Table structure for table `house`
--

DROP TABLE IF EXISTS `house`;
/*!40101 SET @saved_cs_client     = @@character_set_client */;
/*!40101 SET character_set_client = utf8 */;
CREATE TABLE `house` (
  `HOUSE_ID` int(11) NOT NULL AUTO_INCREMENT,
  `NAME` varchar(45) NOT NULL,
  `COLOUR` varchar(45) DEFAULT NULL,
  `DESCRIPTION` varchar(45) DEFAULT NULL,
  `CAPTAIN` int(11) DEFAULT NULL,
  `VICE_CAPTAIN` int(11) DEFAULT NULL,
  `MODIFIED_TIME` timestamp NOT NULL DEFAULT CURRENT_TIMESTAMP ON UPDATE CURRENT_TIMESTAMP,
  PRIMARY KEY (`HOUSE_ID`),
  UNIQUE KEY `NAME_UNIQUE` (`NAME`),
  KEY `fk_HOUSE_STUDENT1` (`CAPTAIN`),
  KEY `fk_HOUSE_STUDENT2` (`VICE_CAPTAIN`),
  CONSTRAINT `fk_HOUSE_STUDENT1` FOREIGN KEY (`CAPTAIN`) REFERENCES `student` (`STUDENT_ID`) ON DELETE SET NULL ON UPDATE CASCADE,
  CONSTRAINT `fk_HOUSE_STUDENT2` FOREIGN KEY (`VICE_CAPTAIN`) REFERENCES `student` (`STUDENT_ID`) ON DELETE SET NULL ON UPDATE CASCADE
) ENGINE=InnoDB DEFAULT CHARSET=latin1;
/*!40101 SET character_set_client = @saved_cs_client */;

--
-- Dumping data for table `house`
--

LOCK TABLES `house` WRITE;
/*!40000 ALTER TABLE `house` DISABLE KEYS */;
/*!40000 ALTER TABLE `house` ENABLE KEYS */;
UNLOCK TABLES;

--
-- Table structure for table `class_teacher`
--

DROP TABLE IF EXISTS `class_teacher`;
/*!40101 SET @saved_cs_client     = @@character_set_client */;
/*!40101 SET character_set_client = utf8 */;
CREATE TABLE `class_teacher` (
  `CLASS_TEACHER_ID` int(11) NOT NULL AUTO_INCREMENT,
  `CLASS_GRADE_ID` int(11) NOT NULL,
  `STAFF_ID` int(11) NOT NULL,
  `YEAR` date NOT NULL,
  `MODIFIED_TIME` timestamp NOT NULL DEFAULT CURRENT_TIMESTAMP ON UPDATE CURRENT_TIMESTAMP,
  `DELETED` tinyint(4) DEFAULT '0',
  PRIMARY KEY (`CLASS_TEACHER_ID`),
  UNIQUE KEY `UC_CLASS_TEACHER` (`CLASS_GRADE_ID`,`STAFF_ID`,`YEAR`),
  KEY `fk_CLASS_GRADE_STAFF_STAFF1` (`STAFF_ID`),
  KEY `fk_CLASS_GRADE_STAFF_CLASS_GRADE1` (`CLASS_GRADE_ID`),
  CONSTRAINT `fk_CLASS_GRADE_STAFF_CLASS_GRADE1` FOREIGN KEY (`CLASS_GRADE_ID`) REFERENCES `class_grade` (`CLASS_GRADE_ID`) ON UPDATE CASCADE,
  CONSTRAINT `fk_CLASS_GRADE_STAFF_STAFF1` FOREIGN KEY (`STAFF_ID`) REFERENCES `staff` (`STAFF_ID`) ON DELETE CASCADE ON UPDATE CASCADE
) ENGINE=InnoDB DEFAULT CHARSET=latin1;
/*!40101 SET character_set_client = @saved_cs_client */;

--
-- Dumping data for table `class_teacher`
--

LOCK TABLES `class_teacher` WRITE;
/*!40000 ALTER TABLE `class_teacher` DISABLE KEYS */;
/*!40000 ALTER TABLE `class_teacher` ENABLE KEYS */;
UNLOCK TABLES;

--
-- Table structure for table `student_scholarship`
--

DROP TABLE IF EXISTS `student_scholarship`;
/*!40101 SET @saved_cs_client     = @@character_set_client */;
/*!40101 SET character_set_client = utf8 */;
CREATE TABLE `student_scholarship` (
  `STUDENT_SCHOLARSHIP_ID` int(11) NOT NULL AUTO_INCREMENT,
  `STUDENT_ID` int(11) NOT NULL,
  `SCHOLARSHIP_ID` int(11) NOT NULL,
  `YEAR` date NOT NULL,
  `COMMENTS` varchar(150) DEFAULT NULL,
  `MODIFIED_TIME` timestamp NOT NULL DEFAULT CURRENT_TIMESTAMP ON UPDATE CURRENT_TIMESTAMP,
  PRIMARY KEY (`STUDENT_SCHOLARSHIP_ID`),
  UNIQUE KEY `UC_STUDENT_SCHOLARSHIP` (`STUDENT_ID`,`SCHOLARSHIP_ID`,`YEAR`),
  KEY `fk_STUDENT_SCHOLARSHIP_SCHOLARSHIP1` (`SCHOLARSHIP_ID`),
  KEY `fk_STUDENT_SCHOLARSHIP_STUDENT1` (`STUDENT_ID`),
  CONSTRAINT `fk_STUDENT_SCHOLARSHIP_SCHOLARSHIP1` FOREIGN KEY (`SCHOLARSHIP_ID`) REFERENCES `scholarship` (`SCHOLARSHIP_ID`) ON UPDATE CASCADE,
  CONSTRAINT `fk_STUDENT_SCHOLARSHIP_STUDENT1` FOREIGN KEY (`STUDENT_ID`) REFERENCES `student` (`STUDENT_ID`) ON DELETE CASCADE ON UPDATE CASCADE
) ENGINE=InnoDB DEFAULT CHARSET=latin1;
/*!40101 SET character_set_client = @saved_cs_client */;

--
-- Dumping data for table `student_scholarship`
--

LOCK TABLES `student_scholarship` WRITE;
/*!40000 ALTER TABLE `student_scholarship` DISABLE KEYS */;
/*!40000 ALTER TABLE `student_scholarship` ENABLE KEYS */;
UNLOCK TABLES;

--
-- Table structure for table `job_type`
--

DROP TABLE IF EXISTS `job_type`;
/*!40101 SET @saved_cs_client     = @@character_set_client */;
/*!40101 SET character_set_client = utf8 */;
CREATE TABLE `job_type` (
  `JOB_TYPE_ID` int(11) NOT NULL AUTO_INCREMENT,
  `TYPE_NAME` varchar(45) NOT NULL,
  `MODIFIED_TIME` timestamp NOT NULL DEFAULT CURRENT_TIMESTAMP ON UPDATE CURRENT_TIMESTAMP,
  PRIMARY KEY (`JOB_TYPE_ID`)
) ENGINE=InnoDB DEFAULT CHARSET=latin1;
/*!40101 SET character_set_client = @saved_cs_client */;

--
-- Dumping data for table `job_type`
--

LOCK TABLES `job_type` WRITE;
/*!40000 ALTER TABLE `job_type` DISABLE KEYS */;
/*!40000 ALTER TABLE `job_type` ENABLE KEYS */;
UNLOCK TABLES;

--
-- Table structure for table `module`
--

DROP TABLE IF EXISTS `module`;
/*!40101 SET @saved_cs_client     = @@character_set_client */;
/*!40101 SET character_set_client = utf8 */;
CREATE TABLE `module` (
  `MODULE_ID` int(11) NOT NULL AUTO_INCREMENT,
  `NAME` varchar(45) NOT NULL,
  `MODIFIED_TIME` timestamp NOT NULL DEFAULT CURRENT_TIMESTAMP ON UPDATE CURRENT_TIMESTAMP,
  PRIMARY KEY (`MODULE_ID`)
) ENGINE=InnoDB AUTO_INCREMENT=9 DEFAULT CHARSET=latin1;
/*!40101 SET character_set_client = @saved_cs_client */;

--
-- Dumping data for table `module`
--

LOCK TABLES `module` WRITE;
/*!40000 ALTER TABLE `module` DISABLE KEYS */;
INSERT INTO `module` VALUES (1,'Staff Module','2012-07-11 02:44:30'),(2,'Student Module','2012-07-11 02:44:30'),(3,'Reference Module','2012-07-11 02:44:30'),(4,'School Module','2012-07-11 02:44:30'),(5,'Reporting Module','2012-07-11 02:44:30'),(6,'Attendance Module','2012-07-11 02:44:30'),(7,'User Management Module','2012-07-11 02:44:30'),(8,'Parent Module','2012-07-11 02:44:30');
/*!40000 ALTER TABLE `module` ENABLE KEYS */;
UNLOCK TABLES;

--
-- Table structure for table `student_club_society`
--

DROP TABLE IF EXISTS `student_club_society`;
/*!40101 SET @saved_cs_client     = @@character_set_client */;
/*!40101 SET character_set_client = utf8 */;
CREATE TABLE `student_club_society` (
  `STUDENT_CLUB_SOCIETY_ID` int(11) NOT NULL AUTO_INCREMENT,
  `STUDENT_ID` int(11) NOT NULL,
  `CLUB_SOCIETY_ID` int(11) NOT NULL,
  `YEAR` date NOT NULL,
  `POSITION_ID` int(11) NOT NULL,
  `MEMBERSHIP_NO` varchar(45) DEFAULT NULL,
  `STATUS` tinyint(4) DEFAULT NULL,
  `MODIFIED_TIME` timestamp NOT NULL DEFAULT CURRENT_TIMESTAMP ON UPDATE CURRENT_TIMESTAMP,
  PRIMARY KEY (`STUDENT_CLUB_SOCIETY_ID`),
  UNIQUE KEY `UC_STUDENT_CLUB_SOCIETY` (`STUDENT_ID`,`CLUB_SOCIETY_ID`,`YEAR`),
  KEY `fk_STUDENT_CLUB_SOCIETIES_STUDENT1` (`STUDENT_ID`),
  KEY `fk_STUDENT_CLUB_SOCIETIES_POSITION1` (`POSITION_ID`),
  KEY `fk_STUDENT_CLUB_SOCIETIES_CLUB_SOCIETIES1` (`CLUB_SOCIETY_ID`),
  CONSTRAINT `fk_STUDENT_CLUB_SOCIETIES_CLUB_SOCIETIES1` FOREIGN KEY (`CLUB_SOCIETY_ID`) REFERENCES `club_society` (`CLUB_SOCIETY_ID`) ON UPDATE CASCADE,
  CONSTRAINT `fk_STUDENT_CLUB_SOCIETIES_POSITION1` FOREIGN KEY (`POSITION_ID`) REFERENCES `position` (`POSITION_ID`) ON UPDATE CASCADE,
  CONSTRAINT `fk_STUDENT_CLUB_SOCIETIES_STUDENT1` FOREIGN KEY (`STUDENT_ID`) REFERENCES `student` (`STUDENT_ID`) ON UPDATE CASCADE
) ENGINE=InnoDB DEFAULT CHARSET=latin1;
/*!40101 SET character_set_client = @saved_cs_client */;

--
-- Dumping data for table `student_club_society`
--

LOCK TABLES `student_club_society` WRITE;
/*!40000 ALTER TABLE `student_club_society` DISABLE KEYS */;
/*!40000 ALTER TABLE `student_club_society` ENABLE KEYS */;
UNLOCK TABLES;

--
-- Table structure for table `tab`
--

DROP TABLE IF EXISTS `tab`;
/*!40101 SET @saved_cs_client     = @@character_set_client */;
/*!40101 SET character_set_client = utf8 */;
CREATE TABLE `tab` (
  `TAB_ID` int(11) NOT NULL AUTO_INCREMENT,
  `NAME` varchar(45) NOT NULL,
  `PARENT_TAB_ID` int(11) DEFAULT NULL,
  `MODULE_ID` int(11) NOT NULL,
  `INDEX_NO` int(11) NOT NULL,
  `MODIFIED_TIME` timestamp NOT NULL DEFAULT CURRENT_TIMESTAMP ON UPDATE CURRENT_TIMESTAMP,
  PRIMARY KEY (`TAB_ID`),
  KEY `fk_TAB_MODULE1` (`MODULE_ID`),
  CONSTRAINT `fk_TAB_MODULE1` FOREIGN KEY (`MODULE_ID`) REFERENCES `module` (`MODULE_ID`) ON UPDATE CASCADE
) ENGINE=InnoDB AUTO_INCREMENT=52 DEFAULT CHARSET=latin1;
/*!40101 SET character_set_client = @saved_cs_client */;

--
-- Dumping data for table `tab`
--

LOCK TABLES `tab` WRITE;
/*!40000 ALTER TABLE `tab` DISABLE KEYS */;
INSERT INTO `tab` VALUES (1,'Staff Module',NULL,1,1,'2012-07-11 02:44:34'),(2,'Staff Search',1,1,1,'2012-07-11 02:44:34'),(3,'Teacher Subject Allocation',1,1,2,'2012-07-11 02:44:34'),(4,'Class Teacher Allocation',1,1,3,'2012-07-11 02:44:34'),(5,'Section Head Allocation',1,1,4,'2012-07-11 02:44:34'),(6,'Staff Member Details',2,1,1,'2012-07-11 02:44:34'),(7,'Qualifications',2,1,2,'2012-07-11 02:44:34'),(8,'Extra Curricular',2,1,3,'2012-07-11 02:44:34'),(9,'Leave',2,1,4,'2012-07-11 02:44:34'),(10,'Student Module',NULL,2,2,'2012-07-11 02:44:34'),(11,'Student Search',10,2,1,'2012-07-11 02:44:34'),(12,'Student Details',11,2,2,'2012-07-11 02:44:34'),(13,'Religious Activities',11,2,3,'2012-07-11 02:44:34'),(14,'Academic Life',11,2,4,'2012-07-11 02:44:34'),(15,'Co-Curricular',11,2,5,'2012-07-11 02:44:34'),(16,'Discipline',11,2,6,'2012-07-11 02:44:34'),(17,'Absent',11,2,7,'2012-07-11 02:44:34'),(18,'Parent Details',11,2,8,'2012-07-11 02:44:34'),(19,'Attendance',11,2,9,'2012-07-11 02:44:34'),(20,'Message Board',11,2,10,'2012-07-11 02:44:34'),(21,'Student Class',10,2,2,'2012-07-11 02:44:34'),(22,'Student Subjects',10,2,3,'2012-07-11 02:44:34'),(23,'Student Mark Entry',10,2,4,'2012-07-11 02:44:34'),(24,'Student Exam Marks Entry',10,2,5,'2012-07-11 02:44:34'),(25,'Student Assignment Mark',10,2,6,'2012-07-11 02:44:34'),(26,'Reference Module',NULL,3,3,'2012-07-11 02:44:34'),(27,'School Module',NULL,4,4,'2012-07-11 02:44:34'),(28,'Reporting Module',NULL,5,5,'2012-07-11 02:44:34'),(29,'Student General Reports',28,5,1,'2012-07-11 02:44:34'),(30,'Student Attendance Reports',28,5,2,'2012-07-11 02:44:34'),(31,'Staff General Reports',28,5,3,'2012-07-11 02:44:34'),(32,'Staff Attendance Reports',28,5,4,'2012-07-11 02:44:34'),(33,'Attendance Module',NULL,6,6,'2012-07-11 02:44:34'),(34,'Student Attendance',33,6,1,'2012-07-11 02:44:34'),(35,'Staff Attendance',33,6,2,'2012-07-11 02:44:34'),(36,'Special Events Attendance',33,6,3,'2012-07-11 02:44:34'),(37,'User Management Module',NULL,7,7,'2012-07-11 02:44:34'),(38,'Manage User Roles',37,7,1,'2012-07-11 02:44:34'),(39,'Manage System Users',37,7,2,'2012-07-11 02:44:34'),(40,'Children',NULL,8,1,'2012-07-11 02:44:34'),(41,'Message To Teacher',40,8,11,'2012-07-11 02:44:34'),(42,'Student Details',40,8,1,'2012-07-11 02:44:34'),(43,'Religious Activities',40,8,3,'2012-07-11 02:44:34'),(44,'Academic Life',40,8,2,'2012-07-11 02:44:34'),(45,'Co-Curricular',40,8,4,'2012-07-11 02:44:34'),(46,'Discipline',40,8,5,'2012-07-11 02:44:34'),(47,'Absent',40,8,6,'2012-07-11 02:44:34'),(48,'Parent Details',40,8,7,'2012-07-11 02:44:34'),(49,'Attendance',40,8,8,'2012-07-11 02:44:34'),(51,'Attendance Dashboard',33,6,4,'2013-01-28 23:29:16');
/*!40000 ALTER TABLE `tab` ENABLE KEYS */;
UNLOCK TABLES;

--
-- Table structure for table `student_seminar`
--

DROP TABLE IF EXISTS `student_seminar`;
/*!40101 SET @saved_cs_client     = @@character_set_client */;
/*!40101 SET character_set_client = utf8 */;
CREATE TABLE `student_seminar` (
  `STUDENT_SEMINAR_ID` int(11) NOT NULL,
  `STUDENT_ID` int(11) NOT NULL,
  `SEMINAR_ID` int(11) NOT NULL,
  `DESCRIPTION` varchar(200) DEFAULT NULL,
  `YEAR` date NOT NULL,
  `STATUS` tinyint(4) DEFAULT NULL,
  `MODIFIED_TIME` timestamp NOT NULL DEFAULT CURRENT_TIMESTAMP ON UPDATE CURRENT_TIMESTAMP,
  PRIMARY KEY (`STUDENT_SEMINAR_ID`),
  KEY `fk_STUDENT_SEMINAR_STUDENT1` (`STUDENT_ID`),
  KEY `fk_STUDENT_SEMINAR_SEMINAR1` (`SEMINAR_ID`),
  CONSTRAINT `fk_STUDENT_SEMINAR_STUDENT1` FOREIGN KEY (`STUDENT_ID`) REFERENCES `student` (`STUDENT_ID`) ON UPDATE CASCADE,
  CONSTRAINT `fk_STUDENT_SEMINAR_SEMINAR1` FOREIGN KEY (`SEMINAR_ID`) REFERENCES `seminar` (`SEMINAR_ID`) ON UPDATE CASCADE
) ENGINE=InnoDB DEFAULT CHARSET=latin1;
/*!40101 SET character_set_client = @saved_cs_client */;

--
-- Dumping data for table `student_seminar`
--

LOCK TABLES `student_seminar` WRITE;
/*!40000 ALTER TABLE `student_seminar` DISABLE KEYS */;
/*!40000 ALTER TABLE `student_seminar` ENABLE KEYS */;
UNLOCK TABLES;

--
-- Table structure for table `sport`
--

DROP TABLE IF EXISTS `sport`;
/*!40101 SET @saved_cs_client     = @@character_set_client */;
/*!40101 SET character_set_client = utf8 */;
CREATE TABLE `sport` (
  `SPORT_ID` int(11) NOT NULL AUTO_INCREMENT,
  `DESCRIPTION` varchar(45) NOT NULL,
  `MODIFIED_TIME` timestamp NOT NULL DEFAULT CURRENT_TIMESTAMP ON UPDATE CURRENT_TIMESTAMP,
  PRIMARY KEY (`SPORT_ID`)
) ENGINE=InnoDB DEFAULT CHARSET=latin1;
/*!40101 SET character_set_client = @saved_cs_client */;

--
-- Dumping data for table `sport`
--

LOCK TABLES `sport` WRITE;
/*!40000 ALTER TABLE `sport` DISABLE KEYS */;
/*!40000 ALTER TABLE `sport` ENABLE KEYS */;
UNLOCK TABLES;

--
-- Table structure for table `publication_type`
--

DROP TABLE IF EXISTS `publication_type`;
/*!40101 SET @saved_cs_client     = @@character_set_client */;
/*!40101 SET character_set_client = utf8 */;
CREATE TABLE `publication_type` (
  `PUBLICATION_TYPE_ID` int(11) NOT NULL,
  `TYPE` varchar(45) NOT NULL,
  `MODIFIED_TIME` timestamp NOT NULL DEFAULT CURRENT_TIMESTAMP ON UPDATE CURRENT_TIMESTAMP,
  PRIMARY KEY (`PUBLICATION_TYPE_ID`)
) ENGINE=InnoDB DEFAULT CHARSET=latin1;
/*!40101 SET character_set_client = @saved_cs_client */;

--
-- Dumping data for table `publication_type`
--

LOCK TABLES `publication_type` WRITE;
/*!40000 ALTER TABLE `publication_type` DISABLE KEYS */;
INSERT INTO `publication_type` VALUES (1,'News','2011-09-06 12:20:36'),(2,'Events','2011-09-06 12:20:36');
/*!40000 ALTER TABLE `publication_type` ENABLE KEYS */;
UNLOCK TABLES;

--
-- Table structure for table `seminar`
--

DROP TABLE IF EXISTS `seminar`;
/*!40101 SET @saved_cs_client     = @@character_set_client */;
/*!40101 SET character_set_client = utf8 */;
CREATE TABLE `seminar` (
  `SEMINAR_ID` int(11) NOT NULL,
  `DESCRIPTION` varchar(200) NOT NULL,
  `MODIFIED_TIME` timestamp NOT NULL DEFAULT CURRENT_TIMESTAMP ON UPDATE CURRENT_TIMESTAMP,
  PRIMARY KEY (`SEMINAR_ID`),
  UNIQUE KEY `description_UNIQUE` (`DESCRIPTION`)
) ENGINE=InnoDB DEFAULT CHARSET=latin1;
/*!40101 SET character_set_client = @saved_cs_client */;

--
-- Dumping data for table `seminar`
--

LOCK TABLES `seminar` WRITE;
/*!40000 ALTER TABLE `seminar` DISABLE KEYS */;
/*!40000 ALTER TABLE `seminar` ENABLE KEYS */;
UNLOCK TABLES;

--
-- Table structure for table `subject`
--

DROP TABLE IF EXISTS `subject`;
/*!40101 SET @saved_cs_client     = @@character_set_client */;
/*!40101 SET character_set_client = utf8 */;
CREATE TABLE `subject` (
  `SUBJECT_ID` int(11) NOT NULL AUTO_INCREMENT,
  `DESCRIPTION` varchar(45) NOT NULL,
  `MODIFIED_TIME` timestamp NOT NULL DEFAULT CURRENT_TIMESTAMP ON UPDATE CURRENT_TIMESTAMP,
  `STREAM_ID` int(11) DEFAULT NULL,
  `SUBJECT_CODE` varchar(5) DEFAULT NULL,
  `GOV_SUBJECT_CODE` varchar(10) DEFAULT NULL,
  PRIMARY KEY (`SUBJECT_ID`),
  UNIQUE KEY `DESCRIPTION_UNIQUE` (`DESCRIPTION`),
  UNIQUE KEY `SUBJECT_CODE_UNIQUE` (`SUBJECT_CODE`),
  UNIQUE KEY `GOV_SUBJECT_CODE_UNIQUE` (`GOV_SUBJECT_CODE`),
  KEY `fk_SUBJECT_STREAM1` (`STREAM_ID`),
  CONSTRAINT `fk_SUBJECT_STREAM1` FOREIGN KEY (`STREAM_ID`) REFERENCES `stream` (`STREAM_ID`) ON UPDATE NO ACTION
) ENGINE=InnoDB AUTO_INCREMENT=4 DEFAULT CHARSET=latin1;
/*!40101 SET character_set_client = @saved_cs_client */;

--
-- Dumping data for table `subject`
--

LOCK TABLES `subject` WRITE;
/*!40000 ALTER TABLE `subject` DISABLE KEYS */;
INSERT INTO `subject` VALUES (1,'English','2013-05-08 18:16:17',NULL,'ENG','ENG'),(2,'Kiswahili','2013-05-08 18:16:37',NULL,'KIS','KIS'),(3,'Maths','2013-05-08 18:16:55',NULL,'MAT','MAT');
/*!40000 ALTER TABLE `subject` ENABLE KEYS */;
UNLOCK TABLES;

--
-- Table structure for table `professional_qualification`
--

DROP TABLE IF EXISTS `professional_qualification`;
/*!40101 SET @saved_cs_client     = @@character_set_client */;
/*!40101 SET character_set_client = utf8 */;
CREATE TABLE `professional_qualification` (
  `PROFESSIONAL_QUAL_ID` int(11) NOT NULL AUTO_INCREMENT,
  `DESCRIPTION` varchar(45) NOT NULL,
  `MODIFIED_TIME` timestamp NOT NULL DEFAULT CURRENT_TIMESTAMP ON UPDATE CURRENT_TIMESTAMP,
  PRIMARY KEY (`PROFESSIONAL_QUAL_ID`),
  UNIQUE KEY `DESCRIPTION_UNIQUE` (`DESCRIPTION`)
) ENGINE=InnoDB AUTO_INCREMENT=2 DEFAULT CHARSET=latin1;
/*!40101 SET character_set_client = @saved_cs_client */;

--
-- Dumping data for table `professional_qualification`
--

LOCK TABLES `professional_qualification` WRITE;
/*!40000 ALTER TABLE `professional_qualification` DISABLE KEYS */;
/*!40000 ALTER TABLE `professional_qualification` ENABLE KEYS */;
UNLOCK TABLES;

--
-- Table structure for table `faith_life_rating`
--

DROP TABLE IF EXISTS `faith_life_rating`;
/*!40101 SET @saved_cs_client     = @@character_set_client */;
/*!40101 SET character_set_client = utf8 */;
CREATE TABLE `faith_life_rating` (
  `FAITH_LIFE_RATING_ID` int(11) NOT NULL AUTO_INCREMENT,
  `STUDENT_ID` int(11) NOT NULL,
  `FAITH_LIFE_DESCRIPTION` varchar(100) DEFAULT NULL,
  `MODIFIED_TIME` timestamp NOT NULL DEFAULT CURRENT_TIMESTAMP ON UPDATE CURRENT_TIMESTAMP,
  `YEAR` date NOT NULL,
  `FAITH_LIFE_COMMENT_ID` int(11) DEFAULT NULL,
  `GRADING_ID` int(11) NOT NULL,
  PRIMARY KEY (`FAITH_LIFE_RATING_ID`),
  KEY `fk_FAITH_LIFE_RATING_STUDENT1` (`STUDENT_ID`),
  KEY `fk_FAITH_LIFE_RATING_COMMENT1` (`FAITH_LIFE_COMMENT_ID`),
  KEY `fk_FAITH_LIFE_RATING_GRADING1` (`GRADING_ID`),
  CONSTRAINT `fk_FAITH_LIFE_RATING_COMMENT1` FOREIGN KEY (`FAITH_LIFE_COMMENT_ID`) REFERENCES `faith_life_comment` (`FAITH_LIFE_COMMENT_ID`) ON UPDATE CASCADE,
  CONSTRAINT `fk_FAITH_LIFE_RATING_GRADING1` FOREIGN KEY (`GRADING_ID`) REFERENCES `faith_life_grading` (`FAITH_LIFE_GRADING_ID`) ON DELETE CASCADE ON UPDATE CASCADE,
  CONSTRAINT `fk_FAITH_LIFE_RATING_STUDENT1` FOREIGN KEY (`STUDENT_ID`) REFERENCES `student` (`STUDENT_ID`) ON DELETE CASCADE ON UPDATE CASCADE
) ENGINE=InnoDB DEFAULT CHARSET=latin1;
/*!40101 SET character_set_client = @saved_cs_client */;

--
-- Dumping data for table `faith_life_rating`
--

LOCK TABLES `faith_life_rating` WRITE;
/*!40000 ALTER TABLE `faith_life_rating` DISABLE KEYS */;
/*!40000 ALTER TABLE `faith_life_rating` ENABLE KEYS */;
UNLOCK TABLES;

--
-- Table structure for table `special_event_participation`
--

DROP TABLE IF EXISTS `special_event_participation`;
/*!40101 SET @saved_cs_client     = @@character_set_client */;
/*!40101 SET character_set_client = utf8 */;
CREATE TABLE `special_event_participation` (
  `SPECIAL_EVENT_PARTICIPATION_ID` int(11) NOT NULL,
  `SPECIAL_EVENT_ID` int(11) NOT NULL,
  `CLASS_GRADE_ID` int(11) DEFAULT NULL,
  `SPORT_CATEGORY_ID` int(11) DEFAULT NULL,
  `CLUB_SOCIETY_ID` int(11) DEFAULT NULL,
  `MODIFIED_TIME` timestamp NOT NULL DEFAULT CURRENT_TIMESTAMP ON UPDATE CURRENT_TIMESTAMP,
  PRIMARY KEY (`SPECIAL_EVENT_PARTICIPATION_ID`),
  KEY `fk_SPECIALEVENT_SPECIALEVENT1` (`SPECIAL_EVENT_ID`),
  KEY `fk_SPECIALEVENT_CLASSGRADE1` (`CLASS_GRADE_ID`),
  KEY `fk_SPECIALEVENT_SPORTCATEGORY1` (`SPORT_CATEGORY_ID`),
  KEY `fk_SPECIALEVENT_CLUBSOCIETY1` (`CLUB_SOCIETY_ID`),
  CONSTRAINT `fk_SPECIALEVENT_SPECIALEVENT1` FOREIGN KEY (`SPECIAL_EVENT_ID`) REFERENCES `special_events` (`SPECIAL_EVENTS_ID`) ON UPDATE CASCADE,
  CONSTRAINT `fk_SPECIALEVENT_CLASSGRADE1` FOREIGN KEY (`CLASS_GRADE_ID`) REFERENCES `class_grade` (`CLASS_GRADE_ID`) ON UPDATE CASCADE,
  CONSTRAINT `fk_SPECIALEVENT_SPORTCATEGORY1` FOREIGN KEY (`SPORT_CATEGORY_ID`) REFERENCES `sport_category` (`SPORT_CATEGORY_ID`) ON UPDATE CASCADE,
  CONSTRAINT `fk_SPECIALEVENT_CLUBSOCIETY1` FOREIGN KEY (`CLUB_SOCIETY_ID`) REFERENCES `club_society` (`CLUB_SOCIETY_ID`) ON UPDATE CASCADE
) ENGINE=InnoDB DEFAULT CHARSET=latin1;
/*!40101 SET character_set_client = @saved_cs_client */;

--
-- Dumping data for table `special_event_participation`
--

LOCK TABLES `special_event_participation` WRITE;
/*!40000 ALTER TABLE `special_event_participation` DISABLE KEYS */;
/*!40000 ALTER TABLE `special_event_participation` ENABLE KEYS */;
UNLOCK TABLES;

--
-- Table structure for table `merit_award`
--

DROP TABLE IF EXISTS `merit_award`;
/*!40101 SET @saved_cs_client     = @@character_set_client */;
/*!40101 SET character_set_client = utf8 */;
CREATE TABLE `merit_award` (
  `MERIT_AWARDS_ID` int(11) NOT NULL AUTO_INCREMENT,
  `AWARD_DESCRIPTION` varchar(100) NOT NULL,
  `MODIFIED_TIME` timestamp NOT NULL DEFAULT CURRENT_TIMESTAMP ON UPDATE CURRENT_TIMESTAMP,
  PRIMARY KEY (`MERIT_AWARDS_ID`)
) ENGINE=InnoDB DEFAULT CHARSET=latin1;
/*!40101 SET character_set_client = @saved_cs_client */;

--
-- Dumping data for table `merit_award`
--

LOCK TABLES `merit_award` WRITE;
/*!40000 ALTER TABLE `merit_award` DISABLE KEYS */;
/*!40000 ALTER TABLE `merit_award` ENABLE KEYS */;
UNLOCK TABLES;

--
-- Table structure for table `grading`
--

DROP TABLE IF EXISTS `grading`;
/*!40101 SET @saved_cs_client     = @@character_set_client */;
/*!40101 SET character_set_client = utf8 */;
CREATE TABLE `grading` (
  `GRADING_ID` int(11) NOT NULL AUTO_INCREMENT,
  `DESCRIPTION` varchar(45) NOT NULL,
  `GRADE_ACRONYM` varchar(2) NOT NULL,
  `MODIFIED_TIME` timestamp NOT NULL DEFAULT CURRENT_TIMESTAMP ON UPDATE CURRENT_TIMESTAMP,
  PRIMARY KEY (`GRADING_ID`)
) ENGINE=InnoDB AUTO_INCREMENT=17 DEFAULT CHARSET=latin1;
/*!40101 SET character_set_client = @saved_cs_client */;

--
-- Dumping data for table `grading`
--

LOCK TABLES `grading` WRITE;
/*!40000 ALTER TABLE `grading` DISABLE KEYS */;
INSERT INTO `grading` VALUES (1,'A stand','A','2013-05-10 19:38:26'),(2,'A Minus','A-','2013-05-10 19:32:19'),(3,'B plus','B+','2013-05-10 19:32:19'),(4,'B stand','B','2013-05-10 19:32:19'),(5,'B minus','B-','2013-05-10 19:32:19'),(6,'C plus','C+','2013-05-10 19:32:19'),(7,'C stand','C','2013-05-10 19:32:19'),(8,'C minus','C-','2013-05-10 19:32:19'),(9,'D plus','D+','2013-05-10 19:32:19'),(10,'D stand','D','2013-05-10 19:32:19'),(11,'D minus','D-','2013-05-10 19:32:19'),(12,'E fail','E','2013-05-10 19:32:19'),(13,'F','F','2013-05-10 19:32:19'),(14,'X','X','2013-05-10 19:32:19'),(15,'Y','Y','2013-05-10 19:32:19'),(16,'Z','Z','2013-05-10 19:32:19');
/*!40000 ALTER TABLE `grading` ENABLE KEYS */;
UNLOCK TABLES;

--
-- Table structure for table `student_disability`
--

DROP TABLE IF EXISTS `student_disability`;
/*!40101 SET @saved_cs_client     = @@character_set_client */;
/*!40101 SET character_set_client = utf8 */;
CREATE TABLE `student_disability` (
  `STUDENT_ID` int(11) NOT NULL,
  `ALLERGIES_MEDICAL_NOTES` varchar(300) DEFAULT NULL,
  `DISABILITY_INFO` varchar(300) DEFAULT NULL,
  `HEARING_IMPAIRMENT` varchar(300) DEFAULT NULL,
  `VISUAL_IMPAIRMENT` varchar(300) DEFAULT NULL,
  `SPEECH_DIFFICULTIES` varchar(300) DEFAULT NULL,
  `DYSLEXIA` varchar(300) DEFAULT NULL,
  `PHYSICAL_DISABILITIES` varchar(300) DEFAULT NULL,
  `FITS` varchar(300) DEFAULT NULL,
  `BEHAVIOUR_DIFFICULTIES` varchar(300) DEFAULT NULL,
  `OTHER_INFO` varchar(400) DEFAULT NULL,
  `MODIFIED_TIME` timestamp NOT NULL DEFAULT CURRENT_TIMESTAMP ON UPDATE CURRENT_TIMESTAMP,
  PRIMARY KEY (`STUDENT_ID`),
  KEY `fk_STUDENT_DISABILITY_TYPE_STUDENT1` (`STUDENT_ID`),
  CONSTRAINT `fk_STUDENT_DISABILITY_TYPE_STUDENT1` FOREIGN KEY (`STUDENT_ID`) REFERENCES `student` (`STUDENT_ID`) ON DELETE CASCADE ON UPDATE CASCADE
) ENGINE=InnoDB DEFAULT CHARSET=latin1;
/*!40101 SET character_set_client = @saved_cs_client */;

--
-- Dumping data for table `student_disability`
--

LOCK TABLES `student_disability` WRITE;
/*!40000 ALTER TABLE `student_disability` DISABLE KEYS */;
/*!40000 ALTER TABLE `student_disability` ENABLE KEYS */;
UNLOCK TABLES;

--
-- Table structure for table `section`
--

DROP TABLE IF EXISTS `section`;
/*!40101 SET @saved_cs_client     = @@character_set_client */;
/*!40101 SET character_set_client = utf8 */;
CREATE TABLE `section` (
  `SECTION_ID` int(11) NOT NULL AUTO_INCREMENT,
  `DESCRIPTION` varchar(45) NOT NULL,
  `MODIFIED_TIME` timestamp NOT NULL DEFAULT CURRENT_TIMESTAMP ON UPDATE CURRENT_TIMESTAMP,
  PRIMARY KEY (`SECTION_ID`)
) ENGINE=InnoDB AUTO_INCREMENT=7 DEFAULT CHARSET=latin1;
/*!40101 SET character_set_client = @saved_cs_client */;

--
-- Dumping data for table `section`
--

LOCK TABLES `section` WRITE;
/*!40000 ALTER TABLE `section` DISABLE KEYS */;
INSERT INTO `section` VALUES (1,'Primary','2013-05-08 16:50:09'),(2,'6 - 7','2013-05-08 16:50:09'),(3,'8 - 9','2013-05-08 16:50:09'),(4,'10 - 11 ','2013-05-08 16:50:09'),(5,'12 - 13 Commerce','2013-05-08 16:50:09'),(6,'12 - 13 Science','2013-05-08 16:50:09');
/*!40000 ALTER TABLE `section` ENABLE KEYS */;
UNLOCK TABLES;

--
-- Table structure for table `student_temporary_leave`
--

DROP TABLE IF EXISTS `student_temporary_leave`;
/*!40101 SET @saved_cs_client     = @@character_set_client */;
/*!40101 SET character_set_client = utf8 */;
CREATE TABLE `student_temporary_leave` (
  `STUDENT_TEMPORARY_LEAVE_ID` int(11) NOT NULL AUTO_INCREMENT,
  `REASON` varchar(100) NOT NULL,
  `TO_DATE` date NOT NULL,
  `FROM_DATE` date NOT NULL,
  `COMPLETE_CLEARANCE` tinyint(4) DEFAULT '0',
  `NO_OF_DAYS` int(11) DEFAULT NULL,
  `STUDENT_ID` int(11) NOT NULL,
  `ACTIVATE_DATE` date DEFAULT NULL,
  `MODIFIED_TIME` timestamp NOT NULL DEFAULT CURRENT_TIMESTAMP ON UPDATE CURRENT_TIMESTAMP,
  PRIMARY KEY (`STUDENT_TEMPORARY_LEAVE_ID`),
  KEY `fk_STUDENT_TEMPORARY_LEAVE_1` (`STUDENT_ID`),
  CONSTRAINT `fk_STUDENT_TEMPORARY_LEAVE_1` FOREIGN KEY (`STUDENT_ID`) REFERENCES `student` (`STUDENT_ID`) ON UPDATE CASCADE
) ENGINE=InnoDB DEFAULT CHARSET=latin1;
/*!40101 SET character_set_client = @saved_cs_client */;

--
-- Dumping data for table `student_temporary_leave`
--

LOCK TABLES `student_temporary_leave` WRITE;
/*!40000 ALTER TABLE `student_temporary_leave` DISABLE KEYS */;
/*!40000 ALTER TABLE `student_temporary_leave` ENABLE KEYS */;
UNLOCK TABLES;

--
-- Table structure for table `student_assignment_mark`
--

DROP TABLE IF EXISTS `student_assignment_mark`;
/*!40101 SET @saved_cs_client     = @@character_set_client */;
/*!40101 SET character_set_client = utf8 */;
CREATE TABLE `student_assignment_mark` (
  `STUDENT_ASSIGNMENT_MARKS_ID` int(11) NOT NULL AUTO_INCREMENT,
  `STUDENT_CLASS_INFO_ID` int(11) NOT NULL,
  `GRADE_SUBJECT_ID` int(11) NOT NULL,
  `ASSIGNMENT_ID` int(11) NOT NULL,
  `YEAR` date NOT NULL,
  `GRADING_ID` int(11) DEFAULT NULL,
  `MARKS` float DEFAULT NULL,
  `IS_ABSENT` tinyint(4) DEFAULT '0',
  `MODIFIED_TIME` timestamp NOT NULL DEFAULT CURRENT_TIMESTAMP ON UPDATE CURRENT_TIMESTAMP,
  PRIMARY KEY (`STUDENT_ASSIGNMENT_MARKS_ID`),
  KEY `fk_STUDENT_ASSIGNMENT_MARK_STUDENT_GRADING1` (`GRADING_ID`),
  KEY `fk_STUDENT_ASSIGNMENT_MARK_ASSIGNMENT1` (`ASSIGNMENT_ID`),
  KEY `fk_STUDENT_ASSIGNMENT_MARK_GRADE_SUBJECT1` (`GRADE_SUBJECT_ID`),
  KEY `fk_STUDENT_ASSIGNMENT_MARK_STUDENT_CLASS_INFO1` (`STUDENT_CLASS_INFO_ID`),
  CONSTRAINT `fk_STUDENT_ASSIGNMENT_MARK_STUDENT_GRADING1` FOREIGN KEY (`GRADING_ID`) REFERENCES `grading` (`GRADING_ID`) ON UPDATE CASCADE,
  CONSTRAINT `fk_STUDENT_ASSIGNMENT_MARK_ASSIGNMENT1` FOREIGN KEY (`ASSIGNMENT_ID`) REFERENCES `assignment` (`ASSIGNMENT_ID`) ON UPDATE CASCADE,
  CONSTRAINT `fk_STUDENT_ASSIGNMENT_MARK_GRADE_SUBJECT1` FOREIGN KEY (`GRADE_SUBJECT_ID`) REFERENCES `grade_subject` (`GRADE_SUBJECT_ID`) ON UPDATE CASCADE,
  CONSTRAINT `fk_STUDENT_ASSIGNMENT_MARK_STUDENT_CLASS_INFO1` FOREIGN KEY (`STUDENT_CLASS_INFO_ID`) REFERENCES `student_class_info` (`STUDENT_CLASS_INFO_ID`) ON UPDATE CASCADE
) ENGINE=InnoDB DEFAULT CHARSET=latin1;
/*!40101 SET character_set_client = @saved_cs_client */;

--
-- Dumping data for table `student_assignment_mark`
--

LOCK TABLES `student_assignment_mark` WRITE;
/*!40000 ALTER TABLE `student_assignment_mark` DISABLE KEYS */;
/*!40000 ALTER TABLE `student_assignment_mark` ENABLE KEYS */;
UNLOCK TABLES;

--
-- Table structure for table `marking_flag`
--

DROP TABLE IF EXISTS `marking_flag`;
/*!40101 SET @saved_cs_client     = @@character_set_client */;
/*!40101 SET character_set_client = utf8 */;
CREATE TABLE `marking_flag` (
  `MARKING_FLAG_ID` int(11) NOT NULL AUTO_INCREMENT,
  `CLASS_GRADE_ID` int(11) NOT NULL,
  `TERM_ID` int(11) NOT NULL,
  `YEAR` date NOT NULL,
  `MARKING_COMPLETED` tinyint(4) NOT NULL,
  `GRADE_ID` int(11) NOT NULL,
  `MODIFIED_TIME` timestamp NOT NULL DEFAULT CURRENT_TIMESTAMP ON UPDATE CURRENT_TIMESTAMP,
  PRIMARY KEY (`MARKING_FLAG_ID`),
  KEY `fk_MARKING_FLAG_CLASS_GRADE1` (`CLASS_GRADE_ID`),
  KEY `fk_MARKING_FLAG_TERM1` (`TERM_ID`),
  KEY `fk_MARKING_FLAG_GRADE` (`GRADE_ID`),
  CONSTRAINT `fk_MARKING_FLAG_CLASS_GRADE1` FOREIGN KEY (`CLASS_GRADE_ID`) REFERENCES `class_grade` (`CLASS_GRADE_ID`) ON DELETE NO ACTION ON UPDATE CASCADE,
  CONSTRAINT `fk_MARKING_FLAG_TERM1` FOREIGN KEY (`TERM_ID`) REFERENCES `term` (`TERM_ID`) ON DELETE NO ACTION ON UPDATE CASCADE,
  CONSTRAINT `fk_MARKING_FLAG_GRADE` FOREIGN KEY (`GRADE_ID`) REFERENCES `grade` (`GRADE_ID`) ON DELETE NO ACTION ON UPDATE CASCADE
) ENGINE=InnoDB AUTO_INCREMENT=2 DEFAULT CHARSET=latin1;
/*!40101 SET character_set_client = @saved_cs_client */;

--
-- Dumping data for table `marking_flag`
--

LOCK TABLES `marking_flag` WRITE;
/*!40000 ALTER TABLE `marking_flag` DISABLE KEYS */;
INSERT INTO `marking_flag` VALUES (1,1,1,'2013-05-10',1,1,'2013-05-10 19:22:45');
/*!40000 ALTER TABLE `marking_flag` ENABLE KEYS */;
UNLOCK TABLES;

--
-- Table structure for table `religion`
--

DROP TABLE IF EXISTS `religion`;
/*!40101 SET @saved_cs_client     = @@character_set_client */;
/*!40101 SET character_set_client = utf8 */;
CREATE TABLE `religion` (
  `RELIGION_ID` int(11) NOT NULL AUTO_INCREMENT,
  `DESCRIPTION` varchar(45) NOT NULL,
  `MODIFIED_TIME` timestamp NOT NULL DEFAULT CURRENT_TIMESTAMP ON UPDATE CURRENT_TIMESTAMP,
  PRIMARY KEY (`RELIGION_ID`),
  UNIQUE KEY `DESCRIPTION_UNIQUE` (`DESCRIPTION`)
) ENGINE=InnoDB AUTO_INCREMENT=5 DEFAULT CHARSET=latin1;
/*!40101 SET character_set_client = @saved_cs_client */;

--
-- Dumping data for table `religion`
--

LOCK TABLES `religion` WRITE;
/*!40000 ALTER TABLE `religion` DISABLE KEYS */;
INSERT INTO `religion` VALUES (1,'Buddhism','2012-01-03 08:50:15'),(2,'Islam','2012-01-03 08:50:29'),(3,'Hinduism','2012-01-03 08:51:08'),(4,'Christianity','2012-01-03 08:51:34');
/*!40000 ALTER TABLE `religion` ENABLE KEYS */;
UNLOCK TABLES;

--
-- Table structure for table `staff_category`
--

DROP TABLE IF EXISTS `staff_category`;
/*!40101 SET @saved_cs_client     = @@character_set_client */;
/*!40101 SET character_set_client = utf8 */;
CREATE TABLE `staff_category` (
  `STAFF_CATEGORY_ID` int(11) NOT NULL AUTO_INCREMENT,
  `DESCRIPTION` varchar(45) NOT NULL,
  `IS_ACADEMIC` tinyint(1) NOT NULL DEFAULT '1',
  `MODIFIED_TIME` timestamp NOT NULL DEFAULT CURRENT_TIMESTAMP ON UPDATE CURRENT_TIMESTAMP,
  PRIMARY KEY (`STAFF_CATEGORY_ID`)
) ENGINE=InnoDB DEFAULT CHARSET=latin1;
/*!40101 SET character_set_client = @saved_cs_client */;

--
-- Dumping data for table `staff_category`
--

LOCK TABLES `staff_category` WRITE;
/*!40000 ALTER TABLE `staff_category` DISABLE KEYS */;
/*!40000 ALTER TABLE `staff_category` ENABLE KEYS */;
UNLOCK TABLES;

--
-- Table structure for table `class_grade`
--

DROP TABLE IF EXISTS `class_grade`;
/*!40101 SET @saved_cs_client     = @@character_set_client */;
/*!40101 SET character_set_client = utf8 */;
CREATE TABLE `class_grade` (
  `CLASS_GRADE_ID` int(11) NOT NULL AUTO_INCREMENT,
  `CLASS_ID` int(11) NOT NULL,
  `GRADE_ID` int(11) NOT NULL,
  `DESCRIPTION` varchar(45) DEFAULT NULL,
  `MODIFIED_TIME` timestamp NOT NULL DEFAULT CURRENT_TIMESTAMP ON UPDATE CURRENT_TIMESTAMP,
  PRIMARY KEY (`CLASS_GRADE_ID`),
  UNIQUE KEY `CLASS_GRADE_ID_UNIQUE` (`CLASS_GRADE_ID`),
  UNIQUE KEY `UC_CLASS_GRADE` (`CLASS_ID`,`GRADE_ID`),
  UNIQUE KEY `DESCRIPTION_UNIQUE` (`DESCRIPTION`),
  KEY `fk_CLASS_GRADE_GRADE1` (`GRADE_ID`),
  KEY `fk_CLASS_GRADE_CLASS` (`CLASS_ID`),
  CONSTRAINT `fk_CLASS_GRADE_CLASS` FOREIGN KEY (`CLASS_ID`) REFERENCES `class` (`CLASS_ID`) ON UPDATE CASCADE,
  CONSTRAINT `fk_CLASS_GRADE_GRADE1` FOREIGN KEY (`GRADE_ID`) REFERENCES `grade` (`GRADE_ID`) ON UPDATE CASCADE
) ENGINE=InnoDB AUTO_INCREMENT=11 DEFAULT CHARSET=latin1;
/*!40101 SET character_set_client = @saved_cs_client */;

--
-- Dumping data for table `class_grade`
--

LOCK TABLES `class_grade` WRITE;
/*!40000 ALTER TABLE `class_grade` DISABLE KEYS */;
INSERT INTO `class_grade` VALUES (1,1,1,'A1','2013-05-08 18:18:43'),(2,2,1,'A2','2013-05-08 18:18:54'),(3,3,1,'AC','2013-05-08 18:18:01'),(4,4,1,'AD','2013-05-08 18:18:01'),(5,5,1,'AE','2013-05-08 18:18:02'),(6,6,1,'AF','2013-05-08 18:18:02'),(7,7,1,'AG','2013-05-08 18:18:02'),(8,8,1,'AH','2013-05-08 18:18:02'),(9,9,1,'AI','2013-05-08 18:18:02'),(10,10,1,'AJ','2013-05-08 18:18:02');
/*!40000 ALTER TABLE `class_grade` ENABLE KEYS */;
UNLOCK TABLES;

--
-- Table structure for table `appointment_classification`
--

DROP TABLE IF EXISTS `appointment_classification`;
/*!40101 SET @saved_cs_client     = @@character_set_client */;
/*!40101 SET character_set_client = utf8 */;
CREATE TABLE `appointment_classification` (
  `APPOINTMENT_CLASSIFICATION_ID` int(11) NOT NULL AUTO_INCREMENT,
  `DESCRIPTION` varchar(45) NOT NULL,
  `MODIFIED_TIME` timestamp NOT NULL DEFAULT CURRENT_TIMESTAMP ON UPDATE CURRENT_TIMESTAMP,
  PRIMARY KEY (`APPOINTMENT_CLASSIFICATION_ID`)
) ENGINE=InnoDB AUTO_INCREMENT=15 DEFAULT CHARSET=latin1;
/*!40101 SET character_set_client = @saved_cs_client */;

--
-- Dumping data for table `appointment_classification`
--

LOCK TABLES `appointment_classification` WRITE;
/*!40000 ALTER TABLE `appointment_classification` DISABLE KEYS */;
INSERT INTO `appointment_classification` VALUES (1,'Primary','2013-05-08 16:50:08'),(2,'Science','2013-05-08 16:50:08'),(3,'Mathematics','2013-05-08 16:50:09'),(4,'English','2013-05-08 16:50:09'),(5,'Social Studies','2013-05-08 16:50:09'),(6,'Aesthetic','2013-05-08 16:50:09'),(7,'Religion','2013-05-08 16:50:09'),(8,'Technical Subject','2013-05-08 16:50:09'),(9,'Commerce gratuate','2013-05-08 16:50:09'),(10,'Science graduate','2013-05-08 16:50:09'),(11,'Agriculture','2013-05-08 16:50:09'),(12,'Special Education','2013-05-08 16:50:09'),(13,'Physical education','2013-05-08 16:50:09'),(14,'Other','2013-05-08 16:50:09');
/*!40000 ALTER TABLE `appointment_classification` ENABLE KEYS */;
UNLOCK TABLES;

--
-- Table structure for table `educational_qualification`
--

DROP TABLE IF EXISTS `educational_qualification`;
/*!40101 SET @saved_cs_client     = @@character_set_client */;
/*!40101 SET character_set_client = utf8 */;
CREATE TABLE `educational_qualification` (
  `EDUCATIONAL_QUAL_ID` int(11) NOT NULL AUTO_INCREMENT,
  `DESCRIPTION` varchar(45) NOT NULL,
  `MODIFIED_TIME` timestamp NOT NULL DEFAULT CURRENT_TIMESTAMP ON UPDATE CURRENT_TIMESTAMP,
  PRIMARY KEY (`EDUCATIONAL_QUAL_ID`),
  UNIQUE KEY `DESCRIPTION_UNIQUE` (`DESCRIPTION`)
) ENGINE=InnoDB AUTO_INCREMENT=2 DEFAULT CHARSET=latin1;
/*!40101 SET character_set_client = @saved_cs_client */;

--
-- Dumping data for table `educational_qualification`
--

LOCK TABLES `educational_qualification` WRITE;
/*!40000 ALTER TABLE `educational_qualification` DISABLE KEYS */;
/*!40000 ALTER TABLE `educational_qualification` ENABLE KEYS */;
UNLOCK TABLES;

--
-- Table structure for table `student_sport`
--

DROP TABLE IF EXISTS `student_sport`;
/*!40101 SET @saved_cs_client     = @@character_set_client */;
/*!40101 SET character_set_client = utf8 */;
CREATE TABLE `student_sport` (
  `STUDENT_SPORT_ID` int(11) NOT NULL AUTO_INCREMENT,
  `STUDENT_ID` int(11) NOT NULL,
  `SPORT_CATEGORY_ID` int(11) NOT NULL,
  `YEAR` date NOT NULL,
  `POSITION_ID` int(11) NOT NULL,
  `STATUS` tinyint(4) DEFAULT NULL,
  `IS_SCHOOL_COLOUR` tinyint(1) DEFAULT NULL,
  `MODIFIED_TIME` timestamp NOT NULL DEFAULT CURRENT_TIMESTAMP ON UPDATE CURRENT_TIMESTAMP,
  PRIMARY KEY (`STUDENT_SPORT_ID`),
  UNIQUE KEY `UC_STUDENT_SPORT` (`STUDENT_ID`,`SPORT_CATEGORY_ID`,`YEAR`),
  KEY `fk_STUDENT_SPORT_STUDENT1` (`STUDENT_ID`),
  KEY `fk_STUDENT_SPORT_POSITION1` (`POSITION_ID`),
  KEY `fk_STUDENT_SPORT_SPORT_CATEGORY1` (`SPORT_CATEGORY_ID`),
  CONSTRAINT `fk_STUDENT_SPORT_POSITION1` FOREIGN KEY (`POSITION_ID`) REFERENCES `position` (`POSITION_ID`) ON UPDATE CASCADE,
  CONSTRAINT `fk_STUDENT_SPORT_SPORT_CATEGORY1` FOREIGN KEY (`SPORT_CATEGORY_ID`) REFERENCES `sport_category` (`SPORT_CATEGORY_ID`) ON UPDATE CASCADE,
  CONSTRAINT `fk_STUDENT_SPORT_STUDENT1` FOREIGN KEY (`STUDENT_ID`) REFERENCES `student` (`STUDENT_ID`) ON DELETE CASCADE ON UPDATE CASCADE
) ENGINE=InnoDB DEFAULT CHARSET=latin1;
/*!40101 SET character_set_client = @saved_cs_client */;

--
-- Dumping data for table `student_sport`
--

LOCK TABLES `student_sport` WRITE;
/*!40000 ALTER TABLE `student_sport` DISABLE KEYS */;
/*!40000 ALTER TABLE `student_sport` ENABLE KEYS */;
UNLOCK TABLES;

--
-- Table structure for table `province`
--

DROP TABLE IF EXISTS `province`;
/*!40101 SET @saved_cs_client     = @@character_set_client */;
/*!40101 SET character_set_client = utf8 */;
CREATE TABLE `province` (
  `PROVINCE_ID` int(11) NOT NULL AUTO_INCREMENT,
  `DESCRIPTION` varchar(45) NOT NULL,
  `MODIFIED_TIME` timestamp NOT NULL DEFAULT CURRENT_TIMESTAMP ON UPDATE CURRENT_TIMESTAMP,
  PRIMARY KEY (`PROVINCE_ID`),
  UNIQUE KEY `DESCRIPTION_UNIQUE` (`DESCRIPTION`)
) ENGINE=InnoDB AUTO_INCREMENT=73 DEFAULT CHARSET=latin1;
/*!40101 SET character_set_client = @saved_cs_client */;

--
-- Dumping data for table `province`
--

LOCK TABLES `province` WRITE;
/*!40000 ALTER TABLE `province` DISABLE KEYS */;
INSERT INTO `province` VALUES (1,'Western','2012-01-03 08:28:24'),(2,'Central','2012-01-03 08:28:33'),(3,'North Central','2012-01-03 08:32:09'),(4,'North Eastern','2012-01-03 08:32:41'),(5,'North Western','2012-01-03 08:32:57'),(6,'Uva','2012-01-03 08:33:15'),(7,'Eastern','2012-01-03 08:35:55'),(8,'Southern','2012-01-03 08:36:15'),(9,'Sabaragamuwa','2012-01-03 08:36:32');
/*!40000 ALTER TABLE `province` ENABLE KEYS */;
UNLOCK TABLES;

--
-- Table structure for table `exam`
--

DROP TABLE IF EXISTS `exam`;
/*!40101 SET @saved_cs_client     = @@character_set_client */;
/*!40101 SET character_set_client = utf8 */;
CREATE TABLE `exam` (
  `EXAM_ID` int(11) NOT NULL AUTO_INCREMENT,
  `DESCRIPTION` varchar(45) NOT NULL,
  `MARK_TYPE` tinyint(4) NOT NULL,
  `GRADE_ID` int(11) NOT NULL,
  `MODIFIED_TIME` timestamp NOT NULL DEFAULT CURRENT_TIMESTAMP ON UPDATE CURRENT_TIMESTAMP,
  PRIMARY KEY (`EXAM_ID`),
  UNIQUE KEY `DESCRIPTION_UNIQUE` (`DESCRIPTION`),
  KEY `fk_EXAM_GRADE1` (`GRADE_ID`),
  CONSTRAINT `fk_EXAM_GRADE1` FOREIGN KEY (`GRADE_ID`) REFERENCES `grade` (`GRADE_ID`) ON UPDATE CASCADE
) ENGINE=InnoDB AUTO_INCREMENT=4 DEFAULT CHARSET=latin1;
/*!40101 SET character_set_client = @saved_cs_client */;

--
-- Dumping data for table `exam`
--

LOCK TABLES `exam` WRITE;
/*!40000 ALTER TABLE `exam` DISABLE KEYS */;
INSERT INTO `exam` VALUES (1,'Entrance Exam',1,1,'2013-05-10 19:28:30'),(2,'Mid Term Exam',1,1,'2013-05-10 19:28:45'),(3,'End Term Exam',1,1,'2013-05-10 19:29:04');
/*!40000 ALTER TABLE `exam` ENABLE KEYS */;
UNLOCK TABLES;

--
-- Table structure for table `parent`
--

DROP TABLE IF EXISTS `parent`;
/*!40101 SET @saved_cs_client     = @@character_set_client */;
/*!40101 SET character_set_client = utf8 */;
CREATE TABLE `parent` (
  `PARENT_ID` int(11) NOT NULL AUTO_INCREMENT,
  `IS_TEACHER` tinyint(1) NOT NULL DEFAULT '0',
  `IS_PAST_PUPIL` tinyint(1) NOT NULL DEFAULT '0',
  `FULL_NAME` varchar(150) DEFAULT NULL,
  `NAME_WT_INITIALS` varchar(45) NOT NULL,
  `LAST_NAME` varchar(45) NOT NULL,
  `NATIONAL_ID_NO` varchar(45) NOT NULL,
  `ADDRESS` varchar(400) DEFAULT NULL,
  `MOBILE_NO` varchar(45) DEFAULT NULL,
  `RESIDENCE_NO` varchar(45) DEFAULT NULL,
  `OFFICE_NO` varchar(45) DEFAULT NULL,
  `EMAIL` varchar(100) DEFAULT NULL,
  `RELATIONSHIP` varchar(45) DEFAULT NULL,
  `CITY_ID` int(11) DEFAULT NULL,
  `TEACHER_REG_NO` varchar(45) DEFAULT NULL,
  `MODIFIED_TIME` timestamp NOT NULL DEFAULT CURRENT_TIMESTAMP ON UPDATE CURRENT_TIMESTAMP,
  `RELIGION_ID` int(11) DEFAULT NULL,
  `WORKING_SEGMENT_ID` int(11) DEFAULT NULL,
  `ALUMINI_NO` varchar(45) DEFAULT NULL,
  `INCOME_LEVEL` varchar(45) DEFAULT NULL,
  `TEMP_ADDRESS` varchar(400) DEFAULT NULL,
  `TEMP_CITY_ID` int(11) DEFAULT NULL,
  `OFFICE_NAME` varchar(45) DEFAULT NULL,
  `OFFICE_ADDRESS` varchar(400) DEFAULT NULL,
  `OFFICE_CITY_ID` int(11) DEFAULT NULL,
  `OFFICE_FAX_NO` varchar(45) DEFAULT NULL,
  `OFFICE_EMAIL_ADDRESS` varchar(45) DEFAULT NULL,
  `DESIGNATION` varchar(45) DEFAULT NULL,
  `EMPLOYMENT_STATUS_ID` int(11) DEFAULT NULL,
  PRIMARY KEY (`PARENT_ID`),
  UNIQUE KEY `NATIONAL_ID_NO_UNIQUE` (`NATIONAL_ID_NO`),
  KEY `fk_PARENT_CITY1` (`CITY_ID`),
  KEY `fk_PARENT_STAFF1` (`TEACHER_REG_NO`),
  KEY `fk_PARENT_RELIGION1` (`RELIGION_ID`),
  KEY `fk_TEMP_CITY_ID` (`TEMP_CITY_ID`),
  KEY `fk_OFFICE_CITY_ID` (`OFFICE_CITY_ID`),
  KEY `fk_PARENT_WORKING_SEGMENT1` (`WORKING_SEGMENT_ID`),
  KEY `fk_PARENT_EMPLOYMENT_STATUS1` (`EMPLOYMENT_STATUS_ID`),
  CONSTRAINT `fk_PARENT_STAFF1` FOREIGN KEY (`TEACHER_REG_NO`) REFERENCES `staff` (`REGISTRATION_NO`) ON UPDATE NO ACTION,
  CONSTRAINT `fk_OFFICE_CITY_ID` FOREIGN KEY (`OFFICE_CITY_ID`) REFERENCES `city` (`CITY_ID`) ON UPDATE CASCADE,
  CONSTRAINT `fk_PARENT_CITY1` FOREIGN KEY (`CITY_ID`) REFERENCES `city` (`CITY_ID`) ON UPDATE CASCADE,
  CONSTRAINT `fk_PARENT_EMPLOYMENT_STATUS1` FOREIGN KEY (`EMPLOYMENT_STATUS_ID`) REFERENCES `employment_status` (`EMPLOYMENT_STATUS_ID`) ON UPDATE CASCADE,
  CONSTRAINT `fk_PARENT_RELIGION1` FOREIGN KEY (`RELIGION_ID`) REFERENCES `religion` (`RELIGION_ID`) ON UPDATE CASCADE,
  CONSTRAINT `fk_PARENT_WORKING_SEGMENT1` FOREIGN KEY (`WORKING_SEGMENT_ID`) REFERENCES `working_segment` (`WORKING_SEGMENT_ID`) ON UPDATE CASCADE,
  CONSTRAINT `fk_TEMP_CITY_ID` FOREIGN KEY (`TEMP_CITY_ID`) REFERENCES `city` (`CITY_ID`) ON UPDATE CASCADE
) ENGINE=InnoDB AUTO_INCREMENT=4 DEFAULT CHARSET=latin1;
/*!40101 SET character_set_client = @saved_cs_client */;

--
-- Dumping data for table `parent`
--

LOCK TABLES `parent` WRITE;
/*!40000 ALTER TABLE `parent` DISABLE KEYS */;
/*!40000 ALTER TABLE `parent` ENABLE KEYS */;
UNLOCK TABLES;

--
-- Table structure for table `user_login`
--

DROP TABLE IF EXISTS `user_login`;
/*!40101 SET @saved_cs_client     = @@character_set_client */;
/*!40101 SET character_set_client = utf8 */;
CREATE TABLE `user_login` (
  `USER_LOGIN_ID` int(11) NOT NULL AUTO_INCREMENT,
  `USER_ROLE_ID` int(11) NOT NULL,
  `FIRST_NAME` varchar(45) NOT NULL,
  `LAST_NAME` varchar(45) NOT NULL,
  `EMAIL` varchar(45) NOT NULL,
  `USERNAME` varchar(45) NOT NULL,
  `PASSWORD` varchar(100) NOT NULL,
  `STATUS` smallint(6) NOT NULL,
  `LOGIN_ATTEMPTS` int(1) DEFAULT '0',
  `USER_IDENTIFICATION_NO` varchar(45) DEFAULT NULL,
  `MODIFIED_TIME` timestamp NOT NULL DEFAULT CURRENT_TIMESTAMP ON UPDATE CURRENT_TIMESTAMP,
  `GENERATED_PASSWORD` smallint(6) NOT NULL DEFAULT '0',
  `DELETED` tinyint(4) DEFAULT '0',
  PRIMARY KEY (`USER_LOGIN_ID`),
  KEY `fk_USER_LOGIN_USER_ROLE1` (`USER_ROLE_ID`),
  CONSTRAINT `fk_USER_LOGIN_USER_ROLE1` FOREIGN KEY (`USER_ROLE_ID`) REFERENCES `user_role` (`USER_ROLE_ID`) ON UPDATE CASCADE
) ENGINE=InnoDB AUTO_INCREMENT=5 DEFAULT CHARSET=latin1;
/*!40101 SET character_set_client = @saved_cs_client */;

--
-- Dumping data for table `user_login`
--

LOCK TABLES `user_login` WRITE;
/*!40000 ALTER TABLE `user_login` DISABLE KEYS */;
INSERT INTO `user_login` VALUES (1,1,'Administrator','User','user@mail.com','admin','ceb4f32325eda6142bd65215f4c0f371',1,0,NULL,'2011-11-17 08:23:05',0,0);
/*!40000 ALTER TABLE `user_login` ENABLE KEYS */;
UNLOCK TABLES;

--
-- Table structure for table `role_privilege`
--

DROP TABLE IF EXISTS `role_privilege`;
/*!40101 SET @saved_cs_client     = @@character_set_client */;
/*!40101 SET character_set_client = utf8 */;
CREATE TABLE `role_privilege` (
  `ROLE_PRIVILEGE_ID` int(11) NOT NULL AUTO_INCREMENT,
  `USER_ROLE_ID` int(11) NOT NULL,
  `PRIVILEGE_ID` int(11) NOT NULL,
  `MODIFIED_TIME` timestamp NOT NULL DEFAULT CURRENT_TIMESTAMP ON UPDATE CURRENT_TIMESTAMP,
  PRIMARY KEY (`ROLE_PRIVILEGE_ID`),
  KEY `fk_ROLE_PRIVILEGE_USER_ROLE1` (`USER_ROLE_ID`),
  KEY `fk_ROLE_PRIVILEGE_PRIVILEGE1` (`PRIVILEGE_ID`),
  CONSTRAINT `fk_ROLE_PRIVILEGE_USER_ROLE1` FOREIGN KEY (`USER_ROLE_ID`) REFERENCES `user_role` (`USER_ROLE_ID`) ON UPDATE CASCADE,
  CONSTRAINT `fk_ROLE_PRIVILEGE_PRIVILEGE1` FOREIGN KEY (`PRIVILEGE_ID`) REFERENCES `privilege` (`PRIVILEGE_ID`) ON UPDATE CASCADE
) ENGINE=InnoDB AUTO_INCREMENT=545 DEFAULT CHARSET=latin1;
/*!40101 SET character_set_client = @saved_cs_client */;

--
-- Dumping data for table `role_privilege`
--

LOCK TABLES `role_privilege` WRITE;
/*!40000 ALTER TABLE `role_privilege` DISABLE KEYS */;
INSERT INTO `role_privilege` VALUES (1,1,184,'2012-07-11 06:11:31'),(2,1,221,'2012-07-11 06:11:31'),(3,1,119,'2012-07-11 06:11:31'),(4,1,83,'2012-07-11 06:11:31'),(5,1,12,'2012-07-11 06:11:31'),(6,1,75,'2012-07-11 06:11:31'),(7,1,177,'2012-07-11 06:11:31'),(9,1,58,'2012-07-11 06:11:31'),(10,1,125,'2012-07-11 06:11:31'),(11,1,66,'2012-07-11 06:11:31'),(12,1,55,'2012-07-11 06:11:31'),(13,1,21,'2012-07-11 06:11:31'),(14,1,57,'2012-07-11 06:11:31'),(15,1,153,'2012-07-11 06:11:31'),(16,1,189,'2012-07-11 06:11:31'),(17,1,67,'2012-07-11 06:11:31'),(19,1,116,'2012-07-11 06:11:31'),(20,1,102,'2012-07-11 06:11:31'),(21,1,98,'2012-07-11 06:11:31'),(22,1,109,'2012-07-11 06:11:31'),(23,1,30,'2012-07-11 06:11:31'),(24,1,60,'2012-07-11 06:11:31'),(25,1,5,'2012-07-11 06:11:31'),(26,1,36,'2012-07-11 06:11:31'),(27,1,94,'2012-07-11 06:11:31'),(28,1,75,'2012-07-11 06:11:31'),(29,1,52,'2012-07-11 06:11:31'),(30,1,108,'2012-07-11 06:11:31'),(31,1,206,'2012-07-11 06:11:31'),(32,1,136,'2012-07-11 06:11:31'),(33,1,182,'2012-07-11 06:11:31'),(34,1,17,'2012-07-11 06:11:31'),(35,1,220,'2012-07-11 06:11:31'),(36,1,71,'2012-07-11 06:11:31'),(37,1,23,'2012-07-11 06:11:31'),(38,1,183,'2012-07-11 06:11:31'),(39,1,166,'2012-07-11 06:11:31'),(40,1,124,'2012-07-11 06:11:31'),(41,1,83,'2012-07-11 06:11:31'),(42,1,188,'2012-07-11 06:11:31'),(43,1,142,'2012-07-11 06:11:31'),(44,1,60,'2012-07-11 06:11:31'),(45,1,7,'2012-07-11 06:11:31'),(46,1,26,'2012-07-11 06:11:31'),(47,1,125,'2012-07-11 06:11:31'),(48,1,79,'2012-07-11 06:11:31'),(49,1,145,'2012-07-11 06:11:31'),(50,1,79,'2012-07-11 06:11:31'),(51,1,5,'2012-07-11 06:11:31'),(52,1,121,'2012-07-11 06:11:31'),(53,1,167,'2012-07-11 06:11:31'),(54,1,168,'2012-07-11 06:11:31'),(55,1,113,'2012-07-11 06:11:31'),(56,1,95,'2012-07-11 06:11:31'),(57,1,92,'2012-07-11 06:11:31'),(58,1,54,'2012-07-11 06:11:31'),(59,1,204,'2012-07-11 06:11:31'),(60,1,62,'2012-07-11 06:11:31'),(61,1,46,'2012-07-11 06:11:31'),(62,1,33,'2012-07-11 06:11:31'),(63,1,56,'2012-07-11 06:11:31'),(64,1,25,'2012-07-11 06:11:31'),(65,1,98,'2012-07-11 06:11:31'),(67,1,196,'2012-07-11 06:11:31'),(68,1,214,'2012-07-11 06:11:31'),(69,1,163,'2012-07-11 06:11:31'),(70,1,131,'2012-07-11 06:11:31'),(71,1,169,'2012-07-11 06:11:31'),(72,1,34,'2012-07-11 06:11:31'),(73,1,82,'2012-07-11 06:11:31'),(74,1,163,'2012-07-11 06:11:31'),(75,1,228,'2012-07-11 06:11:31'),(76,1,136,'2012-07-11 06:11:31'),(77,1,234,'2012-07-11 06:11:31'),(78,1,207,'2012-07-11 06:11:31'),(79,1,80,'2012-07-11 06:11:31'),(80,1,47,'2012-07-11 06:11:31'),(81,1,190,'2012-07-11 06:11:31'),(82,1,238,'2012-07-11 06:11:31'),(83,1,139,'2012-07-11 06:11:31'),(84,1,181,'2012-07-11 06:11:31'),(85,1,67,'2012-07-11 06:11:31'),(86,1,109,'2012-07-11 06:11:31'),(87,1,192,'2012-07-11 06:11:31'),(88,1,112,'2012-07-11 06:11:31'),(89,1,55,'2012-07-11 06:11:31'),(90,1,172,'2012-07-11 06:11:31'),(91,1,70,'2012-07-11 06:11:31'),(92,1,51,'2012-07-11 06:11:31'),(93,1,122,'2012-07-11 06:11:31'),(94,1,156,'2012-07-11 06:11:31'),(95,1,205,'2012-07-11 06:11:31'),(96,1,139,'2012-07-11 06:11:31'),(97,1,243,'2012-07-11 06:11:31'),(98,1,214,'2012-07-11 06:11:31'),(99,1,4,'2012-07-11 06:11:31'),(100,1,118,'2012-07-11 06:11:31'),(101,1,22,'2012-07-11 06:11:31'),(102,1,140,'2012-07-11 06:11:31'),(103,1,151,'2012-07-11 06:11:31'),(104,1,179,'2012-07-11 06:11:31'),(105,1,68,'2012-07-11 06:11:31'),(106,1,103,'2012-07-11 06:11:31'),(107,1,99,'2012-07-11 06:11:31'),(108,1,31,'2012-07-11 06:11:31'),(109,1,157,'2012-07-11 06:11:31'),(110,1,6,'2012-07-11 06:11:31'),(111,1,107,'2012-07-11 06:11:31'),(112,1,176,'2012-07-11 06:11:31'),(113,1,209,'2012-07-11 06:11:31'),(114,1,173,'2012-07-11 06:11:31'),(115,1,37,'2012-07-11 06:11:31'),(116,1,20,'2012-07-11 06:11:31'),(117,1,16,'2012-07-11 06:11:31'),(118,1,166,'2012-07-11 06:11:31'),(119,1,225,'2012-07-11 06:11:31'),(120,1,174,'2012-07-11 06:11:31'),(121,1,145,'2012-07-11 06:11:31'),(122,1,32,'2012-07-11 06:11:31'),(123,1,47,'2012-07-11 06:11:31'),(124,1,18,'2012-07-11 06:11:31'),(125,1,193,'2012-07-11 06:11:31'),(126,1,199,'2012-07-11 06:11:31'),(127,1,15,'2012-07-11 06:11:31'),(128,1,35,'2012-07-11 06:11:31'),(129,1,70,'2012-07-11 06:11:31'),(130,1,220,'2012-07-11 06:11:31'),(131,1,50,'2012-07-11 06:11:31'),(132,1,89,'2012-07-11 06:11:31'),(133,1,133,'2012-07-11 06:11:31'),(134,1,27,'2012-07-11 06:11:31'),(135,1,74,'2012-07-11 06:11:31'),(136,1,175,'2012-07-11 06:11:31'),(137,1,86,'2012-07-11 06:11:31'),(138,1,41,'2012-07-11 06:11:31'),(139,1,20,'2012-07-11 06:11:31'),(140,1,164,'2012-07-11 06:11:31'),(141,1,101,'2012-07-11 06:11:31'),(142,1,74,'2012-07-11 06:11:31'),(143,1,4,'2012-07-11 06:11:31'),(144,1,24,'2012-07-11 06:11:31'),(145,1,53,'2012-07-11 06:11:31'),(146,1,187,'2012-07-11 06:11:31'),(147,1,122,'2012-07-11 06:11:31'),(148,1,209,'2012-07-11 06:11:31'),(149,1,255,'2012-07-11 06:11:31'),(150,1,231,'2012-07-11 06:11:31'),(151,1,184,'2012-07-11 06:11:31'),(152,1,44,'2012-07-11 06:11:31'),(153,1,105,'2012-07-11 06:11:31'),(154,1,48,'2012-07-11 06:11:31'),(155,1,170,'2012-07-11 06:11:31'),(156,1,72,'2012-07-11 06:11:31'),(157,1,236,'2012-07-11 06:11:31'),(158,1,113,'2012-07-11 06:11:31'),(159,1,56,'2012-07-11 06:11:31'),(160,1,223,'2012-07-11 06:11:31'),(161,1,150,'2012-07-11 06:11:31'),(162,1,108,'2012-07-11 06:11:31'),(163,1,35,'2012-07-11 06:11:31'),(164,1,9,'2012-07-11 06:11:31'),(165,1,65,'2012-07-11 06:11:31'),(166,1,210,'2012-07-11 06:11:31'),(167,1,69,'2012-07-11 06:11:31'),(168,1,12,'2012-07-11 06:11:31'),(169,1,159,'2012-07-11 06:11:31'),(170,1,96,'2012-07-11 06:11:31'),(171,1,132,'2012-07-11 06:11:31'),(172,1,175,'2012-07-11 06:11:31'),(173,1,219,'2012-07-11 06:11:31'),(174,1,44,'2012-07-11 06:11:31'),(175,1,123,'2012-07-11 06:11:31'),(176,1,238,'2012-07-11 06:11:31'),(177,1,215,'2012-07-11 06:11:31'),(178,1,111,'2012-07-11 06:11:31'),(179,1,41,'2012-07-11 06:11:31'),(180,1,24,'2012-07-11 06:11:31'),(181,1,143,'2012-07-11 06:11:31'),(182,1,180,'2012-07-11 06:11:31'),(183,1,195,'2012-07-11 06:11:31'),(184,1,149,'2012-07-11 06:11:31'),(185,1,69,'2012-07-11 06:11:31'),(186,1,217,'2012-07-11 06:11:31'),(187,1,154,'2012-07-11 06:11:31'),(188,1,208,'2012-07-11 06:11:31'),(189,1,135,'2012-07-11 06:11:31'),(190,1,104,'2012-07-11 06:11:31'),(191,1,62,'2012-07-11 06:11:31'),(192,1,148,'2012-07-11 06:11:31'),(193,1,146,'2012-07-11 06:11:31'),(194,1,110,'2012-07-11 06:11:31'),(195,1,100,'2012-07-11 06:11:31'),(196,1,97,'2012-07-11 06:11:31'),(197,1,10,'2012-07-11 06:11:31'),(198,1,85,'2012-07-11 06:11:31'),(199,1,73,'2012-07-11 06:11:31'),(200,1,229,'2012-07-11 06:11:31'),(201,1,133,'2012-07-11 06:11:31'),(202,1,64,'2012-07-11 06:11:31'),(203,1,40,'2012-07-11 06:11:31'),(204,1,203,'2012-07-11 06:11:31'),(205,1,127,'2012-07-11 06:11:31'),(206,1,76,'2012-07-11 06:11:31'),(207,1,148,'2012-07-11 06:11:31'),(208,1,38,'2012-07-11 06:11:31'),(209,1,112,'2012-07-11 06:11:31'),(210,1,25,'2012-07-11 06:11:31'),(211,1,17,'2012-07-11 06:11:31'),(212,1,71,'2012-07-11 06:11:31'),(213,1,202,'2012-07-11 06:11:31'),(214,1,201,'2012-07-11 06:11:31'),(215,1,21,'2012-07-11 06:11:31'),(216,1,59,'2012-07-11 06:11:31'),(217,1,6,'2012-07-11 06:11:31'),(218,1,128,'2012-07-11 06:11:31'),(219,1,66,'2012-07-11 06:11:31'),(220,1,116,'2012-07-11 06:11:31'),(221,1,256,'2012-07-11 06:11:31'),(222,1,11,'2012-07-11 06:11:31'),(223,1,95,'2012-07-11 06:11:31'),(224,1,211,'2012-07-11 06:11:31'),(225,1,180,'2012-07-11 06:11:31'),(226,1,157,'2012-07-11 06:11:31'),(227,1,63,'2012-07-11 06:11:31'),(228,1,105,'2012-07-11 06:11:31'),(229,1,28,'2012-07-11 06:11:31'),(230,1,1,'2012-07-11 06:11:31'),(231,1,9,'2012-07-11 06:11:31'),(232,1,101,'2012-07-11 06:11:31'),(233,1,50,'2012-07-11 06:11:31'),(234,1,169,'2012-07-11 06:11:31'),(235,1,130,'2012-07-11 06:11:31'),(236,1,227,'2012-07-11 06:11:31'),(237,1,186,'2012-07-11 06:11:31'),(238,1,144,'2012-07-11 06:11:31'),(239,1,191,'2012-07-11 06:11:31'),(240,1,165,'2012-07-11 06:11:31'),(241,1,137,'2012-07-11 06:11:31'),(242,1,224,'2012-07-11 06:11:31'),(243,1,200,'2012-07-11 06:11:31'),(244,1,151,'2012-07-11 06:11:31'),(245,1,230,'2012-07-11 06:11:31'),(246,1,87,'2012-07-11 06:11:31'),(247,1,201,'2012-07-11 06:11:31'),(248,1,84,'2012-07-11 06:11:31'),(249,1,172,'2012-07-11 06:11:31'),(251,1,13,'2012-07-11 06:11:31'),(252,1,89,'2012-07-11 06:11:31'),(253,1,88,'2012-07-11 06:11:31'),(254,1,142,'2012-07-11 06:11:31'),(255,1,147,'2012-07-11 06:11:31'),(256,1,29,'2012-07-11 06:11:31'),(257,1,72,'2012-07-11 06:11:31'),(258,1,129,'2012-07-11 06:11:31'),(259,1,63,'2012-07-11 06:11:31'),(260,1,3,'2012-07-11 06:11:31'),(261,1,92,'2012-07-11 06:11:31'),(262,1,152,'2012-07-11 06:11:31'),(263,1,81,'2012-07-11 06:11:31'),(264,1,73,'2012-07-11 06:11:31'),(265,1,130,'2012-07-11 06:11:31'),(266,1,185,'2012-07-11 06:11:31'),(267,1,14,'2012-07-11 06:11:31'),(268,1,8,'2012-07-11 06:11:31'),(269,1,212,'2012-07-11 06:11:31'),(270,1,78,'2012-07-11 06:11:31'),(271,1,106,'2012-07-11 06:11:31'),(272,1,57,'2012-07-11 06:11:31'),(273,1,38,'2012-07-11 06:11:31'),(274,1,176,'2012-07-11 06:11:31'),(275,1,28,'2012-07-11 06:11:31'),(276,1,213,'2012-07-11 06:11:31'),(277,1,155,'2012-07-11 06:11:31'),(278,1,242,'2012-07-11 06:11:31'),(279,1,2,'2012-07-11 06:11:31'),(280,1,1,'2012-07-11 06:11:31'),(281,1,93,'2012-07-11 06:11:31'),(282,1,120,'2012-07-11 06:11:31'),(283,1,203,'2012-07-11 06:11:31'),(284,1,61,'2012-07-11 06:11:31'),(285,1,54,'2012-07-11 06:11:31'),(286,1,197,'2012-07-11 06:11:31'),(287,1,68,'2012-07-11 06:11:31'),(288,1,49,'2012-07-11 06:11:31'),(289,1,237,'2012-07-11 06:11:31'),(290,1,126,'2012-07-11 06:11:31'),(291,1,104,'2012-07-11 06:11:31'),(292,1,134,'2012-07-11 06:11:31'),(293,1,181,'2012-07-11 06:11:31'),(294,1,43,'2012-07-11 06:11:31'),(295,1,138,'2012-07-11 06:11:31'),(296,1,16,'2012-07-11 06:11:31'),(297,1,65,'2012-07-11 06:11:31'),(298,1,216,'2012-07-11 06:11:31'),(299,1,217,'2012-07-11 06:11:31'),(300,1,32,'2012-07-11 06:11:31'),(301,1,198,'2012-07-11 06:11:31'),(302,1,115,'2012-07-11 06:11:31'),(303,1,91,'2012-07-11 06:11:31'),(304,1,158,'2012-07-11 06:11:31'),(305,1,59,'2012-07-11 06:11:31'),(306,1,42,'2012-07-11 06:11:31'),(307,1,208,'2012-07-11 06:11:31'),(308,1,114,'2012-07-11 06:11:31'),(309,1,80,'2012-07-11 06:11:31'),(310,1,77,'2012-07-11 06:11:31'),(311,1,222,'2012-07-11 06:11:31'),(312,1,86,'2012-07-11 06:11:31'),(313,1,215,'2012-07-11 06:11:31'),(314,1,76,'2012-07-11 06:11:31'),(315,1,186,'2012-07-11 06:11:31'),(316,1,141,'2012-07-11 06:11:31'),(317,1,33,'2012-07-11 06:11:31'),(318,1,212,'2012-07-11 06:11:31'),(319,1,194,'2012-07-11 06:11:31'),(320,1,256,'2012-07-11 06:11:31'),(321,1,29,'2012-07-11 06:11:31'),(322,1,39,'2012-07-11 06:11:31'),(323,1,196,'2012-07-11 06:11:31'),(324,1,119,'2012-07-11 06:11:31'),(325,1,222,'2012-07-11 06:11:31'),(326,1,178,'2012-07-11 06:11:31'),(327,1,117,'2012-07-11 06:11:31'),(328,1,90,'2012-07-11 06:11:31'),(329,1,218,'2012-07-11 06:11:31'),(330,1,127,'2012-07-11 06:11:31'),(331,1,45,'2012-07-11 06:11:31'),(332,1,19,'2012-07-11 06:11:31'),(333,1,226,'2012-07-11 06:11:31'),(334,1,211,'2012-07-11 06:11:31'),(335,1,235,'2012-07-11 06:11:31'),(336,1,154,'2012-07-11 06:11:31'),(337,1,171,'2012-07-11 06:11:31'),(338,2,54,'2012-07-11 06:11:31'),(339,2,38,'2012-07-11 06:11:31'),(340,2,58,'2012-07-11 06:11:31'),(341,2,42,'2012-07-11 06:11:31'),(342,2,1,'2012-07-11 06:11:31'),(343,2,62,'2012-07-11 06:11:31'),(344,2,52,'2012-07-11 06:11:31'),(345,2,29,'2012-07-11 06:11:31'),(346,2,56,'2012-07-11 06:11:31'),(347,2,66,'2012-07-11 06:11:31'),(348,2,67,'2012-07-11 06:11:31'),(349,2,208,'2012-07-11 06:11:31'),(350,2,55,'2012-07-11 06:11:31'),(351,2,39,'2012-07-11 06:11:31'),(352,2,186,'2012-07-11 06:11:31'),(353,2,243,'2012-07-11 06:11:31'),(354,2,60,'2012-07-11 06:11:31'),(355,2,13,'2012-07-11 06:11:31'),(356,2,210,'2012-07-11 06:11:31'),(357,2,59,'2012-07-11 06:11:31'),(358,2,194,'2012-07-11 06:11:31'),(359,2,43,'2012-07-11 06:11:31'),(360,2,73,'2012-07-11 06:11:31'),(361,2,53,'2012-07-11 06:11:31'),(362,2,29,'2012-07-11 06:11:31'),(363,2,215,'2012-07-11 06:11:31'),(364,2,69,'2012-07-11 06:11:31'),(365,2,198,'2012-07-11 06:11:31'),(366,2,60,'2012-07-11 06:11:31'),(367,2,35,'2012-07-11 06:11:31'),(368,2,4,'2012-07-11 06:11:31'),(369,2,44,'2012-07-11 06:11:31'),(370,2,34,'2012-07-11 06:11:31'),(371,2,32,'2012-07-11 06:11:31'),(372,2,46,'2012-07-11 06:11:31'),(373,2,189,'2012-07-11 06:11:31'),(374,2,66,'2012-07-11 06:11:31'),(375,2,191,'2012-07-11 06:11:31'),(376,2,28,'2012-07-11 06:11:31'),(377,2,36,'2012-07-11 06:11:31'),(378,2,215,'2012-07-11 06:11:31'),(379,2,72,'2012-07-11 06:11:31'),(380,2,196,'2012-07-11 06:11:31'),(381,2,33,'2012-07-11 06:11:31'),(382,2,62,'2012-07-11 06:11:31'),(383,2,196,'2012-07-11 06:11:31'),(384,2,54,'2012-07-11 06:11:31'),(385,2,68,'2012-07-11 06:11:31'),(386,2,57,'2012-07-11 06:11:31'),(387,2,195,'2012-07-11 06:11:31'),(388,2,56,'2012-07-11 06:11:31'),(389,2,256,'2012-07-11 06:11:31'),(390,2,238,'2012-07-11 06:11:31'),(391,2,30,'2012-07-11 06:11:31'),(392,2,47,'2012-07-11 06:11:31'),(393,2,6,'2012-07-11 06:11:31'),(394,2,255,'2012-07-11 06:11:31'),(395,2,51,'2012-07-11 06:11:31'),(396,2,47,'2012-07-11 06:11:31'),(397,2,242,'2012-07-11 06:11:31'),(398,2,237,'2012-07-11 06:11:31'),(399,2,48,'2012-07-11 06:11:31'),(400,2,41,'2012-07-11 06:11:31'),(401,2,71,'2012-07-11 06:11:31'),(402,2,37,'2012-07-11 06:11:31'),(403,2,33,'2012-07-11 06:11:31'),(404,2,216,'2012-07-11 06:11:31'),(405,2,44,'2012-07-11 06:11:31'),(406,2,12,'2012-07-11 06:11:31'),(407,2,40,'2012-07-11 06:11:31'),(408,2,197,'2012-07-11 06:11:31'),(409,2,14,'2012-07-11 06:11:31'),(410,2,71,'2012-07-11 06:11:31'),(411,2,73,'2012-07-11 06:11:31'),(412,2,200,'2012-07-11 06:11:31'),(413,2,65,'2012-07-11 06:11:31'),(414,2,208,'2012-07-11 06:11:31'),(415,2,35,'2012-07-11 06:11:31'),(416,2,41,'2012-07-11 06:11:31'),(417,2,50,'2012-07-11 06:11:31'),(418,2,188,'2012-07-11 06:11:31'),(419,2,64,'2012-07-11 06:11:31'),(420,2,256,'2012-07-11 06:11:31'),(421,2,55,'2012-07-11 06:11:31'),(422,2,209,'2012-07-11 06:11:31'),(423,2,65,'2012-07-11 06:11:31'),(424,2,49,'2012-07-11 06:11:31'),(425,2,199,'2012-07-11 06:11:31'),(426,2,70,'2012-07-11 06:11:31'),(427,2,28,'2012-07-11 06:11:31'),(428,2,214,'2012-07-11 06:11:31'),(429,2,12,'2012-07-11 06:11:31'),(430,2,187,'2012-07-11 06:11:31'),(431,2,63,'2012-07-11 06:11:31'),(432,2,61,'2012-07-11 06:11:31'),(433,2,193,'2012-07-11 06:11:31'),(434,2,57,'2012-07-11 06:11:31'),(435,2,238,'2012-07-11 06:11:31'),(436,2,186,'2012-07-11 06:11:31'),(437,2,190,'2012-07-11 06:11:31'),(438,2,45,'2012-07-11 06:11:31'),(439,2,72,'2012-07-11 06:11:31'),(440,2,59,'2012-07-11 06:11:31'),(441,2,38,'2012-07-11 06:11:31'),(442,2,214,'2012-07-11 06:11:31'),(443,2,50,'2012-07-11 06:11:31'),(444,2,69,'2012-07-11 06:11:31'),(445,2,209,'2012-07-11 06:11:31'),(446,2,31,'2012-07-11 06:11:31'),(447,2,63,'2012-07-11 06:11:31'),(448,2,68,'2012-07-11 06:11:31'),(449,2,32,'2012-07-11 06:11:31'),(450,2,9,'2012-07-11 06:11:31'),(451,3,54,'2012-07-11 06:11:31'),(452,3,38,'2012-07-11 06:11:31'),(453,3,41,'2012-07-11 06:11:31'),(454,3,55,'2012-07-11 06:11:31'),(456,3,47,'2012-07-11 06:11:31'),(457,3,44,'2012-07-11 06:11:31'),(458,3,32,'2012-07-11 06:11:31'),(460,3,35,'2012-07-11 06:11:31'),(461,3,54,'2012-07-11 06:11:31'),(462,3,32,'2012-07-11 06:11:31'),(463,3,50,'2012-07-11 06:11:31'),(464,4,11,'2012-07-11 06:11:31'),(465,4,7,'2012-07-11 06:11:31'),(466,4,10,'2012-07-11 06:11:31'),(467,4,13,'2012-07-11 06:11:31'),(468,4,3,'2012-07-11 06:11:31'),(469,4,9,'2012-07-11 06:11:31'),(470,4,236,'2012-07-11 06:11:31'),(471,4,12,'2012-07-11 06:11:31'),(472,4,14,'2012-07-11 06:11:31'),(473,4,8,'2012-07-11 06:11:31'),(474,4,6,'2012-07-11 06:11:31'),(475,4,15,'2012-07-11 06:11:31'),(476,4,4,'2012-07-11 06:11:31'),(477,4,9,'2012-07-11 06:11:31'),(478,4,4,'2012-07-11 06:11:31'),(479,4,1,'2012-07-11 06:11:31'),(480,4,5,'2012-07-11 06:11:31'),(481,4,5,'2012-07-11 06:11:31'),(482,4,2,'2012-07-11 06:11:31'),(483,4,12,'2012-07-11 06:11:31'),(484,4,1,'2012-07-11 06:11:31'),(485,4,6,'2012-07-11 06:11:31'),(486,5,251,'2012-07-11 06:11:31'),(487,5,239,'2012-07-11 06:11:31'),(488,5,244,'2012-07-11 06:11:31'),(489,5,239,'2012-07-11 06:11:31'),(490,5,252,'2012-07-11 06:11:31'),(491,5,241,'2012-07-11 06:11:31'),(492,5,250,'2012-07-11 06:11:31'),(493,5,249,'2012-07-11 06:11:31'),(494,5,251,'2012-07-11 06:11:31'),(495,5,247,'2012-07-11 06:11:31'),(496,5,245,'2012-07-11 06:11:31'),(497,5,253,'2012-07-11 06:11:31'),(498,5,246,'2012-07-11 06:11:31'),(499,5,254,'2012-07-11 06:11:31'),(500,5,240,'2012-07-11 06:11:31'),(501,5,248,'2012-07-11 06:11:31'),(502,5,240,'2012-07-11 06:11:31'),(503,1,257,'2012-09-04 04:17:45'),(504,1,258,'2012-09-04 04:17:45'),(505,1,259,'2012-09-04 04:17:45'),(506,1,260,'2012-09-04 04:17:45'),(507,1,261,'2012-09-04 04:17:45'),(508,1,262,'2012-09-04 04:17:45'),(509,1,263,'2012-09-04 04:17:45'),(510,1,264,'2012-09-04 04:17:45'),(511,1,265,'2012-09-04 04:17:45'),(512,1,266,'2012-09-04 04:17:45'),(513,1,267,'2012-09-04 04:17:45'),(514,1,268,'2012-09-04 04:17:45'),(515,1,269,'2012-09-04 04:17:45'),(516,1,270,'2012-09-04 04:17:45'),(517,1,271,'2012-09-04 04:17:45'),(518,1,272,'2012-09-04 04:17:45'),(519,1,273,'2012-09-04 04:17:45'),(520,1,274,'2012-09-04 04:17:45'),(521,1,275,'2012-09-04 04:17:45'),(522,1,276,'2012-09-04 04:17:45'),(523,1,277,'2012-09-04 04:17:45'),(524,1,278,'2012-09-04 04:17:45'),(525,1,279,'2012-09-04 04:17:45'),(526,1,280,'2012-09-04 04:17:45'),(527,1,281,'2012-09-04 04:17:45'),(528,1,282,'2012-09-04 04:17:45'),(529,1,283,'2012-09-04 04:17:45'),(530,1,284,'2012-09-04 04:17:45'),(531,1,285,'2012-09-04 04:17:45'),(532,1,286,'2012-09-04 04:17:45'),(533,1,287,'2012-09-04 04:17:45'),(534,1,288,'2012-09-04 04:17:45'),(535,1,289,'2012-09-04 04:17:45'),(536,1,290,'2012-09-04 04:17:45'),(537,1,291,'2012-09-04 04:17:45'),(538,2,289,'2013-01-09 04:17:45'),(539,2,294,'2013-01-11 04:17:45'),(540,1,299,'2013-01-28 23:29:16'),(541,2,299,'2013-01-28 23:29:16'),(542,1,300,'2013-01-28 23:29:16'),(543,2,300,'2013-01-28 23:29:16'),(544,2,192,'2013-05-08 17:55:26');
/*!40000 ALTER TABLE `role_privilege` ENABLE KEYS */;
UNLOCK TABLES;

--
-- Table structure for table `user_role`
--

DROP TABLE IF EXISTS `user_role`;
/*!40101 SET @saved_cs_client     = @@character_set_client */;
/*!40101 SET character_set_client = utf8 */;
CREATE TABLE `user_role` (
  `USER_ROLE_ID` int(11) NOT NULL AUTO_INCREMENT,
  `ROLE` varchar(45) NOT NULL,
  `DESCRIPTION` varchar(100) DEFAULT NULL,
  `MODIFIED_TIME` timestamp NOT NULL DEFAULT CURRENT_TIMESTAMP ON UPDATE CURRENT_TIMESTAMP,
  `IS_SYSTEM_ROLE` tinyint(4) NOT NULL DEFAULT '1',
  PRIMARY KEY (`USER_ROLE_ID`),
  UNIQUE KEY `ROLE_UNIQUE` (`ROLE`)
) ENGINE=InnoDB AUTO_INCREMENT=6 DEFAULT CHARSET=latin1;
/*!40101 SET character_set_client = @saved_cs_client */;

--
-- Dumping data for table `user_role`
--

LOCK TABLES `user_role` WRITE;
/*!40000 ALTER TABLE `user_role` DISABLE KEYS */;
INSERT INTO `user_role` VALUES (1,'Admin','admin','2011-10-21 15:25:59',1),(2,'Teacher','Teacher','2011-10-21 15:25:59',1),(3,'Student','Student','2011-10-21 15:25:59',1),(4,'Clerical Staff','Clerical Staff Member Role','2012-01-23 10:35:09',1),(5,'Parent','Parent','2011-10-21 15:25:59',1);
/*!40000 ALTER TABLE `user_role` ENABLE KEYS */;
UNLOCK TABLES;

--
-- Table structure for table `job`
--

DROP TABLE IF EXISTS `job`;
/*!40101 SET @saved_cs_client     = @@character_set_client */;
/*!40101 SET character_set_client = utf8 */;
CREATE TABLE `job` (
  `JOB_ID` int(11) NOT NULL AUTO_INCREMENT,
  `NAME` varchar(45) NOT NULL,
  `START_DATE` date DEFAULT NULL,
  `END_DATE` date DEFAULT NULL,
  `TRIGGER_NAME` varchar(45) DEFAULT NULL,
  `PARAMETER_1` int(11) DEFAULT NULL,
  `PARAMETER_2` int(11) DEFAULT NULL,
  `PARAMETER_3` int(11) DEFAULT NULL,
  `JOB_TYPE_ID` int(11) DEFAULT NULL,
  `MODIFIED_TIME` timestamp NOT NULL DEFAULT CURRENT_TIMESTAMP ON UPDATE CURRENT_TIMESTAMP,
  PRIMARY KEY (`JOB_ID`),
  KEY `fk_JOBS_JOB_TYPE1` (`JOB_TYPE_ID`),
  CONSTRAINT `fk_JOBS_JOB_TYPE1` FOREIGN KEY (`JOB_TYPE_ID`) REFERENCES `job_type` (`JOB_TYPE_ID`) ON UPDATE CASCADE
) ENGINE=InnoDB DEFAULT CHARSET=latin1;
/*!40101 SET character_set_client = @saved_cs_client */;

--
-- Dumping data for table `job`
--

LOCK TABLES `job` WRITE;
/*!40000 ALTER TABLE `job` DISABLE KEYS */;
/*!40000 ALTER TABLE `job` ENABLE KEYS */;
UNLOCK TABLES;

--
-- Table structure for table `staff_leave_status`
--

DROP TABLE IF EXISTS `staff_leave_status`;
/*!40101 SET @saved_cs_client     = @@character_set_client */;
/*!40101 SET character_set_client = utf8 */;
CREATE TABLE `staff_leave_status` (
  `STAFF_LEAVE_STATUS_ID` int(11) NOT NULL AUTO_INCREMENT,
  `DESCRIPTION` varchar(45) NOT NULL,
  `MODIFIED_TIME` timestamp NOT NULL DEFAULT CURRENT_TIMESTAMP ON UPDATE CURRENT_TIMESTAMP,
  PRIMARY KEY (`STAFF_LEAVE_STATUS_ID`)
) ENGINE=InnoDB AUTO_INCREMENT=4 DEFAULT CHARSET=latin1;
/*!40101 SET character_set_client = @saved_cs_client */;

--
-- Dumping data for table `staff_leave_status`
--

LOCK TABLES `staff_leave_status` WRITE;
/*!40000 ALTER TABLE `staff_leave_status` DISABLE KEYS */;
INSERT INTO `staff_leave_status` VALUES (1,'Approved','2013-05-08 17:49:03'),(2,'Rejected','2013-05-08 17:49:03'),(3,'In Progress','2013-05-08 17:49:03');
/*!40000 ALTER TABLE `staff_leave_status` ENABLE KEYS */;
UNLOCK TABLES;

--
-- Table structure for table `student_leave`
--

DROP TABLE IF EXISTS `student_leave`;
/*!40101 SET @saved_cs_client     = @@character_set_client */;
/*!40101 SET character_set_client = utf8 */;
CREATE TABLE `student_leave` (
  `STUDENT_LEAVE_ID` int(11) NOT NULL,
  `STUDENT_ID` int(11) NOT NULL,
  `FROM_DATE` date NOT NULL,
  `TO_DATE` date NOT NULL,
  `REASON` varchar(45) DEFAULT NULL,
  `MODIFIED_TIME` timestamp NOT NULL DEFAULT CURRENT_TIMESTAMP,
  `CERTIFICATE_GIVEN` tinyint(4) NOT NULL,
  `NO_OF_DAYS` int(11) NOT NULL,
  `CHECK_AUTOGENERATED` tinyint(4) NOT NULL DEFAULT '0',
  PRIMARY KEY (`STUDENT_LEAVE_ID`),
  KEY `fk_STUDENT_LEAVE_STUDENT1` (`STUDENT_ID`),
  CONSTRAINT `fk_STUDENT_LEAVE_STUDENT1` FOREIGN KEY (`STUDENT_ID`) REFERENCES `student` (`STUDENT_ID`) ON DELETE CASCADE ON UPDATE CASCADE
) ENGINE=InnoDB DEFAULT CHARSET=latin1;
/*!40101 SET character_set_client = @saved_cs_client */;

--
-- Dumping data for table `student_leave`
--

LOCK TABLES `student_leave` WRITE;
/*!40000 ALTER TABLE `student_leave` DISABLE KEYS */;
/*!40000 ALTER TABLE `student_leave` ENABLE KEYS */;
UNLOCK TABLES;

--
-- Table structure for table `term`
--

DROP TABLE IF EXISTS `term`;
/*!40101 SET @saved_cs_client     = @@character_set_client */;
/*!40101 SET character_set_client = utf8 */;
CREATE TABLE `term` (
  `TERM_ID` int(11) NOT NULL AUTO_INCREMENT,
  `DESCRIPTION` varchar(45) NOT NULL,
  `FROM_MONTH` date NOT NULL,
  `TO_MONTH` date NOT NULL,
  `MODIFIED_TIME` timestamp NOT NULL DEFAULT CURRENT_TIMESTAMP ON UPDATE CURRENT_TIMESTAMP,
  PRIMARY KEY (`TERM_ID`),
  UNIQUE KEY `DESCRIPTION_UNIQUE` (`DESCRIPTION`)
) ENGINE=InnoDB AUTO_INCREMENT=4 DEFAULT CHARSET=latin1;
/*!40101 SET character_set_client = @saved_cs_client */;

--
-- Dumping data for table `term`
--

LOCK TABLES `term` WRITE;
/*!40000 ALTER TABLE `term` DISABLE KEYS */;
INSERT INTO `term` VALUES (1,'Term 1','2012-01-01','2012-04-15','2012-02-13 04:14:46'),(2,'Term 2','2012-05-01','2012-08-15','2012-02-13 04:15:09'),(3,'Term 3','2012-09-01','2012-12-31','2012-02-13 04:15:33');
/*!40000 ALTER TABLE `term` ENABLE KEYS */;
UNLOCK TABLES;

--
-- Table structure for table `student`
--

DROP TABLE IF EXISTS `student`;
/*!40101 SET @saved_cs_client     = @@character_set_client */;
/*!40101 SET character_set_client = utf8 */;
CREATE TABLE `student` (
  `STUDENT_ID` int(11) NOT NULL AUTO_INCREMENT,
  `ADMISSION_NO` varchar(45) NOT NULL,
  `BLOOD_GROUP_ID` int(11) DEFAULT NULL,
  `NATIONALITY_ID` int(11) DEFAULT NULL,
  `RELIGION_ID` int(11) DEFAULT NULL,
  `HOUSE_ID` int(11) DEFAULT NULL,
  `TRAVEL_ID` int(11) DEFAULT NULL,
  `LANGUAGE_ID` int(11) NOT NULL,
  `CITY_ID` int(11) DEFAULT NULL,
  `ADMISSION_DATE` date DEFAULT NULL,
  `FIRST_SCHOOL_DAY` date NOT NULL,
  `PHOTO` longblob,
  `FULL_NAME` varchar(150) DEFAULT NULL,
  `NAME_WT_INITIALS` varchar(45) NOT NULL,
  `LAST_NAME` varchar(45) NOT NULL,
  `NATIONAL_ID_NO` varchar(45) DEFAULT NULL,
  `DATE_OF_BIRTH` date DEFAULT NULL,
  `ADDRESS` varchar(400) DEFAULT NULL,
  `TEMPORARY_ADDRESS` varchar(400) DEFAULT NULL,
  `TEMPORARY_CITY_ID` int(11) DEFAULT NULL,
  `MOBILE_NO` varchar(45) DEFAULT NULL,
  `RESIDENCE_NO` varchar(45) DEFAULT NULL,
  `EMAIL` varchar(45) DEFAULT NULL,
  `GENDER` char(1) NOT NULL,
  `IS_OLD_BOY` tinyint(4) DEFAULT '0',
  `PREVIOUS_SCHOOL_NAME` varchar(250) DEFAULT NULL,
  `PREVIOUS_SCHOOL_PASSED_GRADE` varchar(45) DEFAULT NULL,
  `PREVIOUS_SCHOOL_STUDIED_GRADE` varchar(45) DEFAULT NULL,
  `PREVIOUS_SCHOOL_STUDY_MEDIUM_ID` int(11) DEFAULT NULL,
  `PREVIOUS_SCHOOL_STUDIED_FROM_DATE` date DEFAULT NULL,
  `PREVIOUS_SCHOOL_STUDIED_TO_DATE` date DEFAULT NULL,
  `PREVIOUS_SCHOOL_REASON_FOR_LEAVE` varchar(45) DEFAULT NULL,
  `EMERGENCY_CONTACT_FULL_NAME` varchar(45) DEFAULT NULL,
  `EMERGENCY_CONTACT_NAME_WITH_INITIALS` varchar(45) DEFAULT NULL,
  `EMERGENCY_CONTACT_LAST_NAME` varchar(45) DEFAULT NULL,
  `EMERGENCY_CONTACT_RELATIONSHIP` varchar(45) DEFAULT NULL,
  `EMERGENCY_CONTACT_RESIDENCE_NO` varchar(45) DEFAULT NULL,
  `EMERGENCY_CONTACT_MOBILE_NO` varchar(45) DEFAULT NULL,
  `EMERGENCY_CONTACT_OFFICE_NO` varchar(45) DEFAULT NULL,
  `EMERGENCY_CONTACT_EMAIL_ADDRESS` varchar(45) DEFAULT NULL,
  `MODIFIED_TIME` timestamp NOT NULL DEFAULT CURRENT_TIMESTAMP ON UPDATE CURRENT_TIMESTAMP,
  `TRAVEL_ID2` int(11) DEFAULT '0',
  `TRAVEL_ID3` int(11) DEFAULT '0',
  `COUNTRY_ID` int(11) DEFAULT NULL,
  `RACE_ID` int(11) DEFAULT NULL,
  `PARISH_NAME` varchar(45) DEFAULT NULL,
  `IS_SIBLINGS` tinyint(4) DEFAULT '0',
  `BRO_ADMISSION_NO` varchar(45) DEFAULT NULL,
  `STUDENT_STATUS_ID` int(11) DEFAULT '1',
  `DEPARTURE_DATE` date DEFAULT NULL,
  PRIMARY KEY (`STUDENT_ID`),
  UNIQUE KEY `ADMISSION_NO_UNIQUE` (`ADMISSION_NO`),
  KEY `fk_STUDENT_BLOOD_GROUP1` (`BLOOD_GROUP_ID`),
  KEY `fk_STUDENT_NATIONALITY1` (`NATIONALITY_ID`),
  KEY `fk_STUDENT_RELIGION1` (`RELIGION_ID`),
  KEY `fk_STUDENT_HOUSE1` (`HOUSE_ID`),
  KEY `fk_STUDENT_CITY1` (`CITY_ID`),
  KEY `fk_STUDENT_METHOD_OF_TRAVEL1` (`TRAVEL_ID`),
  KEY `fk_STUDENT_LANGUAGE1` (`LANGUAGE_ID`),
  KEY `fk_TEMPORARY_CITY_ID` (`TEMPORARY_CITY_ID`),
  KEY `fk_PREVIOUS_SCHOOL_STUDY_MEDIUM_ID` (`PREVIOUS_SCHOOL_STUDY_MEDIUM_ID`),
  KEY `fk_STUDENT_COUNTRY1` (`COUNTRY_ID`),
  KEY `fk_STUDENT_RACE1` (`RACE_ID`),
  KEY `fk_STUDENT_STUDENTSTATUS1` (`STUDENT_STATUS_ID`),
  KEY `fk_STUDENT_TRAVELID2` (`TRAVEL_ID2`),
  KEY `fk_STUDENT_TRAVELID3` (`TRAVEL_ID3`),
  CONSTRAINT `fk_STUDENT_TRAVELID2` FOREIGN KEY (`TRAVEL_ID2`) REFERENCES `method_of_travel` (`TRAVEL_ID`) ON UPDATE CASCADE,
  CONSTRAINT `fk_STUDENT_TRAVELID3` FOREIGN KEY (`TRAVEL_ID3`) REFERENCES `method_of_travel` (`TRAVEL_ID`) ON UPDATE CASCADE,
  CONSTRAINT `fk_PREVIOUS_SCHOOL_STUDY_MEDIUM_ID` FOREIGN KEY (`PREVIOUS_SCHOOL_STUDY_MEDIUM_ID`) REFERENCES `language` (`LANGUAGE_ID`) ON UPDATE CASCADE,
  CONSTRAINT `fk_STUDENT_BLOOD_GROUP1` FOREIGN KEY (`BLOOD_GROUP_ID`) REFERENCES `blood_group` (`BLOOD_GROUP_ID`) ON UPDATE CASCADE,
  CONSTRAINT `fk_STUDENT_CITY1` FOREIGN KEY (`CITY_ID`) REFERENCES `city` (`CITY_ID`) ON UPDATE CASCADE,
  CONSTRAINT `fk_STUDENT_COUNTRY1` FOREIGN KEY (`COUNTRY_ID`) REFERENCES `country` (`COUNTRY_ID`) ON DELETE NO ACTION ON UPDATE CASCADE,
  CONSTRAINT `fk_STUDENT_HOUSE1` FOREIGN KEY (`HOUSE_ID`) REFERENCES `house` (`HOUSE_ID`) ON UPDATE CASCADE,
  CONSTRAINT `fk_STUDENT_METHOD_OF_TRAVEL1` FOREIGN KEY (`TRAVEL_ID`) REFERENCES `method_of_travel` (`TRAVEL_ID`) ON UPDATE CASCADE,
  CONSTRAINT `fk_STUDENT_NATIONALITY1` FOREIGN KEY (`NATIONALITY_ID`) REFERENCES `nationality` (`NATIONALITY_ID`) ON UPDATE CASCADE,
  CONSTRAINT `fk_STUDENT_RACE1` FOREIGN KEY (`RACE_ID`) REFERENCES `race` (`RACE_ID`) ON UPDATE CASCADE,
  CONSTRAINT `fk_STUDENT_RELIGION1` FOREIGN KEY (`RELIGION_ID`) REFERENCES `religion` (`RELIGION_ID`) ON UPDATE CASCADE,
  CONSTRAINT `fk_STUDENT_STUDENTSTATUS1` FOREIGN KEY (`STUDENT_STATUS_ID`) REFERENCES `student_status` (`STUDENT_STATUS_ID`) ON UPDATE CASCADE,
  CONSTRAINT `fk_TEMPORARY_CITY_ID` FOREIGN KEY (`TEMPORARY_CITY_ID`) REFERENCES `city` (`CITY_ID`) ON UPDATE CASCADE
) ENGINE=InnoDB AUTO_INCREMENT=272 DEFAULT CHARSET=latin1;
/*!40101 SET character_set_client = @saved_cs_client */;

--
-- Dumping data for table `student`
--

LOCK TABLES `student` WRITE;
/*!40000 ALTER TABLE `student` DISABLE KEYS */;
INSERT INTO `student` VALUES (1,'1',NULL,NULL,NULL,NULL,NULL,1,NULL,NULL,'2013-05-08','PNG\r\n\Z\n\0\0\0\rIHDR\0\0\0\0h\0\0\0\0Uw\0\0\0IDATxsGq \rr9AL\"%*\'r}_~g9p=_ 	Jynn1Z6Kn\",%_5IP|!%h_ckbuX+8Z}\\xk>*lvXbk:`\\y]{Qo#l{A=#\Z_#hNQWbZbL3Q35l$	0.~rUw.Rc|8r\nhddPO\rTQ~P\"9<Vl!s:~)xa8t|bV\0/76Kn>,|_aNiI|bto,:ro?z\rG<i`..qG;[vV\"$+U3Px+g^;HAzC	m]\\6xAuNpuCg-\\]\n]}%Z+\nDdWt	g9pUO\'30J;OA\'7JD%.3#;p4\0:R@-?UFv+wcItglXY\ZV+,&A{dEA3cBCoU6#Bdg<gX+48Wx#=|&)5MsA^9\nodU!kaZK9}!-3\\hd!+/CT@tF)jBWL6RY4x{04\'\ZAtV~8Ag3;_\'h=	\Z/o hRA\rO7R3\Zo+hp[AnK/Xg#nAFq!hag[exbqAU;A*]h<x4	/LG<,P#HZ )B4djkhA%0IB\"tU=&x!$:Hu{l\'2HZv>n{5zYh?t)o<nd_)x	]A\"A+47;lfA\r~Ag=3k@	/5Z\r\\+hz#EA.)B%|/=pXVw;5;[`M%gU8\Z;{p.<$hd\0N[y@]]8o,yGR[b1?QL&;GNx%{Y%)#]e3Bm,.TwnrI6I@t\"=_Mv&#|A3`]WgEA_t\'A5]\noL	:\'V:u\0Yb}R~oAk\Zvqr\nK,49\Zna%	f5fczMb^.@6	\ZO4cap;k&l\0uj5hb4\\XvxagN;-39T`+@-4+\00Mvv62s4zYp\Z3i1<D$A|wTYv~_*hoN:ww	Atosw;4BQY| >#z6y ,yv6\nZb{ef5/f\".qteX\"9&\n\ZO\Z*L\08&hc(h:Y*h@_lEfv+X|9Hp/4 ;XNJB^*hM%g|X-\n\Z(q;9w2G@\ZQ lp\r5vEgd39\r\nFAG4- 5Bx\Z\0^U1\n A7hg`180_b&8A|\r-\n\Z~2[48H,Du>}X/k*NcUqdg&{ h_#zAH~kK\r!n}EvNmrN	3\Z4viQB	~\\{URsM%*JLqL.<x>	%\0	>xz \Z45/F\nI&S0%hS0\nTTMc4<H57	vVW]Q^\">hp#;B2j\0F-\0T??_>?=`46~Of???\0YiI|~djlZz7nI1\n\Zv!j\ZwFk`.\ZsS0j/Q&k?(Mq)\r1qe4]--q-E\Z7\Z	!h<B=o&A_ap!bqx^@<ZomA/	W4N\Z*qLx\Z]6\" Aw63+Q2LN$PI]uF^j2;\Z0rh7		;&;][1W/r>m h\Z!f!zA3	\Zj&LLmIyyW\ZR\0	MvA_>o^ >\'6\0G1\\Bj\'}G) .wr.)AeA Y}KAnT4ATECsVxzhEtM5hc#;MGgSVY]S3aYvfs%vie~\'eRWKx[iy\\M1spMF25DwuEbT^	\nr\0\ZvK7bnA:\0AoUZ	jO<\'MW[v-oApondt<^g<>~Zm|G;yfzjd{mI\\]c^,q@Y,T8B(V6\"`jBBc7_ hJ(K\"V$hXz%;wF6IBBLLHv6ti0o6;\\?C%hvbq?#sMBnrZNDu^4QE:<=HEQaAyjV!)*^\nJ7f\ZLj*9i: ;S/RJEj8G09ZhyE\" X*hj{0L\Zh~2\\\'/ZBe\r/,\r_fMv-\r;tAHgA5S;)(5	ZmuSAKE*\'x?.!00at)bc\rLL	L.G\\$h4AIn \Z9 0A*TyaBFG+A\"kvXS\ZXKVJhvh!hhkFf*`a4+@CN60\"^ws7z=Az9B47e8Bz$MEu^-r<$dwGXA$<4wjAC9j/)$l=C~]xSxA:U\0\0\0IDATWG]	)\nH88\0~~,NMb=|\rA?~Qz^|4\\\\bI 	r>+X*0fKFV\r>UaA0/J,<YzM	Z,hLQH$9\ZGQ06AZWa7B.D}t\"a1]+#hga9>bpZ-,DE^!ZF	Le\nIc\r@1ARk$dH||XJ	\Z	Z2=[4MBiNG&E(q\r;s!	Jo\r;tz)A?\'9dEA\r5Svg{Ga3,A:AQzlZxO]ztl$\rR\"niJ&A<.V\n}|5(`gSA)Av0	ZT3VhdKk3vJ.d_&hebiXVc|^@%l*F#VbN*oCa}=&i6\\SFN6J5[H	A\n\n=pcv4_C<KiI\r(UgQa\Z4mc|FF!t)k!\Z\\WE/,: Z1H r}S9*Y<\Z$h|_y}XQyv3|;AtO	#^N8N;58Wx,dmFaYii\ntVA3Gn8k Gksf6V3t/b;\r_R0jz\\a)$:tgeS>E$lM7Q\'%kREZaZc]!hZAf6UA[xtIFV\\fW+c;8ZSy;`A2`WOAV`<P-/$&)>Q,dmx5hH|\ZXbat ##)SWBA\r/LiR!Q+d*ely\'~M\\tc}p*{e\0GKb3\\o\\\'\\V}fv^?m.\ng?>j}_{UB> l\0v]U1tQr\04u\n\Z!Tf+(bA-NA,Na\\liqmX4\r)ABW0q\n\r!ILF?;3dmAjVkFn=&yzfyFCCAw~@iF)^+h@!%Q?B4	zXb	,erm;>XI)zL9=539\"D-,JBK*h#U e/)`g&h-p%gMft\"[Y?Nwn\'y]zFVv/O_\r~zv_?<=GB{CB7g\'C~[9GNR^OIdJe!hZ%OH6c+9|	w8M\'oKmR1>)\\Ok AmY(GPKt/M\0~sAlS\\Z3D\'+S+)vX>X\\7HxjX?)ZM{cqMs;;~}PKZ@\nzagZeMsGA\\Bt4\r\n5Dxvix1fR_&sR?1g,b(>t%A\"$7	:C\r,48nh?mpE!F^LAv_`Rx,)?>}/8+X	{3^>i|Nz q_2~zrpt1+\\C:BM|PJK\ZF/K:J%FA:6a[\"F^\\\n_ACK-F&h\ns*wZi>6hb+Ft2IQ{%)N\\5Z	]{sv3;V(h;v\rUmrq35<x[gf@SpT:	@IsxV<W\\-u+CrQ_>7RLH\Z.%b<#7\"7WN:Ns\r>\0Vb4fx+^7fv1[Uq3A3G7r\Z>*jvbQry^x]dIA!>#\0j:xWEopXd		S}=+/{Me\Z{f4$hO\'jGQveG1Y\'u%s8iiMJo_YT6:mE z$x4./FKKa yY72Co.hvVLH	\Z afI4~TO52L\nKFr-\0h	Mfrn<|~AdKS4\'nKoQ|h\rvjFgtg/x;-{Y\Z\0 6 pi\'rAmu:ZhnngM3i~N}{E3uB;s4!Ghj;$.;*\\$`FE)	H1\n]njeht3\nd|}P58A-/\"oS8\'(\r/7lU_?=h~}t@:=d_|w6lp:dn7sw?bV6Nw7wpi yUq7\rAbUA$/K0/_4=1IBqmlB3k+R8J1\'AUiQ<3-rRh2\0	;U)AAB0Q45Ak?BT$j&l}a%<tTSCMxV4\n4h5MeE[aWa\r|JcN<xJI/M?:)C$h<*v8:6\"-~-jDLv7^\Zr^kZ&l*1LqQ=B9!WEy\'\'b8FOZy;u=O\n:}}38\Zj YC0wooOQ\0\'t\0}^w\'o0l?/o/f^1%!z8\Zns\"J^		 a2I@\'9\Z\04Y<7]3^xaI)+GgS[k\\\0~!Y_\'h<3he\\#in)-B4@I <>|wl)FA{G\0W\0yX[q[Ww*ADEf}Lu	\\6aK&3\n\Zv0M;}\nr\0\0\0IDAT-b\rmja=Q\nmnHY\0GC)0Z+:$hP7$<[>@*lK+v5A`jv.!DX\Zc!efH7]`$V\\2	\Z@p434+\\\04}Rm%a4zG{L]wg.Mzf\ZmV?;7{WGCh-S#tkeOzu>~S\rS?2!]\\f68 By_mj+qM	Z\Z+BHzZ3!0)p44M,h\n3	LENJ\nY\rqM;!hbeWZ	;2Y[\rAw\0/O{\nyY$hbRA\n\Z!*$h\Z-F\"AC8!G5>%xMx `]8M@:ja\Z3\Z0{	/aO#\'A3!NY(BB\roC,trN%vRWiFNAM4u4:2>i/Q %F9rZ`Nir4=H*z]\0+ti}WcnNs,DYNbNX@[\rV<+Q9T-b|`C|O]1Bffv(:^m\nq%kjlOA/f^ZUM0bt4	.\Z99zAA@BH%hc|&A0%*[\rfVs)Cf:j^;\"oUc{Is-a;uBI/l1ZhAS\'\r6urATqOS5h>HLO*v:`D\\QoPw)-19RVCk 5hi]j$Py-1B_)#v&h\\D3h\'d(hK\nG6\n\Z0;\'Y_\Zu	6Rl?pPw~NT[w?Lvv^3q^FQ/d!)oNMY>	>9Y(}N[.d``S MU+z];9%hqM h tlL5]!hzQsGptQ^\'n>}ZAS\\G$hQ6B%S}CI4N&\'GYOJroW(hXe}ha*\Z7fENj2eg*k/5O}hA;@XNFTeV }J/P7@CC+q\0Ak\0=C+=6`Ghj\r,pka\"0Q\'Qr]P#MQCtP8bKHV:<M1$#p2Mk9zNf\n9\Z`VZ\r;S\rZo|\nA#ACKe;Aj>FqqJ!_v\'Iz-7-6YC		x|szjl<\\2~}\ZV9]mW[VYf1=hG\r7R1rw=.1>o	zTU0N/[sA}el7F^VXL&AM*G:ld&qByPJC?7&h@%uGBa |BJUxp0vBF]</uU9_\nl<.kHA<i3uC\0^#|PN!hdA2\nGLx5;VskKN9vNa#	0A3AS6=ZdNQMO-:Hb>zwn\"o:1z:A1[Iy=t9FHF <gY7bl/v\nv&!3	~K!\ZpbR@RdDp~xjV!^-vI|{&AB:AeaOTz9dsS<;fyA]IyU/!}Nt@ajqb1uT9n)Aufk4C&AwR\'\r-!hZl6	\Z>b}yZt4&%zBBE2A!hv=Hw7G FMq+\0A?\0^&57	-%E;kR@7H+\\bTG9+-myvY^Eb0[-\0pdG?^ AU.M&]\Z\nrW\0wKmDr pQV<gW#NjFVB:9P0\'X|)^3sGqpq3	AW/v[o{8x>rCL0??lAfi s-qZ/GX/:ArTz^{|p^k|yh/y@{Oo;/7O6g%W<ifiAbPabP;jRjErMJ9J4 )3`jZ@9if\r,%_ hS;M&AZ+65FhNL^TrQ)|E99zT44h<\n$omJx-X\n5n\n18Q:fP|&H+-#4\\9)lc7hc);[B%lEcwSjF)oO,8s;+~Dj[.v.~;@7.(\'un+hv3N+I%p<!h}~MI5cU6Mj`Ldgl\\\n4~JDd4o H27sYGq )~GazNp2(+wpY|u2\'Y=qL$MKm7A6?]n|f1GE][wK2>6	!j);P(hot?o}U}U}Yp4rr\\}0=Zo=4O[	Q.	BX8V i3<Q;FnP/A/Fi\\i/Al+Ylb[QE/s0JA0.^&AAOkca\'[>j[4\\t/A!MX$<c\ZI4/!y|ag@ugn07~9nA!hV e\0;A4+AjvI hO\'4> ;kZ$Y=GO!7cZNzoiR~jy*m3\ZtwB%mn*8G6K2k8j;_\"OSa;NWll9TOQl;nO&uhn7Ag\r,e/zV!1	@|&As<|vY!~3G5T{*qb8neYVv9z78v8}6|LRS|QiJ7\r~Y7q61|>\0\0\0IDATX:n&\Zp.J(	e2%]qKs}l\\bQx(hm_T_o78%q^4`Ns\\==h%6K@d,\"9*8E8}vz	Qh=\\UCk8&<Th$h(h\n+B|rImn7DPkMsqQ$m2 )*T\no+46gR84yj+D|&&		Z[!+\\GSBxJY]h$7\Z	N&6iU4NHs]&A6bkH&7.^4B|Y+AhZK(zhh^	Si0%:RaioEC+B|cN5&Aoi G<a0\Zax\nM{fx0CA4	bo_?\ZQ_?m~QC~?;aAMi\'wT!GD\nz$h1@}{6oyx#Ny=+RfOTAJHL	yN..$\"E5cR-Vx^!~bXC\ZAe\".nS0&9YMeb\\V>j	>X@agkIG1\r(iAy\nGS*5rCF~1\n8q\n\ry+.\r}bJi@a.izfvl`SIOza8!;#>^O#w D4M8ZXP_&hQ)&MKs9zI%Q_X}NxD6Y3Q%=Mn>Y`UopAs\n]383hn\'\'m},D\'<\0ld9[CxmM\'-V!.,.fc24[:/AAh~0>V-igYx1 >4O6:O7z7/vw>qgW\'n~s<}z8z}2A3WOR\074lltNLi*,-%YTRyBTa8zyt7Ky;bcF_Un\ZX4^Fg/]E\nC9:R1}\Z+d]n*BtYyPpa, hJM8	ASva>oM\n!>euZk]qvl4*2un@Pw/zW^&G	JXmE~A%Z(h\ZR&A$A7mL>Ly1>Aw\n6hbQ@\nV%<.!z< APIhz/,-BQx6O;>n&`gp\\6z\nGNhfB \'}9b#xHcO>w/6OBh=LhRH5S\rA=R5/Iy94;/~O&HY%DA%fJ:A7qq.StdeL31	\\C.nCKUD?zG)yS%iJ-DK]AAL0\n\ZvNS!`!YCfSih-cM0][1O/:)I0lNI7L6:Z	b\\8I[Vlb}+@sM&A6;Vgl\Z>&72e+A(bpQ\'hxYl/fLT\0B4>jsU	x8g\"2xW1^E.bE\"Gz9A7Q9rX>$+i*?h?<\'-xr?kO\Zl;]9t^?^~rm]ywgG/z_o?6^7Mj|xG;I~*T;f6:K+<Q/[9po1(R3h&xZ\\.)|2@F$Gd(\n3	\0H%LWncp^taV3_4tW.^<|>cpW:T/.M{t<ALeA1Dzg:qB3	1Q\0\rA^UE\Z\n\"B*C\\x q-RhV8!	s\rw#+i3|`\\v\"{AY5H|0Mtt=}7[\\Zo#hr4mvpcGv.	G9Z4ACrU5c_:e}U-vRMJb,UI,t: _L,hq9bdqQFB2\nzgMQO_Lz\nGzEQ7q)A^jOL9}}gf	z~>?uagm_l\rI!/\ZcnuJQ5A# pt-\Z{ `\nI);*lJ-/FP3Eb<BF|3(J!#92mdIFA_?A!oJe\Z}b^aU<f\\\nhfELi|u;MAJr,vfBtWC1eqvF!<Lfh.h^(h2x~2Ko6F6I+V\r\n	zfYlj]e%[)E{+8q{94-h<p4Kkn@PkNi l4{4M,C1MJV4V&b6#\\2c@E[xj\nV4VQC=(\rEV~/pXz2bD\Z/6/6g5|xX<;q\\UB%<\'?(~SCKgI^`7_XH\'\0w7h^:w-snW{\\=y5lQ\02a	\ZRjS\ZVT\ZS8nUFY+\\*/RT\\,S08<@9}H//Y(J$w?#jCX0NyX<G)tC^XKK#JC\0UnFd`	}yj!DM#l(v\rwx_3,,H{i\Z<i3hQ;{GL_o\'[7;Ybly+A/yTEGRMc2\nf8H&GS490Z&-X4Eo4GibdG;\r/E2Y,]/mm.A#}?+	\Z@\Z^MN4A8h(Uy/O6{-8\Z==\ZGWSfrOawIx)\rQYdwJG$Nrq0\' cR5+GtIcN~>0.^+RUL7IHeek\0\0\0IDATi=n;Z[+E0@VURL*w<{#PC37ur4~JZmap4r.fyK4	`{\0mP\\ff+.ZA[)\"35EASC[	 hKQ?#9mb4vf^`G AH\0gUu\rM3S;dJE\'F>\0AhhFhs4jdy\n;#;g%u	zK0QLB-MkF+^v1S~XT\"\"XP9Z_f9:dc}mL#!SU^v5g^|Yi/@q}6\\	$hFZp6.(If\\^}^f=\ZjrZ~6cizQ/t5)}^xv@jt?5GAAJ{}N]:lA\'^8\Zg\\\nDI~*>H\'uOI7J-\Z9WBU5:Mdaq\"syRll\nJ-95\0y5Q~{jFeP/H tfwA\"\Z}mR|o# FC|n`x#JM<x].Vebj@CCn/_mh+KmH#{ 8JqW?jluZ+YE[ueyWg\n~4rC-we;g	iYL~|/45`/fg}ZL04$hw4Q\n?uG.^44-K8BQh\np}4!DFR&x|f%t&\rT}],FM	AXE_5;\0@>E^2\nz\Z7\nZ[O`\'cYQa7}TSu9pT	5b$}6`\nx9g~	hw\n}9l&GqdfEd8-`4L%\08fX	HHI	]K!nk^o7Zr<j&Fai:\"gawgP6 MsNA@ETOviEsWiYpXa(\rw-N(bG$Gn#hZ8_e6riF]UagFSXsnKKf{un7>Y%R\'ag!h<uXcOo-8!/qp(D;	zI%\Zfk`W[q-3~+]\n5^B(DSGG+DB_k}pG4\rHM$	0.kWs61\\&@fEM;A(\rs)E*YqQOfa;)\r;gm\\98FGN^;{8>Nivgv>lg(l4k\'dY]V*\n\Z(7.#`)s\'o&#Zj*Bp4Tsr3Fv|3HE%QR\"JB\0iM\'4.eZ4FIH8=)ha^F[R#shubMNsQ4ENg$aAK-Y\'{gjOj #9|t.F=`sI5R=wZnKk)WlC=M07FO^hN9(&>?e?~[bA|uX*\"~RDMd;;Dv\\bp!NyW,;vU 	ZhNlP$O\0=VA<M_2A7w)*bFAK7\Zv~:4\Z]sME\'\rA_M\r$e6RI]=0H3	\Zw*n5]NoR|bWGD?$Gw\nfqWrj;he04]7T T\0F8e=Ps&aIz[v\0pd,dz^&\nmBphk>z>nURViiP5u\\W&oL{!jzStJth5\no28\rGCU<TlomM;!2\n\Zv4A1pXK8|Bdg\"Y45M9>:);\rs7Dw0?s\\5i[WESy/5|D+^<I6z\nxZP40LJ~o\05A+A>B^mU5canlFA[)(rN\\uZS!ZF!_\'i\r26ZfaAtmf4R\0_VQ2Q=w4G\".wKI;5{v5QJ\"I/:,%4Tr`VhT&ZWBK\"&7qV$q1e3\rk5	D+na<TH2p:&T3H|5_[w-EY8ZRT4N9YZ+}L;\rXdH4IuZsGS2bao-*bri\n*r\ZpsK8j\ryC%92&hPZ1QQmi[![Ga5J8Sli<z3nk;1j/)8{/VmB3	:`,lP8&IX\Z0b#GMU|f(\\1jeIxVi_ua)4#\ryGO]uWc+tWLMm\r*{o/Jo.Z$:ArT)ASUr4f[a{im#d]T~!WJJ\Z%/[y\05W;f>\"z1aN\\d5\rHvlkFnS3ds9I65]t9\0=ix|Bt)@L7\Zt\'#9EI	\Z	:-KPhly,tXY|]b bfCzYHQag*}\"1	:w\ZA/NwC>g}VfWpmxOq:_\0Z5Z|Z(#[DR`@%{QW?f9`+V\r#lv/35g<p4q1R4\0[Y7n5<B92tX+k-1%GbK	bnK3&<OV>+=eVhts*gmemZ-eG16WP1(EqbbHT\0&AemY}\n{7v6:)	:FAA57VDi=zk&.m7E\r5AOu9pn-]IcFp?#wl(GiuMMsi0gnd6I99,qN5K\"KAwE_-&N!d^QqK\"!H6-?Hj*u)BLva]zG$HB4\"y2!ko06QlIJ%Fx5BFIR@\r_Jic\0\0\0IDATp4+L~9H\0M(:AA1/3Ik\"ux4T|MN?_(hsXaK\';\n,pYU6Aw%Gc17V6.dMuXWw\r/gdc]ag/D]qVA\"2%K?:\'q,+o$ 4cP`R}7S}{[7WAxY [%gI-)ZL\r{^CmMA}7S_\r-G8\nh	$o+H\0+\0N6Luh}w[Y^dW_-h|?!PoFy}P\nCw2}^d\\`,n]8ndyg]v~Jxf\"ju8zI8H\'$(f=\0]\r{!]P#0v!)@JWtOq3(2!_.~\rA72)GCsL.e?.	vVX\r5LB?ONWubC?6[hDi\0Sg#\ndL\rG!UH-4`\ry*+zj]tb\r&GKWjV@t<~u[E	!AC49Z97z#jqpY7[0s`A*H3!D?G_7s5A|\"Nz-)%`kd%F>L`5_ nm{\\wW\rv6bCyM7kS\r[,.khGNJlTH{hlA;G8@:`H@+;&:c,_NWuvtlx\\zAKAQfq!~#\nG?rOE\05~N#UL	M_^A>jc-5A4q;MRgjjdMUnV2^5T3F>,l9]K#&XG\nd ^YeT:(~\Z!\n5`@\rRp&)b)4B\0J	GCl{lm(;: lv9UT@L ;:48IJiagVy%z4x\\#h:1EDr PkM,6	A1G|Jzsm;fZ7#k`#[vRw\';(i&sm=oN3Cz=S/[oHv}\"P@Us959L4\Zm9|emV]=9u. \0{0_ihnC\\R&J_SUUz5d/TW}R=+^4h4E/4E6B:|6hp6&sz]&\\dV]GV710\0-Ds<}@HcBF[sM\"4A*YWH\"F5[Pn:nsN@;_TT/#uLn=eHt4D\"r*lE tFhfKF2>\\r3\Zn\ZY(Sh4\r|3U\rI$\r<jC&Myx	WaA&4i!M:4[C99Y32^qFAEBb4yd<pH@C,gF\'SY@reR6apfJo8\rQ1Y\ZRh\Z\0wr!hd1{Y>@65^Ijr`*W+g%Z7zf\'yg W`4+\nU)A=.ZdK`Hyp*Io)BZ\ZJt-H}~],icT$\"S<|[56!q\04u}.r4KE(YpKUy+	\0\Zf&\0}&i>7s[bNo+Z2^G\n0md$&-\rEi.R0LhHib*cANpgl:keb* r;w8!:Y3zIqx9 /UV\"CHu~s:@T.ZA\'Yh	6phowbMh4\"Yxd\\<\0ioRnE(4Ix	/DG/u1Ef9/y.Ap93v:xJM`ey,[\0lh3Tzg\0\r.fJ.anj-}TgBm6d\r4fbh4^wX\r]onR0mat&\\ /@}=\rhPK7_3M>t.	hk\r=\"=	y	)]0fO~42gtQ\n:M)wp3$MgGIvxg6^ONAkW7*\0}wTn\rJ7V\'zNVb$}ZEzpma1X}BlC`8	k~!~IG\0_R\" h4h\0v.PC*2h\r%9hD6IhUR^J)Vv1JoA\"{$^FGS^RB{h?? }hPX|	h/h5\Z/GpVs.uzYep0h<*\')\0\ZtIC=j]{~\'{fJ#WaC~!`}?[z*i\'\'{oF`f\Z!z\r@GqZ)]Mh(S6@;qC?p<BN4;#.N).J*LIfy\'nx]\"d 5\'f*ggI-9\\@[\n5Y@g	/uKrE&@F6tbny3LNh4\n)ADX TMiJJ J(Dl4JxJ?hP\r+Q0[UB0ed-<?\rZQUrDI,\n~)eYYI\\Tr7\'RJLTd+uC~BYYLY\r7 Zgh\\6`&*\\\0^3!$cs3Cg\0MQkD&@sNpQHuL%^[b4\Z?;L9z[]O1_B?f!D!~7\044\Z\\>*D!BZ)v*]nZ*f!j|23:C,pSS;tX3$Lb\ZfG]MwaB3Or!hl01\Z*A0{,ex{{>/\Zo. \\J\".>Sh>h&ln-#u\0MUhMy`pK/4Jo|+	5=MRX:T\n2}7%#9ct.F\"Z$/DQ?\05(1`4D-;]*@V$.CK\Z@S\\q7:R59I\\i5C/g3;\0;L1XJ\\i\rf.+L41	DjAE	HM&\Z nug0z[>U	MhHKj?owtu{\0\0\0IDAT.D4;\'qP$\'Oc`2kZT2.+gt\"@k/@+%,#l\04j&iD\nLF%q\\MNI\\7&t7&p2n4v(WsFh8>Y2]m	v\rUD.E3\"F<>-&\rDC8e2+`%0Ih8>\"vvvY4k\r/&r\')7{2V>Wc\\2T;/[pY*gVi@nC\r|hWl^F|4a<44> $ECx&~rIro9XTz24zu <{GZT)d2B%E)r!yXXb?,h	)f79h;a.&.pL!L{P8Y=gr)eLIh)0(\"rHRQP{n\r81)/s!jm-1VrJIzSl~i}#Tq(:C\\kd\Z@*fexZ$&<#tNudDs9)Gs8)\n5]C^>7~TN\\$|6m~7{to@wL\'8rt7Cw&	y;WWixp|+pqLu@S\Zt@K8=hF.I^?\'mCon5l|U\nziSs\raBfE~X,j\'|Bh!(D_e>Dw3fyh[KY2h3eA>hMca.HXXL^F\'0\ZhQ\04ba .NZB*&R+E4\ZJ\\V@2OpW\"3J^e\0z\"0\r(8rnG5en.lENfAL7h.&.%lNM4	y%:V^o#6g>FNhv`\re+s#|@EU1^heiaCA)A&:;}tsL<D\\?)@`ZPXXPI,f0Z\0\Z\Z<#2\'o^uSi$k[l1(Yb~GCb?:vMc0,;Aj|U3>Nh:-3\0<gt\0M;][f,N@sj7\'<-\r;>r#6X})_x@\rA \nEX$$%bd7I|b9d;o9U.dU5(P6hiF0_.^0r%%S|J&4`!gKJ6Z ,2gm\Z\0M@X_/s!2Ab&$aPRj>2QL?J<|45N\Z\nqP.!)hv`\Z,iZg\0<5n(<>Z2+-bK;pQ>ka\'vJx<Shm%D||B\0ZUYc:iwZV^[~U2LOG&t1=_.B/VIN?{-_\'t!YE\n.b.g4te}@$4j):j\0jA464oMI`4I)S\04=nh1m;hYhx>B,aaXm,4;\\\"Fg=!\07z@:.Ls\'at.IA](e+9hSW!y\Zb4SB,=s!<Dp	D,\0t<\ZY#kfM,kX\0M&ZcLa@sM3f#!iD6\Z\'e\"1!+83`$yE5ARW\04o@)#m<CQ7q^h7h\03(\rNU_S3)B+ou}	3){Am<v#\'1xp4c\Zt#D<PQ1^\"F[v+[3Bc|3_dMA\'J\\/YF]%yEzp4kOaHbrjzjz#rF?\'f\n\\&h|ErAh2 2i[kC[GA64#PO3/$\\e;x\04h#TC/4x~g41hVl Cm9BN43vg.uwB3,zm4s63:cW|=Dq1.ihrX$he`yUO&\0e)bNhP+Q\n_F#or$6#[b&R$XPnJaB<;ONj|QlQ;F>#v!KlMB{;5\rgE>h{/q:;MYwhf`B</gU-\\#22VX?|jD}E#H7y.4^TbzzoFMRJ5E	\'v^WSuLz6OSz\\xZ`z&\'z|pdfnFttGzpPuYdl\Z}\Z\0Z.&]0\0t.!@\0:;duEBw	L^/4:\"/OMrL4\'@X)AN@4.hvlC3fBy$\'%mRAv9\0Q>S@3CPX53E9p$@Sf+gJq#8My\0t.(s.\0[P=hI&<JDYV\'W%cLyMpFkg@j	vZb,)oMK)VR\r\\@!@ s:J^h6ch,Y5i)cVt)V\":\ry@U!y`r)@oS2,\0\00@3^*^)t~P<IzKf`dw/$]R,-{H:\0\r4.5fw1@4,Zg\0	V\'Z8\0h\Z]#H5xv7)Iaqfz3\\hY&Ju/gGem\\bXikMso4\\4wfnh+p%Q\nh\'6F;cy(C(EC,K91CJG)TQCN3EBrNh9Q19C@Y)z9D3%cy[Aer6T%Qml,+@$D[&Zy*MF.\"Z6\rC\rR3OmDXqE-:[Bx\0t+O$N.&2dUfCUD2iv[0N@S-`\0\0\0IDATC<8\Z	Gu0Tw;2\ZYrJ\ZWqAOViOxkaYCV<FLxI@XBEP4\0Hj)D	Vh4%`T9!M[Y-4cuF 6h=!\r@rItpd86N@;\r&wv\0-FAg@v\r%w%EJ3\0i\rM!R\032Y0\Z8%SDB>JhN$ILgp!<83I+NMa\r(O I:mDgg-7f=YvR\ntP\'~+a!;=[c`q\0zSqVV&+Mp|v\"|GLj*wtsM`^qnBSzP7\'Fs>A@N@Fs)U$!SQ4swm\0jEk!}CgqkWWxi)\05,EE7\0cVJ05LXt$.,`i@Z\0t[C\r_KZ\"n*$\0:3\"$[:fyRcJn\'Tn?+w&42KE86P[]Tn9K:YrXk79hC0vVDi81~w$GR\"JF!J@\'k4dYM$p8dc\0:HTm%|^6-p\'|~ifh+\'3@sO\r:IKjN.N.x5(Z~R/8`cH#*K\n\"\")\0mY\0\r.\r;$\ZYkE\0445!meglU1;n~r4Y>3I`e!3D!nmk4($5cm=kf#L%xoj$Ly@l\"`{g9#\n\r(_*%XZz.S\'H4j/47m6n}lE~Upfzlj<+p)N[`9#2W/\r4{)Xvd+|*3S.9hgRWK!k\\KKOM4(C!(z,(sFN/</,3Ad&1>%M^,*-w:\0\rC\nD@?	$b!`\Z8l@S\Z{\"%R\"Z\n>:V|(% @~V3Caz^eGEj|t2F	vGR|p!@bRB4Al!O\"@Qf\"xF\r=3RYE%(QdmjyYaX0i4E\"1h3(<L\\	\"WAUUL0fB0D[MxG[^gmNLyVYo5}K^.\'D>+)\0\Zt~\\$:Ag&y@?\Zfdb4\0}JQ\0\r,~4t\'f9hf@yp1.{@qE\Zg|$hMBs\r|g<ZCg2Jtqn+\ZD(}+\"5d48$\0u<3?C9@[dw8s#Bth&-M~R\\u\Z\0ted4Rq9W~w4r(>!4\r+Md|^Y@$IWxZP/[m\'9gqp$zNB$<~<X6~4R9h$re6@0\0\"/8YI\'\njl:5d6.*JN93\'\ZfI	m\04ukl*cDhr-3Ch\Zg 10\04D7>EzjRy\\44qY\ZB\"71t#gl^yT6\rR{abx<0\\H7*kW!H\'@;s\rstq7@>1vnKLB< `z^/tXq\rSL}PY\0FnN\0$\r:w.`5(NtViZ:Ebb!9hya[XYA$`mplf>9ppj>}}]X3f<:\0P\nj%U\0zQ\Zj%As$!efXf23x\0M%\0hQno~\'!6|wKN%U4	Vy[[Mh[[T!~^iZ`R5Bp]*N>`)~Ys&F\r?\nNFS&:$)Ym@F>)&Fghfi{$Fjr&F;\r\"@;S8XdmWh\Zs\\,<P]*&0\0jb\nL&-\0z6f	34*~zMZY4h!-VZ)!\\0t8t7b-E<B#PZ5`I)\0|\rhci\'\01Mts#L6/LiFj<	ngnpr@wK:x^l K[,s+GO-zqVjj!\0t@\reyhf4d>|.u@\'7\'X3X	ap\'!nr39\Z\"I3>0#wYk{>)#5H5mzEBza,61laGu5UMlYSfzQ/l#Jb6L[dk\nFhDC 3I06OM&v~@[NQ3\0-G]N%7jf	Lb]!hL[Egxc1kKq?}&s&=X*	}NY\r-@\r<b2\ZF+R+-j7{R\r\r\Z\"@YXp[f&vVKfrl@s4p@X*v\n-X|ky 8Z#F%JxXP=6D#i]v_hw\rU4V\0:tI!&TMwlhy:UB:hQT*B\r#:r*EKgk\\:(<^Ec\rQ1@C4.Zff&&xK%w<S\r9H*!fO&Qh	ahQ~o2|4\0miJ#e\Zo*1:k\n:#}xmkywiLwKyRa]myJ)a4<btA4V@S<=-%	<F8\rVw;vy`u87		,4Ag\0T!a[nqA;}	!r`Xo\0aO!M#\rwvm}\0YV9YA;^;I@{n3HBu:V&4sTSX*^[b%Re]1Z1aA MUA]8#<-amaN|$hbtOAp_\0\0\0IDATB5\'fYT(<A3Gv4\\>]w.(MeA|.X:jME}@4<hg{]>Gh;r^N0)n:H)q,*)|v6Y283$uXyrt\\vN^/w!,R~~f\"ZcUR5\r}fR,5DqTrB(3|P;@@j$`;.+Gk{vm,^7XE|4DMB\0nr9DC,r5g%(\r@qcL[k.PlZfY..	\ZRUk\nTUK4J{3mMt4QKnw4dFp\r\0-k+h{$\0}h`<\Z/9GKOV+_|?h]^\'yo%p\0?mZho$ M:AGk\0F^)A{7\0\rQa7)	0]:`vYe,6!AG\\yh%c~44L3Lje\\@C^I<#z4iv%AggbA^r_Oe-.#\0\rYr$ \0Mer~kV*KvS	J^hfi3I	5stg9IPv:hAj;-4,Qjt6+@*i .Abt6Ag,ZZgi1\ZD*Lf|g;^s	N6GNsX)Rxy*bF0xIhy@Cv>h15jhu=4eP;_*5D!QEVbh^mdZf@\n)ff\"!?|24LTd<n7;mccw5\0*&$\0\r@[.@^{\\|15g\0IV_w]YmM	~P\"R^;4js-\Zgyr?jQ`m\nak0\0t,@Sk=0dO`	aEI60NX\Z:74sa\\%a0B-6[eFAt>gBi${WPOksj4;hhp0~/^KP+qdJ\\*oQ1(J@`4E9 Qg*Y0gXqKAM9g>H(S\"JXZeT*y3:M5\r=CufV!< @+G31R[0/G`q-8/2^R6\".rj5	K *kg+tLsR-};YGm(kB\0O\0bjXjb%M$7aVRD[#Z\"{qnWR9g>z$4($Ffv9k&NYRrJ5w3rV\'kWq&=H/Giwn41\Z&:ActsA6R8%0\Zw]fY}:	W=5&7]bR!lI3FSiKb@Glh3z&LR+@c>KS@3h!\02LI6/t/,mT0erbAI#yX4Cf\0z6s&.qD+\rLgHGE\0hhW\0\\3\rH.&U9	LH4j\nA@762\r%qfb4Yz(v.),to-\07a)L12G\Zuur90\ZGl\0F8\r\\#S \"4yktY=AoR,e=hb4\0m8*u\04F\ZZV^\nXX;ZS||P=gk,7:_gsRSt~4\0MdH&FL?(}\0\rLzKd7]k 	ZN\n[K\Z\':7&\ntm,^\'m75ZIYit3@vkHME0gPbBsDVX:\\4Mo(Oig++e:4580gt9gy\04s!/^G6@e`y}HYd\\AghTN\Z\"FkH44EN(UR\0vpX:\ryi/.Eh\Zp$TKF+p-sAY`.T\\\Z_;Wd7eepi97)J=l-aWV[rB+3Qeig$cvyzUyaIdi/D&Mg8hgK\0&:!:K\n9=\0rx\nAh1{;V4E$`(]Y\ZAwd)xK\0~^c<$ng\ru`l^chwK_lTmFW:ECQ7	=$p|M>_~xZ)b\0&\0\r:_1@3	tb`$MiIp\nR<\nXicnhtFz\0-})i\\.Fg7X/Aq4#f\0D8\r.Chh&.A!bV\0EtDdtc\'QyH0v\0rgU&ek\ZZoCHh.%LHq\0\Zsm;\n4^T)FBP)\Z7	&8B%\\/uj\08tM*U-3Cv\0Qh\0)\0\r1]1e_-S!FCp\0Q1-(>D\0	A_hN3&-S|1h=e4AN\'\"@5-1FftAkc	t>,Y&Bh\nn@?=	z:HGK8:xhjd\0o52hf@3i\nL4|1V\n</:=PS4xyZ(V$r@Ch,YFz.Eg\ntjAm9s	g,t0@V54mfd)Eca?&E|cvA,(9e\r3sxihkKz5^b_`%Bj\"t$zIh\ruMx=w#q_q}WN^Vze9^Zn/^YiZ\r2U^RRE6nq#kQ0z!0\ZGXib4:A;72F347f-3i]Bv8jf943tkF:FG7)k)Wc,n.khO=ChFY\0Yn]]\0hb^\'4olB&BF(z!\r:?>>g&\0\'A\0Zo.*\') FCyOt<#	:meOU,WR,lf\r\0\0\0IDATt:Xw@wL	\0hiNL8(Lk\ru\04&\rh\nq81qBI&:[CiJe,fZf*\nBk%\04$\\APHd\'FB<<gJ;nv0jM{WN[[+064sP.zMLmhRN%XUNuC(eXlB3v^\0mMLg;a8K3F;c7{12:8&J6!YAF}z\0\0@C7G\0@?dS^peh;UdAnh]+Nh6ROV3B@6AOG	q:LAF4;1VqoZq!dj$%3<io)2h`w4\nS	fhJ|fU9\r,*yn:sm}yFQTvM\Z&irns\rWQC\ry.Zvp3q.cA8S%0vwne&4lCJ%r8\nZ%e+A$JEP!,\0^KRQJrvbRHC\\&Ch	8RPzr0KER\nv@=#FzbK-W[~~m:>YXrwk:Z2\ZesINTt`vKya39vMhm&Z8BvYT*|N\rCg<Et0mv8\0UiE#\'\ni49?\0\r2!j_NVt;@WQNJotD?/JfvB;}eo[;z0)4bAd~{RdF^bP&@%\0IPy3W.LYrDj<&AS.D@CoL6#C2 >$^+FS-\0@Wc+):~zTXH>`	[K\'a	w<s.qN@;]ml|.JM/<\r+,,$hgY\0:Wh;#@v`/?Mg)@q`0cU\\2\r:lj{u4l^tO[7\'KK]oNQr[m&Q\nN#`7\rLHMH/I]%@^:YZdm<-O=Q(y5(\\f{)GK;\Z$Ky)K1	>\ZI]5)03Yt>g[Y\Z%LuG2(y757:\0L4PAgin\04+/N]-G*L3[j;?95ZmX^#\nh*7Evw9+37\'ix1L_K^j/a}}c<r{N8R}-x6H\\x|xtf1l@Sj\nUs\nx|^W&D|vhny%OQ:VMJ BPw8qHH1z^irduVb$D7q<f:SOD@@NF<h+-l.-A@FnR hM!iXB@z,L)\0t@|Jzw)P.][/\rg{}rk;yw}5k,>>XY^J76IM}(eyVzYlqxsw}xw*\0}408^s^\Z^U	\\T\0JZr\'oV2lb\Z\Z]L\'itb4ljCi!y((QoJ_b*vp@}Do%Q}\nKZj*&0Si>DHg;5UYw\r:C]mg`q`;/0}2d=\ZVr?Y+[+|Q>,fjp|5\n/Gr?~JGGkcsm&\0\r:3I4voxb]e;h\04},t_6Y\ZA4w%*z&j_h1@i[l`Nh\'B 3\0K#@g!%\r/L]5h:8:	Z<spR^/\0mDj*AFt~`On|vr+_\'?~u=?}u\'nW}xm\roKpu{Cp\n:o+w&Ar*NsK\0&YhM}t:xH	,(@/+05}>p\nbp&	 yNa\03vnWg$r@h,ypc278N>AgRRbtNX:ow8	O6*\07S}gv\Z?8OZKA+\n@luS0DY(8h&xN]>Hho5tc[Z?:)6jV8.tv\Z\nzMBrGZE\0*JG+q)}A78,/>y@;G	:K:aDM^Yh>0=>eDcM!r0@L4upX@MLd\\,`D|Z`.+v>w1FdxILMyn6]zwG7~_=^^Og~{><[_@/nm~s\\_\Z\r_O_.X>`p7&FWGnuQXEj8k14+jW\r+1aFYCR%0D\r=\r0`4%x\0h*j4h\04G\0Z0JE8_\08Dc`4\ZtV@[;xoJ&r\\dhr\049Tl@3lbrr:Y*B\'9D{p\nhh0\Z>jX.\041\Z\'?^-~]:_Gk\Z@fJ;F\\~Sx&@A&@v5d!`4\0}} x@?0g&L%k]bpzAf7:<=[b!9@k\\wu#&4B6]X>/!\0tksM&FS:iR4Y\09\'#4XI8.ch3U/y\0t)hIa6Tlr\n<,/~O~=O\03?_?~o>R{}oB`^<Ig/?yrd&oolp6|u[Kas]^V*Ymd.kR)a:\n[i9OK,%Q5G=)A\0ME4a\0q[{\0\0\0IDAT%d;gNF!Uqt8:s\0)5N[+\nr\0x@fD@9s<g\03&:0\'+&3\0b#\Zo\rwG6Bhz!YN]z_O{kG\'LOrdOtH#+@aXKr\0}C,#Hd_F*[|.ooU@B\'1@5`!9lH\nqPfdE\nOEd	y9g2QOCl0 Dg5J\\${Zp]cR5(D?u@qBN?U\"yy)[l~v}nt>7?/w/oG^{~}o?}w=$o?}?={xv?~rwowa?G\ra}Y%dV	ozk@bFd}JDQtRX[%]|8O\0m[u5^pLihrDa17W| aEy^JrlT_hbY:Y\0cA@+;{;+e4O=#`)4FC\"\0a\'?]%~_qwaqO0t^+x\rY|e#USr{3F1q:(\r@\Z\0^5V\\d9X31hh+s-R~\\<	:{r=t\0l&LS\0n8y\"#@n6sIHci>!33h&:GB,L)MNX\'#h4Ci^knrWQo%$_^bt\\xyWO8_\07_>???/g_?gH|>}<_}<<.M\0\0zZ7\ZvmnO*tEMy~.>E;0u#KTKi>Tf!fy\\S:\0MtfB.E5`:Ix),)$@S7o4HNvg\r:C0\nhDGYlqyA&7wz\"Lh6WSh#wMBZh>hD|j<Y),*=^7QoWC0LcX>=lHLO>o;Gkk%j}.e/(\'~:\'xTc#GG9\"mfb,KDU*1/S@g?\\f.3 ibgz;hG:iG1\rX)\ZOCOxPs\0\Z|xwca5\Z&JIrHf!W)\\)g{Vnm#Z\'ZlCt`A\rebyf\'hrvo?zx_<=>~+w{>/^o\'g~\n_|O?NO>o>5|o\0+Oz{BFs;~n.]]kJ%-S,f|b\r2u.\0kl7/2M\"E\n4{G7;9(\'g1LY3\0SaQ/44hCQO;h\0M&-3\ZL)|P@1h+c\rW&kKW_N_^<=_k<]=]4)]6r:s$\Z/A0jVrmA~|cf>Jwgke|`8_\nBK4^\rlpmM1=[*\\zk ]Mi&wSrVD1hWmje k39) ,:RD3r\Z	g\nX2@odS@;CBtG;\\#@0:s<x\n0D\ZD}8@ \Zb]aM!+vrB_>	;\rv+v;Xz?v^;o>DP~:_y@/}~{o?~:3@S3Dg@W_W?^}uko\ZNt:UkB1@4g4,MhOQ3o4W.Li:(-lg\\Bhb4ITP\'M[	q\nZI_G&:\'GJ\\@gmp\ZkFhLh\nq4V0=dAA`\\ft?_xymx+]_|}8~_\0g,dmFd\0M~=6_\04f?,_.0a-\0]mnX	t-CwJ7rO;Z3uXKlCz!A~=sNvH9J)aI\'+GK%\rzet)7ka+H#C-JQcvV~I{t:l\0D)c=(8|59~@;;_>xuXJqCe&!i!>&AdUWmY0&1WH[BaDL&)b17a#BB2Rn6/\\Nid\\LwW+_l|swvt/?N=UIA\0	`)PH=\'vSd;dBd,C>`gM/g~0\Z_y#v{{vn}pgOw?CG/o\'cS\'c=#]7:z-mvxL]>KLQCZW!BDdI=KeNl}\n~)ZM]6J\r^:Xog&Ag)aVF2tkG0Hi|^O.0qa\rZZWH@w$&h~1?r~3_)4?,e=\n.xmH/?~Cmf2R=Q`ur_pfkm{us8=\\iF/$L1-MW9Wjd9^+IH=m3[INi7e>7:H	hxCiRi5k^hnD2T\"-Fu9\ZO|+Pc<SV:L~	\"2y$$n~U*k\\2p.?F3@JKZwqA4!g{1=@s}\\\03	H\"w/{R!WJGqKwpo^CTQ6V\0hU]\rEgTh~@6y,	d3pM59s1^jz\r&no;7`Z[?\\\0\0\0IDATOMAg>L#Z~w{Gwh\r?@Ow?;ZkN\'3mv4/4G&\ZCA{_vv@7a*@[DBvvl;\'\'!@`4?#gF[\rQA\\hZ-8^)Z-,CUih]4J4h~C/t3:t@[F&yo+#hQ*ym0\r{;&G;;]\ZWa.	Xr!g[,,an512;\\Ge[7LIjq5/f@:&cZQC\rG8EWW,lK~ZW1#\Z=p\nA3~%/SDlZYj/[WBZ]o(Hl4\n-gzxAlSg\\\0w\"s+V^4BizE=he9yUjZ[4rWs_@Cg:dMe2vKT\\U&P\n@}*UVjKmJ	#zQWSfBo1_IXZNn\'x}0vk$~2;r:zzhp_Lp{mo#Zx+{7wkwK|}zQ<\rOv?;\'{yd3=c];<VIja\'6ab]O&-mI3j\\Z,E>GhOB}N<\ZR#~56 \r\ZFpfLke\\4hZRhta.2?\\\n\\F9DdE-;P+/)k4hv(h;$$SyZ5@G\04sG0\ZJ\r8wO\rX0x4{}`?^8b*(]zDc q-^B:S>kV}l\\\r2&bz#YKX`AW}\nUp\\SbkB@G0:in6dNg,|L@FM]HVi%y+\nf:Cai -\'g~n/OW<4R4qoi4@kh/CEugE}~QAs+%9	h6<h,rJkFEILS-\r#v+t41\0L4Me!ho;b4h7#z,VwV?Etwf<rg{{\';0lM2KcOFO\Zhoo	MC\'QzF	Q	hZ4s<8*0:d7h@#2`!0p;[YJUa4sy.:MZi;W=zX,?\0>@%7H[L>{]ahK:/lL1FoY=Y91q}(lsQ.\Z\rl\rF;@L:yYL	t|,(}!d-VTUGZJeOQ_\r)\r\rz+t;5>w}W#{<\"fLB%lBlDUW/.%WL2h.RX=Ph(5@(3@\n)/b~\Z?P*\ZB)}O~0w)5,#*tLiY qEA2db8\'UbGr6lu\r:_h<mB_>iO_csc?1lfs\"On/Q>>^Gpn-}|{S.Yt|W<lt~Oy{koo5:z&\nCngJEH%rHjmjXWZ%]K#\ZhpCyv-zJw.\ZM{B4Ti:gNRu1:n~44{V_G9/\Z4bWs}&Y$l_ie[?;	B8$hu-MqtN:+lJf;+dh>Y8>5{oslydHA_#>h4l>\"GrG4L4/G+9G\Zqvy/mCq\r|@J@32NFK-u=kF}G!z=.F\'9cEam5sXUR]\rK1MiR_iHZ,aYV@gQVjVwy[.\Zo/N{Y~!v2Z-~D_\\YT!	;(P65\0A\0\Z<tNpp6(i\0WugV&$,kqj\042\0himD==[	Xhp?=Y&94\'5^d[_pl-K\n=R9\0gws:Z/W>^[{0?t4F<-Ud.!JV2v8hh\Z+M=	fy-]$53&BV_%QW\rK\ZK\'\Z<l8h6J=d4?IiRygntEMXLOW/=9y2rg2{\'a\rYbFtNZwS\\}K2eIl7,kJ=Q!%2Vd=>qGql[}U$I4!M2`Q5*ceTO++Ni>V]yj23\Z=ZrmC(/T_.D,+NU[S5T#nC-R8`\rsM;g41#?o+]>k?~9`4xmxjE\nP}U)sckq^gm5UeSr\r	()JP#fex5Y-vEJv`2[onwQ@PXlRomhg_YWys_Rwg\'>=^7+g\'_nuw#?=FRwCj1O6>\ZFTVWt1d-E	3]D.I\rJ4^,`QSCm\0mKFhv3;^JM&k6hKt:~~_D!h4\'8h\rA46s@D4C&sPhjh\n4 *.a&>\'\Z:wF,IDkdyg@k~v{376mw\0tz:b~l-*7\Z[q^\r:fGt`dA@g6vsJ	\\\Z42Q#\0\Z2;<Sg\\SEgR$mjA7*R]E@wY\ZJTe@CgeY/jdNe[]ULge@\"&~hGQ~!\nn*3<l\0\0\0IDAT<h\'hUu!G6oO.]=\n&O#\\\ZgsmuPA\0T4t(WxU]$fTevv l\r{}C-7G#-\'cN^`4xD%h46\'k_@ql];	ouwOo >G4\'5:5fv]\'?;ZA6Mx	V`tVa}\ZW2Y&F*K].l;fy= RhJ4A@.mtXYr3\0\ZyRb@#\0\Z&-xu,2\r$SPIt{o\r^N	@AZM;|,.S4\"lZT[{i}DPd6F	yQ@kTLLDUXX=R=+\nV;=6<e%MMj$J+\rUiSERfpAz>\'\Z8c!y9\'sWYFAM\\jU]u~Q]\\4uAoC&@sy,gN.bF/=lJ(s^t$9GqB6Uv4TO4t\rS<t_otaFHpf:slqJU\r*2sU6jIJ&Pph}u5p93,gf__(Ov&~q&5/fh3wcp}>3or7|z/N7<D@}zG>x|`{7?</|zO;&o*:nk^U;5nD{TRJRH\nM&J)%\rCN/+mZ]#bVIzwzIzMg+H@S g\0-!U\Z W\Z4}z\Z8bF\ZY!(hM/p4GWO@\r:&:7M\r|Pd%t{V_6nv}NWh9o4LG4a\\D=fYz&nS8wiS2-Uf\r 8L;g=:4tf@/$u3P5j\'\Zd$}#RO@f\'p=~TG)k}Y\0SVVtA`l7n?6jk2\0me;kXKNYWU,KpR!#V!xI~h\Z?\"Mgq^c*lo{2To*\Zb5aT/ZVW+VU>>h:ET[HYfFW\\UU\0EJ`Ge#&r6V\\+3)hR4+4|<GFpw3U\rW[?#/h4=RHm6GXol _?y?[onOtdlJg)fR\"RJgRKhDMCXh.\Z@Y#Eh3msH7}DE@\"V\0W;y!ag\nz\ZtfvZ7qg+B:\'h\"I:Gm}Ix{ly8?47|:ug:?p,<7GrCAz&bT@@O	ECLF/(;	J4> o0yf<zj~G|bKLJ+r.Jx=1X05F~MKf#nwd@y($HQ^1b(}KW-P,J.e]gR#NEI^O%AG_i/y|J%a]i\Z=l3KGg^\Zo`Q9;\"sgPq@SZL;C]e\0]\\SLT(XjIG!E}e$bSk-eOLfQ:Om{:n\">\ro<Yda%z@Cg<~}o]h\0Mt_\'WNOx93WQ?|t{?p{-FMw{\rAK_&*WT|@\n[&qtD.l-X@w|w\"VX@Hg\\;VKiC-,r~pAS\ntx?mW YYDA:\r1hh~]a6Y+Q3;><Osm};b&h62Z6;t<qx[owsog;?+{nOe4\ZJ75Q-aLH=Ty#.]8h		idXh\ZI~FhwFN\ZKV\ZzF#[Ki|8`ihE5L6\ZMV.\rFyUESvze=^yOPTw4&GbGAw:2\"$#:*+61ttY3%q$f.?m\"/_^4hIr;~/F?Hg7\\@3c.[:Cmynmy%YzY\n]p@#!i\Zc*u(<JUmB_W\rz\0\rv\r78(g}Y_Q_35d76L:b,ZDh)To2.>\0/Ns`AF!.#xy)w\Z_9?<m\naB|`6FvouJ7\rF5>jtrRK]\nGtYjM7\rfD`TQ:\Z4a4\0EKtNazDr~79S%5YUv{\n:#y\\G$W_o0~YzeYQwgM]\Z7&z\0apkh+23sqtc7@O19tcg+4\Z4\rbZj/z2=e8>F5;h>@d\0(4h06Amd)eYh6-$f:&lIZ=RA`XrA\\nP E@5qUiTv)(*%1<eZ:)#).l*\nY/^I@,/(C<i^+~G.!iulQPe:Ds*6x;HTd?XVyUTzY\"\Ztf&>Mcd43+\\ef7?!,/2hM\r,XklZLd(ZS3E	\\lE[2;_zs;?I>e&24\ntl_4\\4L7xo#y\Z]\nG_=vo7OFv	279Rp=:eJOt~V(\0U@c$5\0\0\0IDAT+>94\"D4Z^H+	*;8^\nJ47R5Zv\\~o[&@<NuKi:=(%`Bs:`F}o>&Q7lykwsv7o-?9y5\nOhzM\rz!g@%\0z\"2Z\04\Z4^*zVl0\Z=\ZL_zntK8@Cjtje;)V\0loh.&|lYHMZ&nC?\Zl{&52,m9un	9@g.4}&Ag.E^6:4{L279LSxJa<N}$!5CLMEG:Kc]3CS+I9YxM{1&p9!,3Phy\0FE%pn$h5~x}YZ[\\kE%+\0:\0zG@t64wFg^4h7~wVlZ\n.~t;9]>?>bw	h\ZkuF[?\0h.wqF^|M@`~`d\"3hiA7L!d9sv%a7@AhIgftPO/ncv\r:UG`4^fy-M$@x9/)@#G?:wI7h_pw5QC\0@qi\rZ2!kgc?kC\0FCwpgK@_Nv2&|e@{e\0z!!=%z&l]}?<Kf>hV8qbly&)YNfd%\r	Tn2QPHF@g5M\rKQIXX4).&A*s\"vN;D)	\ZE6Qk.D\"v,C<yaI@$%x#tyb}yNm2`I2\nC@fegy|sv9hWT.JA%Nd:	-n4A}Yg\n^A^RYe	jPmS\\UuIhz}:A^n\rnJPxdW;cy<^d;+}}oPxUk_c6M|Y\r*YSzo!pw@<]Y>\'?6{663P?[6V{rh:h-b R\':E8m@]AIt.ZU_V4n=4p):?\Z%SBg\Z0!>)%\Zkf\Z[d&`*0[HmN,<]}z>\'g7^6tob,l+|f\Z=S]3^Q7c&6YVbh4V3t{5S r0ly5m_~6k1f6\rh4NW_FZ4eNscA.&A\04>]K.y#&1hFf9$3]%4#;W/\\GGhuns\r;Ay=>oLLe+k4\";&ClFsm/&P.U_]aFJj\0\0be.?dhn4hz3zp.O?<4hd;y\rl\nt|??:T]e\"ipx8}t<aO^uK1]GlD2wlaMXa`;#l%R04fw94\Z4hhv.D!74zB:s+@s<C@kYx%J~h\0Y-4C\' \0e\nLV7N3=pG{k]y[~t?:xehG#\0z#\0S+So>Jz\0iNlw;wz\\nrdLsI\rlB=_n5u\'Lx\'fYX=F\Z5loOEUaXP6wYkR&YILT/\nKK6CU=fN*&QP3G_Nft}~@`)_t>JmV>6+#wF1^^^!\"lQFgNmmQW{h2T_zamcogqhetqJv%v/mN,/gZ^S^x--Higq_]T^UWjkMr\'!EMT]HEW7L4AD]Qd,hV>z^[@v>dnq q>F`w7hq\n*(vOr_or3~B__????B7x,w<*6hOt6LbiLZ4zL`Z5JS)u($XnuR^&2*$Uu*Q<f=4;d\'B\'|E4iiBWy\n9vn4?<ag54)ysl <<	>N(H\"szD*$jQ54oL,5l;moOwnn<<Xzh;!7[o-@c7GzNN37[\Z6l:i[h \r&Qj#%*!~!Zte|\\*7i7t[dB#Y3?D^F:aFL\'MvdJ\rXhn\rtu15vZWR4tn\"0paLg&n2&IJ/l!\08@A_>2k$x6*@# ~/2\043\Z9he.78q>1-!;tht7C#Mc\0\Z:ANhwtw\r!/cV8|/E)|\0-b+	h@q8cw}>=7L7Fgdz;?xN- 27W>\rs>Muf\ZD`qwO};@S/nrN=YME#>L[lx4$@GJR\ZRzY1m	hwh \ZyN2h&W]h;N\nVT\rj2/;7@	\Z%a-*CYB\"2zw~{<o=|5z}<N@}b:7/4b:J4[])h.q%|(\ZFL\rK>yAK\0ZnudlV\"Y8Z-$LMNg70W4.5Kh<@+\nn1&uu	 AZ$y)kl-7H\0\0\0IDATm.t(/h\'\"8f#q\"c1PeNp+M@*\ZE;\Z{S-c ZmZ{\rqTsg.tAXf#$VV5Ur&u\rjh%zcE@Sm,>(f:5@3w4|ML:A_C~a7\'7h@S3,.?=/m~pWz;Bs1dPpw7Z6w bzI6\'ZPP*}]M~CgTh>@U2Fz53fFsSJ2HZyMBU(C`)V(P-S\n!u3mB+V\'6[\\;7 q.2x[\Z@wF %4FW*8X(nml9Gg+<&RF}g1	++q3b\'8f]<EO~fHtZHU4hK 2ep@\0Yh1d,L7t&wDN#pyKh\ZYj\0h<Y^f,	I/(tES)Plm5_SS4X\ZS.!\"s@ljgw\nCC,f	B:r4\0Zs:hh%Y2f<=ZLvlo\r\r}FtUAx[v)?^pm)AymDUd\0\Z:\0z4j\r65n=z:`:pg3<\\FxyA6F6\\h42}1qEit6(4y\nw{<\'lwV}4|@/49z\Z[	Lx\"[fIkMJ\n}QB5u5zBThT\0m\0FhZC1<XqLmyOu~hVky?B=Ge\r6wj\Z`fqF.gC<Tyk	Lt5-m_[57nlAkOg=`c|ul|dh,7Xju]|.z6s~|#J|Rs@W<dthXL),y!,W:\"\r9F^s*J@rZ{UWr@u-zV\r\Zi\Ztf:Aygg&2s@PnU].|Lji!-lT\"l&76@3h@4435023it[r\0]s)+.D]z%W_tayhv*-!WehNq-\ZtVerhd$bs`h$bvo?BXW1\rd4i#(L\rdt!n`4tv3^G_fyhAuhm@b:\0h4kCB:_70AuN@i\\\"g\Z:ebtgLC2j	hQg(QFhhu}5\\$]z-,M!A/hF=JSRjY2A;uw<h|3UE[T9\0\"w\'7FVN{N:Of7&Z=6^N96M3p%.~O/a\nk#Z\Ztn4B(!|i5k\r\Zks?pOsq-\'Aw\nNKA5I4s\rq:mA@gOm.HgMll\"g\Z.-RzMHViS&\rF!FF}D|hg6O\\q@W]53\\Bur!ZXvlRGR]K\"qE/Z].%\rq\rhl\rnLdg;w?],[x2MO~$,$\Z7XiN$){|oON4\"?Hj55)\08\nL6v\0S:Y!h4\r@s@x$37hUh~&lcRI!dtTM|.2DxCh\Zn\rn_1_iSPyVr!>>1\'!sGGV|oq~ueck(JO=>r2H@@o:n\0h-G*C\0JHVH@n;e@|xGS}^Jsm6Pw\"36bz3k833cj$&o@gv\\G\r1Z3MP:-t$hW2g$E]vMyv\r=EA@E! lw|b:&!Af81ith)Z\0\"KCH[#mtoba(>57130sRDP3lWYZR+%WyXW +REeU]e%\n*q(if,h}jdnuQ43v\'9t~x,<PzE(B:S&&2L>w+\0:7hos#]x\rGWm{Xv56[-\0z@GKO@NP-7kjW+w*\nFhR)F@S8 5JM(\rCX\0	hyMRPKnv7p;uPiMyMBM_f:F\r&-LW\'xQi\0%`v.\r&B^u^2`{F?};`guQjnTTjiw \\z3^q\"jn\'b`i6\Z&nbK\ZK\ni.t61;Y}wvot!|X3lrw!_6R}&n$Z\0u,Z|ItYH.cy!aMW=4l$SE.7\Z,69%dg.W\n\ZR\"`Kd84\"x!th:bQbV\\/B3@tU%%4tTl]T+m6Zvu<@hx27G<t^}mO@\'9UGUgh\Zng;\Z!\Zwe;(]@{;SfRG\\rC4}ObLA{p.VZ\\\0\Z!%MZYSSfVTF-r	m]Q/3\naCM&@ij|fsujnYES)/~Gv(tZe7$r[z\rv6 ,{R4\'s9T^w4Pt;i\0?{sq~30\0}w\Z\r\Z@%6{Bm^\0r,\'-0zA5)\r~\'fD6tq|hf0iAf.Ft!4hv\0\0\0IDAT=WB-jXV7:F<Yw.mLhZVS47(\'b+^2w{b<v;uHRG[	C=]P\Z{qj~\Z:SwsB.utyug&.#Q\r:fxmfr)FY5i7\"CFy=65036\rkDWP+.WsR_BI$4uNdg)\\)*.[j6&n;lN)(*<\rM^OPx,}:~oB[;?0:B??<GgY}uCR!_k&GoM<:*}3\rkpG%`tv\'	\'V`A_J&25{|Sd4bij/*Y&*J+A5l^\\Z	rMPwtZhR-Mzv4K*rd;X\\6[mWu4wn\r%@nIp@w5~\\4o4F\rtnpQirG9f{[Vxm=eVz;kwVo/e[or@7#fjl6lMxIf3el9hBd\\O&!O3+V;\04}r4t&ZZlo#l&\rxH}Ah!d-bF;4;,\Z:7js\\\'h5|3}Q_4R45906,bjt7S!4x[Os!v7>x2^*>\0}22178?m\Z)4]qHye}EZ[\"Z\nn\'KK6Ufd8l.<aQ3<9^YGm,UTeM\\U,otBi??eyMw)yCLG_oW:}s-F6<O\0w8\Z\0te^e=\r%:AE@kEuhv\neY#pm!\Z_u685\"Z11\rCi*|4|nn5~ARA\ryAsKM4eJoxhz\rGt6hH9\0P3=m;]3wV#gCg[\0f}wd1>O65	m^\ZZz\'aA)+ m;L@gFJ4t^rye!s::wZmvb^o1!>\'dY#D_2qjy;km76Z$ \Z~zu5efP\\qQ4_x|4\\EF?65qhk-Md[\'2qd25e%:&BM_guJDuR:[\ZX_1skwp_:KsCWYWK^4ALs]y)Fq	(iIgFn4lluh=1/n.{w>63( >|ss/t*\nzrR4=x-{oh<\rSk9o}A7w[i4M5q^O#\Zrk@F}UQ,uVIVP\nJA4!VXtX`4-%Y%#TH@d5HiNgBJC+-2V\rtRo\'\0o[*B9MhC@/lm\rq4z[j;.bU*hF`C\Zq{w:P}F>Yd%l4+zWy&uQ[GYZ6JBBUg@fV(u&IfJB,&tq\rhf9o	zd<y4$\0AfF\0!B3BhE5s\rP	;@[#KEh=:)hYz2g:J2hF~sKipt5yx:Jn\0$\\4z\"l	e\rXX6L[#S]6zwqp}T048?SsRK\0Zr*\Z94$-UKx}>mOU\0f<|iq.W\r@Zfw?>\"UaC<x7xys>.5?mt@sX1i!gk,#?jqLaZ&[Jn\0=y\r.m7Y4Z}}9#VMhZ4\n\0Teb\0rZai0\Z.vzI1hT^.ZXS86c\"XBUJth44(|\n4m*=\Z%5f%z?3qs2Fnut.\Z9>}z}9i\"&:0d\'f777#K#%3egnR4?hf:[)h9\n22V@g;Lk<E\Z\n^#ks[m$i5cAP[Tt:)}=.Bi`ujp3\\tW1(XzK-D45n7~vs90\n(ijKF(=1/tFqHkF{fV/S@D\'}6utv}T_\rjhne>LhVF$KeWl+Q,mS:]~`0`\ZjC~+	&\"32d[HgT9\n6hh2t&dS3Gt+w<?2o~rc@3} O7?@~VhtaP`7kr@{4t}\r\'&z94:z&:d;tvm6$\n6v\Z@\ZQN0YYFHioyk[XR1TR[jP30c11%v23y*.9sU*-]^{MHdg^PmbJ-hhe-VNM?\\2SsV8^~v@nh|I:]Pr=vq/cG}x\Z22,Svi4>Lu!:*%KX>IE^SdYw+\\62F\0%8\Z ^\r;3\n.p\nGWRyA^T`U6dg)jRS:4y<tQh#f1%31^pxX;@nAx\"NE nVRAhI4L.:zQ	 5g9sRL}!c#|OCAsOU)hv<5-=q?Y\rV&K!pc\Z!zeHL?4\\)hA2qVz\neUfM1xM}H\n;3GGacqI)\0\0\0IDATus#;SeT}/O~{MAM|]e>2S G+\rhBL>85]^MMv&G|go.tq-31pZth2Ve,UsQCmK-o)DC:Qa-ho*k\Z\0:25+t\\JRmJOBKKBl(e\"6Zna*g\"&ss3~OkUXL%PLM\".<\rO@|V7`gB@:5-]x= D7WJAo}s3@x9zi#/hD.|RtY.h<Gk\Z	Y+3$)VIJBX}#l/\ZJ&;\'i#%etn4l\nh{CIF	)^Cp$hR+jg8\"Y3k{	a _M,YTGd*h\\xKIoO?`M==SLu#P?L_S$hWOyK63E]=X>[{\rGO\ZZ[(c+WYevi	-[\'JC+l\nW9eY7h&L\'\'&4gTb;|2:O\'+vX?.Ds7	I_w@S+S5.?_$JYM7r\0v3\'}7&>J75t{(3\rDc^RES(ijO-b;\rYS.KkO8Ay	\ZmfDijVEOEXP-it=\\^Z P&hU	uq$k~8<MizHDhBtZ`SOY\ZFp%]v?	g_1|Yp:f\0;;A ;B]*0&9	j NvOOKzoofEpo9\ZBtp*Bo]I\r/*)!K\\EK5d*j$h6vN1AyAuYr\\EGa_	zy;/+ AOF#!OVuZ%Ta(EMj&)v6Kv3)F-|-6@jMO<YJMdfz|vRR_\'=OCM(n@)d+Y>_\\h?S}{+\'71gZx_AM]5	bdTWV_-juW9ZXs]U7YQ\ZvO:|KbT}%Z4>\rNHTGE3AI]YjptC;(;+ZG?NfG>8fv4x|p}0^Kj1a#AwIS4;evIUl:bVG&Dp^KB4>4vk=RA\rQ{R	\ZzhJfFDEn\0GC,\ZemT;0IfM#ujen=v:\Z^i.07r1~;o;hv_-u	(si`djktfIXxrw3IfI6KN\\.vR`l?[l\'2{=9	z%Fea+\0l(>siZ3iXN\Z:)=~1\0$hz6_Tm6iIE#!m@Su9dI3=fva(OR3I]+n	X4vYvUb`7X+_8nt}6@c0LLwf/}YX66# c7R;^g#D7&vfn._C+FPWWMuAx\'jekLP%Z%Vtd]<yrEtsKb	k_ymkGz8k?t9/s+s_\'o~?vBaTq!/t \\KBUA957X#w^on/hwV~w4R;4S:5s!B?vVQp]b	f]$m\\j)rt*A&&YsE-l6*$P37ZB6,^\Z\rbA-W}.\'x\ZJkU(D>a[Q!hE]Q!\"f~4W	1)ZXg\nRry\n+IFBtV-lo-~_Kv;1$Fd}V\\&<v*_oH:@%:Yk.	&\nxppMnC=T8_*q@TJ4[U8lhfs7&}szG}Aoh;\0v\n*\\B!\'$Av&5Yj\Z3M)HC%hR,$\0v\ZaA\nv.d9$mi<LM3BLewgMx~$7S<%A/t!/Fr0;cc#p*Lj& hEi}1=\rNn{{uCown/M;fMArFU\'57\\ag5m!I#hMWbfUo2-B+@Wy5oK{Wz`dh<|ug7\'?9@|\\$hj4S]f4	Zaqv?}.MI{\\RT}_|7`s=iw&xIdLnZUFIEJqY\\:%jm75 2Ch4+@s3agZ&h49Z\'n%\rWAi8\ZO`!f`g`gH.\r{i@fv/<ACvu\Z=HLd+`hW9uWa(-pA4ZUo_5,t7G:s%\Z@|{pn^)>ohto(;w44bn0|v>mw9w{%?LXf#\nF[I\ZN`cA\Z|agxH:nw\";O,r-K\rqms\\=E\re>aOc#sWYp)X|IX,b7niM~hLYxGW6:Ye&b-0cBYL\\I)5HKy8\ZB:a\0;Sv.L@JCqLd}pas>Z[+l4qri\r-b[\ZIU-bCR,4U<C5`ftk ?\Z(~Sa`z?h!hk\\Bv8\'A+r1Ir7\'hC*CSo\'\0\0\0IDAT8CsfV8uOz/wlW+rp/mOp{+~6ZQu}c(a5ih-\r+DMTp$5Nvr14hmdK5rJzIKQ l=?:I/iI3Pj1	jD\Z~7C+F2p8l/~nG]\ZZ\r@C(;C/qUk#\'/Z54q!2\\|qCVJA[e-WzbKQBt!<\n7YRS)\">!\\h:s06n^7Xv,#]gj.7P5S#s4\'<n\rJf*:Cvs+i	O9Lpl85pC-Q@v)i,	Rv1L?ypI\r/Z&zB4:<=/(NMfsf&k:y;#0o45.4}\0M`K:(A/OBv[Bx7	jk/khhaF#s vjTZ!,eWDl]@\nlG.|v~ds0x9#YpX	\Z/rp%<<$hf7B\0&AftEy?^U^:xajG~8Sx-Ev~xA`\rf~_NK-#NC?1C={M\04[ QVH[4.5D+[ P5!b\\7\rp4L-\r7k`hq}6wfgV0/|GHn\n]&h[r+mD\r.U6.A0-\'vV(1!/		Jmu\na\rNucCID<\r02\\	\Z&G#GfR	A=H^`s,s4y\rm`\'YMmf^qJL;C|eZjW1SOuSaX1xE	h2nG,,hIFK	.>-aGO=]!RT_vf 04:)0)9^R8L]46A~T)8\Z4@o35L{R|7:gcM[eU:CqwIxw^Ol\r	dg=Y|^.	e3;4K~9\'+$hj7Hh:!)Wfg^Lvzz9Ox.	ek\\ec\r|`7?{MqjJ.+N l0;ms&oQvV40j!hT68i@#k)!hQSMy/v\nbWIN6V-\\m6S+qZ\0M_\Zo-w\'tejTB4A*B4/h>iTd5LMUJA-VUtkH3S&&rs]P0$d	WY%Rtx!{4)kz*?3XvtsL<7L\'MsBcEGP5n!+fjsjP3AQ6CyAO<~6v(\nN)	\Z\Ztve&XoYKM5JW+@Ih*q >\']&;3;\'Xh>2\\u.Y|*485OLv9;{*L])h3aM5k+StMJikW3	\Z/`\\xmC*\Z,`rN|oty06^lK;Av{p2}6Iv5?\Zs3/hG-&*]6iK7	3_<@~iqioc9boPn}T_[r|~||w`!dJ6`Aj%	ZThU74)*8X\0	bb!MLZ(\n;A;I\n*GK<WR6}%\"c7-m.CyAVc%;NPJR~y`d2tbveA#Dl{*Mn#lO%n*mAkDZYT%o6n,T}3Lf4>],v\\_8lx:q:8.\"	z.m\'bzZ103ktNM`G#DEKi]:)ZV/F4lO03#:>%DLWav.2oWSw;Z65ri*A\",h7u|SMOeg\\#6$&R\r5L!VnV\rj`731#;e#`<K3q(C{On=?_kUJUs@]lKZno\\6F5_M9\rYDgh7S.vV}J1_,z9\ZM`OFuz(fxec\\_$?MF?[+?4$hJ/4o8%A/q\ry!{:Q):vQ\"$RHkiR6>A-u%n\n84J$*Z	Z)n-u5ZAGs+\Z~\rm;W\njbvv^SGFwhhM\0	\Z:/>b7eIV^$3\rA{!r14EAh8]G+iR\Z$-5,\ZG_Rpu03<yZ\"(\ZSiz\Z\\_$`lpdPpOc;	izCi(jhh\nI\rMms026@`9\\Y`g,$A-pk]^.*ag84\n$RdU_<_s y [G8:hWlKf>yAlt.A_t8/43=J$0stOfy=3|<u2\ZjkCbIxISm-h|yf]ZlVDG3${\0#	4t!~6uq\\4U<Ah~q\noaUH%q}wsY!J/%K.	CAp;]R1ljn67jye	 h$AYxJTcSI\Zy\\bR8Ge7eMf{K-upW!h/4?l/QagvBL=1zcbC|Cqo{ip1B~r0m`[ h\0A+[\rus\"x4=qdg\'1LfgQ\'\\+^-\\B?xAFu)b5-iz0f?{G6\0\0\0IDATm2$)x,`9kK#v\ZUADP`g.yy#JGEvi\"Fa1fq,YUdg2el6m]5A$c dRr0Nz	vH	bB4KFzNgodU\Zqb^bg22,Q1&l@	O___-VGxGC@11N82GOS]c}tOGU6r+	4Us6.6TlrAW2\"yD9^\nZ\n,d}R.Vl&\ruoN;37pg[L??9^2xolpgvKUh+4/q\ZM}zo^+7}8;u<kzquhnUi\\9fnM\0!{|^e\\T/	gz\nI-o5Db(\r8H+lt0\\PRU%B{\Z!C+-+l\"[mMfglj$k<H73[\"\nHP|J1=\\FX^AI~[W	RT \ZS:.E\0,@~bEk=Cj\ZFW/w`6\0MkiQ&-\ZT`|}4+KEJVoZ{Cqg=oo=Z\r`$m\\LgP\Z&RrYdDF&u)B@^^dK\r\0^IdW68;3ACQ)>v.XD}kZ0(zyo\03d.kg=+U lVi2%AWf_;\"h3AA\"bU-5o#|v\0tKw43\\9\">l]^K<B}Q\\/]yAS)%\\,io6U-a=iu-TyR1Wc:Tsibt\'<8+\\/`gKW\'cs@r(H~|0hX%A^/64M\n\Z2/hfHqP3549T?<`<ywgNv/hvVu%j\ZzN hhi=LZjesY$4s3	I\n\\[K3hW~`j~!h+1xMMA\Z\0\";=	r<z3Bt3B5x:G!*	N2j\"YVK%Cje[QVWq+./	bUh:>z7`	h}jRd!0A/\'r2dC\Z.yL{5}\n\Z_!h>;#|RO\'fQy:\n&q|J_R>{4^-`\'n]SS)FQF/Li	UKR6 A+sVM4n73R|1J=h8,2e4~l:]G\Z4M9hXr,q^^M9	^hI\rda<;Od+n\\\Z;\'<4s+Ax2h4Cy)6\";BMi=W\Z_n*mSuX/\Zzt>d].JX-fs	l3q#+brM\"Sn<\\~B4|+8[unF|~p	|X9GG|&GK&A=G\'|O^e[W{oyz{_[|q>:>O1y,N-]}B#	5:E]=e[ZXc\"Q\"\rA!hDfgYk\\\"in_9Z	Z\\o\n@p)AIA]w>(2uZ1A#2xj^9\\9_hA&YX6MA]^nJixI)e)EEIUljR4,[l;]\r\rw2G[[$J?}r0h4xr2p}\'KLnu89S\nwx{6CYnNHvyx5q<AFQstLCLGS$ez\\r:qz\nV}:\0Gzt*\'A=U- fN59.{V;hX hqxHcSXd	MgFd\rGI`*$wGA)#`\n[i^(;O`3\'h$rvBNG@sfgf;\r4d AI}1|q11,FUs[\0Hh\Z5Jb!AH;Wq/f<)\\=v^4QBQ&37&ndgv\ZL$hY4adx5onPb!	g!hi;|;G|[cA-zorLj&>=_\0Y/o{<Z244C)Tjj-0	{P]uUzh *x_Ht8ZB4.x5h A\n[\Z h\Zo\rKFZdgA3F&/Yp)8sFv4\rh.NxQ%GXs#4\n!9-j6VjM^Swy 5!snx?\\(`+Or2W.@lrGm81zKp/H`*6y16fyU3faS22NxcSeURN10%E]pa7je$lqO[hM#?)JCR/]yDO=B`\r)Ms<~a4D>AS|&\'#h^lc;W?PpQ!GJn$M3HmU(i5kHT@b=q+vK:grCmUMN<YG8k]P|fAtF)GmL|p{O7;]d\ZO~/N||\rk7yt7as>A}Q!hst7f.\',go|>>o\rdVR\Z T#nKZzN,4q@P39m8a_!h\r\n\rAR.M2\ZDZY*$hvTq\n9#y:|oAnrv\rM^TTde\"-FH&rX`	a{<?Nv},A?>mzRiosc:4\r\\=x\ZU^SkuvC,rX$/xH\nG67{3egy\r5KUJV]rH^9AmN\"kFDf;6=yAMOV|{%Lc\0\0\0IDATD-+tI8o\ZB=949B4g3,]f!E/fn4Z)CK3kL/$oD\'|\\gx!-1Z5lpTpDvqCkyY-]L>nzlbvjQB\Z7%-Y -Z=vO\'K7W_z`2M	MwtMJ><\"AnmV.&?rLHj45w~4`Q+F_x@}Y>x>!e4olWoa!cPT*qT\n\ZD\\U-ltHHr\'Y[M\r	LN.	\Z!\Z+\rUlG9sp9]!lhh1-QC9oRq/4?4xE% pg	j\r[4|E#K49Z.nTAH,\ZY\ZWcYBOx}$7;[S/_9Adg+\0h\nv=|}vFv,z]R=0m\Z\r:yZRVC@MA{1xDc><@<#^NPmvq.[d0\\\\thz=>qvmUiQ\rNLvq,mTe\\0Gwm}g1s%\01Dy<2YSJI6fVEM5A\"bjsdgwda+	||&U	OT&AJAS25y~#v=QLqk%z]kR\0\0^ejTWT)k}Myr[B`9n&EU(;N4BV:mFq\"e{{5HYhb+o`G4(Mi7CjM{76\0?\\C[_>>^o~Oo}W_zGo=\'>MVWf\0UH[[_E?5\0p\'=\'|gR\'4BAkk55T+:Rl) \ZU[3A#G<Z~IRl)]steA#A,\nP3.~T@|fsi6*=A7)+X8SY#$[lg ;I/{\ZdF[p\Z`WVhhU[h\"o2UBxe(=u}{k}r2\'~6Ov\\x~CK}=[Xwx[L:65g\ZzyF%5\niBQT6\r\ZDyAm?G!w\\-%6q7y \\Jm.kh0]\r)y&99:zEh5HqH?	x|R%SIz$;4ByAJ\rqK:hWf:_O\nAS|$h*JPEagG;A:L\ZOG:[A\\CoSuVrMdg*bT`N{\"[Z6;\'mgwzMoWdb9mC9(of]~.egK&_,\r?z&ogk4\"P3M?/<g2>	r4F=?=?bpR&A^!;?>Gxs[t}x0;ZYXBF]S5Gj%-HVIP,\")tWN Se\nJ\n!k~A!;\'\\Z\n43qIQGKNX#AxI02Ec\Z\\GNC~+N	{elmYG;z%	\ZRJLv!Z-(*aNx$)9vm$;u6xo_=[|&Mr4O7GNy;3M&T\02A\r-C.!1n~OmD)nS2`8D]Dlmh33]Ue	e*]VmE1*RzYB+BA\ZmC=@9@eA@=\0)P|o|y/#\nK84lOuyH:9uQS`6DMulvEv~	$D)>YdLbt\'h^*qPv|\Z!Q Y;\Z_@]^|:,X[UelA`	LnPfS{}Nold7K|b3LsMnM,:Uh\\av2o}c{3W\ZO_lWor5<y9\\4\rS_A\'_=gw\\gg?f|1L}+;v}!rW=97vzgk|r|s|tcN /c\'Ko\rwv\'}N\'j5D-YC\\ n)/\\SB,mP$s//ja3:ijh|,hQzN\'%z5qjL3w4OQsg1qi=7oxv^SValj\ZAFF]\0dNTm\ZaARB2S]/z}%g|Ud1<#[5lVDha}jq=d2B!P*N.\Z}nK%rxRs+P7&IEN!GAA\":DY3v-:zbn*qDGM	iG[tIad-,agdO[b$hr4df\nin4/hG]$h24/*&;vZ!k)rtgeu\nZV]UK~lR{L8p(w4y<ZG#n_n7RH,t3u `$Fi\"`\ZdH>t;{S2a?\\_i,Vs^	<%kG?g*}|9owsOo|x{2?zr4l\ZvxA}X?\0?]8=]~g}Pv?2gZ\"l26C\\SE`a6k&\\-tM%\rI/zr*z6THyArNJ\0MMu\0Q3e>>h\n	jv?t.,m{u$W&As$tJA$h&\\F8Z#m5fir~c_5U,\'r=7Gf?=Y\0agg*k 8g\nhp{FiR=IYUvfUe+,<\0}n~[[UXN.&vY\0[6ET1&\rT<kSlvc(L~3=wAM6)YT#\nhV\rASoF*&0(z/7M7;!zy\0\0\0IDAT.	!65U\0!k0]yhbNWJbg>ATRt9sYWr4!k|?wuk}8F\n}*W`jstaN8	h4AS6y8?+\"teKBd#0L&`:g\"V01MRofNWkgg3<r	h,/#;^/3k?Yo;\'}pkOe>Y}_?9]x#yO\'3O2Ng\0M	@Zo\'AM{CY`hiT65@5h-+OsUaSBbPIF;\Zrn3$zVJX[}tEP&k3H6iHuml9e&Fn 9x\ZAv+2|_r4h&h1^)hR*&U+?@+ZUZWB=OG;7-\rmM6pE`v-	6`Z:QJP%\\5]	dRR0f`)I}^K+4;$lSVnmi t$AKn\r.	a9pcAO^R<_	~M\r|g}^i#VS&x/#X5?\Z(AW7*9xA^+4u6bn5*3@u-Qb(_GWq^P3H&vz[VFO\nfVJIvE:lWh1\rRw))M,lpAoXuN`wX#Lj~}0ksO&o\r:b3=J]lxWFco.O:{?|3${>;	{?/|t4A84A{<A+=\n3	\Z@:Vz+sh[BfjbpL|UUod@GTUxA3\Z&;Fl [\n/LMu3VtL^F#{[[2M$R4wRln9zkt23sokIRLx|zK^E`.+z+ZZjZZn\"r>-.	QKr3R}(97-AuSH0M9;s\r2f%I h1HS\r_m\n;^430+t*8\nL$&@lyHn;s\r2xy#LPwG;<h>AXtBSyG{!n!O_(eFzJEkom^UT]VUI8TUvI3bI^[=18\Z|p1a8axM%G7h	z&WV;c%m)Og#;S]O7M!})>T/q(thx\"w>o;*:}YF\'QRE$<k)N6tTLu?y>;O7~~wVxGowOw[xEfk8gOdG,DC/s~s^+6j\05;~p4W* h|\" KZJ	\n!hX4N*C4s4y5\\+4/hIF.}JD\rto\";\r$hne=YeBlT8gn0Ml6D\nB#h7lwHYj)l0H[FUmA){+#\'#k\0\'KL_r4K{	U-W\rlBsuUK}PP|EV+	VUkjDaC\\pQ\rlmyV`@y+sW	/ELqp4t+4{I3M%\r)Cp4fE9t,Dl#Q7$H^/wt:9r8z(F8J~;s\'2V0rCA{4!HGj^ib$|K\r4te49fH+Z`dgZS_UI\ZBvK}Ua%Mqe3[5fveK51;	z=5RqDof.1-RdLQjtL^~lLhIO<(:=[J24>H\'u9JrRPb{WOno}~w46?Ax\0Aao9FGY^[;.% ./FP\'u$K!nkC5Z9Z\"T\nB4wM	K&)@J*+@M]2i\Z\\4cJ$h^J{nm%j\0j{JA{J<\r_\r{I[hWYq9\Zi{gXXC%5Ufbt ->Dv6IjefggAEu\"i\\A%F	0!NG[.5mo[)!e	xk,Lz#_ub&KVY6-4KihyV0)Dw:r;v#I&<w8z`_pBjCTNV]05l\0lrJAClG1wdk=t&J*&hjHz	\0;#D+]o,l4u^QO\\\rtwSQ*K6U]#nODmie9	;|~w?AOv>+=_|s{fOw};\rA<tTDgq1xT\\um%f[Z@\\F,\0rA4O?Z|9Dxon^NU&h!hJ4%hU6VWkhYZ_\'hlM?^/@$hh-NK	2D_4Bk-4$i8$K7z@6vENnjhySD+v\Z(M9\ZR<4Z\rf*nhP(cv}Z6j	jkd;\nl\Z)US|xPiBKOv\'`pH3jKvMj+?9,lLX)N1X)fr1]]3=_>_jx+2i;MSf]$QsYr$JU.%@3iWTq\"\Zw>_HKSU\nOk!d.w(>L9lUF6xq:hr\\v\rM%\Z9yt*^fF=2PUG;.qx:iX@xEM!9|#~x\r@@D\'e0z\0\0\0IDAT0PaT/XiiNiV2PKU,y YXj\0TWjVN]m[V|?9E]{k+leFNW\"hpyA_\rF?XH<Ys;Ti7WG\0+s	tM\0$Q{m-\0Z0:Z[Zl,TLSXG=K\r]q\'so-$G>^/);3_~3loY\rL~=\0>A>lofh@gA#$,es<\Zky_FFcM:?\Z\"U-zZF,<4(lm4\r\rpLmr2+y)hO4)t&	\Zq(&e>AQSU?OgX]OmN%~\\x<d.tka:+R\rZ.4h}RJW<+f#\'+Q}G>0j)@}aOP592\n:G69PwSF6G,a\' Cr:	\\hZ]uv&Xt9t1^\'cu,+fcj!LxLb|%ZfxWq!](ImVYTu8~4{,%Zy ?K\".\0],W75!@k35Ye&IKvR1T,H,hc&Dav{l*)+ %.=Z/8Ch}sl>\Zt\0h\n1;8[#-7\rOzj;c{m(%xR}d\Z@Teh?Y*i\rbBd#^~?xfkm|5|\'m}5g/v?t&?7	?y2m@;2lU	h\Zqp:/:s9|,\'58.-K\0^U:9v47-5=(rs9MB~ \r}651\0\ndK9@Zn]\Zp\"\0D*iPiX/Vj\";h\"\rQ-oFyjm\09B/PsS@;JcWP6yZ;Rq!\\`:;cH[XgDwh{`-2|2\"0>hj[9MapIgd\0]jQe6%\ZpW:JjT+t~qk24[wt:58[G@*sM1E|`\Z\"6\ZbZE)NM5|9YRS\rrHMd@GPf6ugYpb~z+iY`I+tYeb}nCEwhu`T`RsK_h|%5Cm=\r~\08`\\m\0@Cg%1QG\Zt=O<F%\Z\r/|z,hytk$t~uT7>O{kaqw5oevk)^m,Z/UVGc`zpxt9mj^m7hwOh\04h\'?ZK~>Wh-f/?}}n\rs./hlH@@2iY|nxa4UwW~h2NW\Zy.`;p,<3Pg`\"5f3\nRA\\.;6h\Z\rEpQE{F\0mRdA[K|WX+VTftZhFqvjs)Z\"=]HhQ5h3e4./%g\"r;WDQiN9CeL_tzr66eQB:;bQv-(pfg\ZcDD_Vh 1!3Z)#<GRw_70\0hv_I\r:*2W_k-7S_8Q6n(h	XK*?\0Tf+W/\rV:*	\no_Wm%VySU2cRJ]mEzgv=uc%P~4-[-%4\'\0:g>9]7F~qy&nk+=iWuPbYi(^\"M{v!7GnvP}0Y_.>]~:|6;_}&o,\r4L{hl@i-C	<.7&C+t^YqHSDvM`gs|IN1g\"Y hd#Ul;P`<h<&>,Tkx50o0\Z.hI(friBFc|6zkj4/]J={T<[\'dw/!bFZVNz<CU$\ZLgS\0hqeJb5\0\Z:7Qe{Wglw#Cut.V7>R:W8UnY lP^l~E&AJwD	3er#sCg\rt~hz\0<;o;L-*#&	(s*E=YR(;|clC:k%*HsjPz_jgl|pe5z\\TGxgC9\0l\rdK3DmTu`\"(xZSt@fy|gkW\'+787(0FF_4@S6[+7ZcGWA\0h~<3XLBg4h5/f>lg`e@s<9C~ke4&Mq~=B@Cg4_LF4\0t~I+XNrd9X\0V\Z\"9>@]56F|?\r/1IMF\'h\0L\r:e &Q[,yap\Ze/\Z?D&0^BG6MC\'_49VupQ-/0/@Y/\"RGf3[5-QMG448\Zcmldinc6gV&j\"\nVH<hjsg\r?\0\Z!yfkDwG}}!XL\\~16+*M.\'YHZXi(*m&KfgW\0k\0sZ(ei/w8xJ{l Y&j#%]Vjm\'hpFZWFF)DB@ep:{q\\0z:863h-tO?ZLv,uVo	\"u!J]J<n+,.\0d\0O~nl~sy\r%x6qp3c?~s@\\].W43>H4^l6yg@?YH8F5kl7As?`m~0_&gL{:A:|uehhjb5si`\Z(!JF\0\0\0IDATdKF9f:@C;-J$lSpiMDh939e3{=^:2c}.p<g9i/4f%|9\Z4[cNn|dTx}~M2h\0mURlpL\"lh%zsR@:\n?i)sYRm,SY/\Z.scX]aF[|D`HXdK:ZXjSBbNU_\Z.CztWGh,%@KK*jJtg[H^s_yE,5(,W\"hP4[xW(IR\'	\Z\r)Ub$%MG^G/M@Fhx\\JFmE6\0=TU>&kQG%&E^i\Zo=o+%52wouQ`Sp]?\0}yqs>mMv]kwo-9}4Q/\\l6Vuq_Y ?9]_ro;]{oAk\'	\0\ZA}o)GcRX{4A{%,S;cyF8o<CH\rF01>\0^J4@F}~gmP\\E/f8op!>\riA\rvuJ*Jtdqh>isghzJP\\@,>UtEjQF|!McZ0G]:Wa)48hC_1d4M#|\0883.\04HV)s0\Z\\|_ZmSjrn4.XHTER}S=\Z\Zm\rwgz*Wj.M7gZw:fzCM]UnPsMU{\r^c4^\0:d.J4EaUNH#Ay&~I98WW$-sLtYEIGivmz*<d:Xt;5BRa;{qg	1o!4p#hf[ECxx=]jK~M(w-Tm;#Djglt.\nR/exra~FQo<O_~pVgzkFo409j.}77ygk}>s\0Vq 4:U+e\"H2%n/Kn7+p=5]ML\r?G^O<Jc@3\ri ~G@}ks64|J;Sm.(p)\n7#a2\'CaJr\n:/yA\'T.4RZ\"_RZ<Z5\n^CV]fyENgCZsTHjS/YXLlm4h9=B@;w8e=DvM61]3ET@bK}nVXzYE+R\\g50U.]D}YSMsFFZ:f\0h&Oij,\0TfDZ+-w,/gy-Ysi~sq`h5d{EWyo*^qM@e\niQiD[d4(\r^6h9;4H!RIB$_\ZI,}!q \n^7oI-i_i\nlka4+,a#<Kj.\0,v5VIO;T_i{~Vi1Q[=Q-;cs=Ml\'o=}wnwc;o.\\OnvTl_TllvlQG{@?d_\\+q79^O7&[M1?pou\'=5]rTk\"H\0tJ@wyLXZESoR:r\r&Q+;W;9C,\'A=$\Z43zUr,-FGv{1U?/suYa4MR\'.*Mey@6)6AO\0hD+FSap2j\ZD9Q/syhE\Z5#|	sm^z	>kM:Sp@T#r4<FbR3XX,+-M8iYr2@G)a#Y8INTO4n.wm.l$/ml ;K3@c	jZ`U]eYT]z(5\0\\6V{M5;JUY	B_js\nr2dUy]d)xJe*\rt`S4M??qJ]}B.|)47%Gkyh^E\Z=HDxvC(uK.`ek5KAD~L-N:28mO65ltU)*s3\rad6n(k*]kL }\'KcW~LYL^NowTB2dm6[{n%M?\rnm~oArsUt6J_3zsprIb=^\"31T{,AMv/;{gw^hjZ~KrSkJnt2=4`ch9A\rw_{:@\rwGioOSv;C;V;\\\nE//m1geh4llyf<=S%*\'W/Ap:EvM( ,+hQ\r^2Wv!Gy9,Yn<LWViPy0ZM9ZID8~~IhUa\Z/\rlZM\r7bE5A\\BuevcW=Hc\r;M^eQ;*Qa3yF\\$CS/Jd5Dg{!\'$kf)&3:=%*+Lh^98\Z<>D.\0Ksk]#]5U!JilaAD0o\Z\04@Ulb}~DM@$itX1Zli->\'>p=z4BFW\n.K;\nx!nJw(hS	MY|N oG7\n}nM\rM47D]LT\\p-C,7-78v7K8t8[X(GV(-<+=\'P\',\\[;sxthx=(Fc@CU|7w-\0=\Zq|7\">!;?~mm/]\r<>zJ=EzVG\ncf6mo;~kxAa98za!\0\0 `:?;S7\'}m5Q4j$$s]|ltlef*+\"s]:t$j&Fy3B8JI+`4^)[,hZLi?hQ \Z5js:h4	N@eO\0\0\0IDATc@CdW~OJ48U:4a\ZLm>mY/\ZE0Ous@gInmYo[ZX[5t<>D.L]9FdL?^X\ZJmJ\Zn@jAk@c\Z-MQZ+PfxuX50	D?\'Xz@aG<vQpD	h@Snf:!/zjDU->?LHg\\T8L::yGyEk}6|#dKeZ3SS\Z	\'\"X[elCtoq/3jlGnmtW 1E{3Fu@7VXF]:8w9^:WFkj}x!\"gxFF1g_]H6tg.|w@S7~z	\r%/M	nMus~d}t2,H6?mU\Zj)eC]c}]M@0LateRCIwS7(\\f~+lcN}wtt7;jKFD($te%\\v&\' R}~A#$c!FY>.owR	@:\0h2>F-Z\\\ZX3-[nq_st/z3wsym%~Gqst!Fcg@{lZh\0MX,f\n1UZTJ2r/\\ b:K3Dz4Aj=I\"K}pyg{ho`?yr8qxrdz4r0\r;U`5|CMgV)5N=u8#rpi$v\\fD5;()1*J|>-AV@/(sum/\'JtoL@S}&po|Aco]>I94 	h\Z^b+Z\\\n?9uPV5[8=.mM4-29{@N@-eoEm`YK4	dl?r2w4{2sex\rJcb}ZCm?W\nh)4IwJ\04lm4}\0\r?W69^7WLwG_GFDqvwbxd\"+lto/\rE0:Q]|8|xqosibp5,ZN?.ot\Zly8d&&?\0&{\Z+G\"v!fZ[6YU!5Ityy,#&L,rf4\";iQ\Z\0k*d\"::\0c!4]6pM@sOhq\Zw S&U\nhRyn[&fyhU\rzF-@@.r5&)oGL3WOhj\';D-4J\n%/-q:6 Sm7M9BZghqxq&YBl^yhKj|B^5BmT_cPW$\rEFh1Y\Zh6\0h|0XZ9W.0,/d^l)l5Ff\\#&hp$??\ZmF-vdtdr<ZT\"6-u0\Zj):D>-1F@A?^&8Zb<|kmH]{Wey/X2XhHT5G%xD\';}n\'^kxzm(WGO:nJ>`(:^`mQ\03fK8FgyxvS,\rt-56SA*K%sVXJZhJiaA5RK>.&Vp>\"DPyw]#whDC-A\04I\ri4\\g!?T4Xx{)4z~>k o#Yq8RMF@h\"WL@g\rd\0h*[eF[g{#\0}t8~z2%g4tr8};~<]\\konhb9byighk>FJe|q1\\gP7mJ5\\whn4BfcyMt8M@|h*}x\\hASn4t)[84mp\0\\@T(r\'<vz l,\no7@g\n}h6]h6u},+SF_Iv\\<o\\o)rD/gUi\0{s	]	khr\\h\\./7\r |kCUhF[ZV[Z=ny_\'?V{j:<JxaZUa[D7{hg>py@{2M#\0PgsXbPTFh>	qt\Zdhge\'J,s`A@K2Pu|L FVe**rl&w4PGHh\r_\0G:t7ZA|O2\04^h\'Qe\ZhYEh14x)33Ro	Hv&\'G$PD}1\n^-\0\Z^5MB:1mB\"*BenPL*nB6=>BOH\"%r}93h#k	{hX4xL5!GS?wpCgMWw;45hn47\0tuZ t!-4)Mq5/^j\"Tw(hG]+e;u,h\r\'c\'ZYM\'#>J9y}rhp~OZn4GRU@$Qi\0h/__op.oxs[?_.9O\\CM\'M\'K5WFoNoOv\rt\\?WnmfwS6v9=.<_\r}\'^dw\n&	hRNvNEhR+0F\rA& =MyhA4Zf:\Z\"/+}Q!fE>bM%EmWrk9^\\FsgZ:9{D>XMeJc+Z3!h=]\np-ZI89@L|Uqh	#,\0mU;,*I.2Zc2*:Jphw8hil6Mh[{wa>ZMemApP6F8x\"t,:jhrQiG:\Z\0V\nt{kF\r\Z@\ZB{zew?^z\n\\\'^p61}Gu`M[\r;#4f\0uZbx=Q)d{bvK&|d9x2rstf\0\0\0IDATxw\\n~b%3hTidKwgw\09xE>{?%h\0h{J_=?it-w.w7%ZfGjFw>|?~o;?|Wov{O\r+=\0zo-.U\Z%FouCgb\Z:!51l\r{3Gu3>eM@L`@}\r twj]Zk:#/=1\0g\0eT\"<4H3e%Hs4\r7Mh!\r#( _J-=q%Mwe,\0{_:l^<4^A3)[C}+=]Kms&d<0QW_^Fy,k_G@tAh$B\0:@d\0w},a,jTI@mQW*\nl	v07{Lcir\\V$oW>.	gSxGH bZ4[+CKs@\0h>YXkfD9|ol+sMRX>Uc\0AXAPe\\o>:_M;3.BGK4j5>PzdmOYJM`k7 |_/~wmx\\f\"\rtwOb\06 k@6\rw4UM7,\\_{?x 7o7o}~+=e!G8M<5-W&ZZE_uN~}81[YNg<xO?XM:;tU?[Y7,1:5F]siUvV i\rIg)!MWrJv,mnRz<H\rlP,UNG-UN~7u2YtRqz9\r%@*\\!}V(ZV4^C.n|;\"\rb)p:4>#YV\\y~&:#=od4 l\"\r)+33c#DsYg}S *s<&@37Z<PJn[HITZ3m@J\rvM\"s@gat7E`wyth65ah;U[N\Z:#z,l!\0]j;t(5TN7G@\0>F)+!\Zy)k4mCxFsl,g+|\0xw.#&TE	t=bovnz;W\ne\"+5!d;+Nz.\'jn4=xm@~87.F;?]\r\Zqpc@A?aqQ\r;\n~dPr0=rme;7>[v7|:/oD<y2^W:qD=h\0z6tW<kF&#4i\\9?ze\Z4]0UR(+]R6_@\n2Ne(hg9FI6V5RhKO@a.S$[@\\vhe:Y+@A*xwr<5&Q8Md1%~Nm	mO=LM2fF@kyW#93wuhLFS(+sD`Mr:\0\"6uKV4E*J*n\Z\0hU!.%?uB-#$bA37S30?	7h\0nyZCJ_XM[dQ\0]Q83hJ;@^@?~V)CY]qKb!hKC*lmmWEJt,8u\nFw\ZNG[8<glW/\r\0[3]A_vWfpUhB@\"\Z\rhG?\\]\\;hh4nl|q#w[n5h9|kxQ]zt[+7}oG=w~x7|p=ZhY)^(X*>6v]\ZEhg\'s_^pc.2{Q\rZT2dP*VR,rYoN4|((L`jyt2;K-IWej9UE-5)z4 FhahKP*g[#37\Zq)AYpYV}P9n$i<&xv0o@;,,$:L\Z\"	4oPPFjGb=}%MpKM1\ZwM^4Yaf{~CSVvLg6&\Zhj)[lpT{,4A!iB@F^^qh;Cg$\04~D(4x@|U5\nME#hU2lh~+%Ij\\WM?Nr@SG0.*o	^Fu\0zp=[\0y2Fkl ZL3r{\\~g|\r[\\Cs@A?xk?_e\r\\k:5}\0_!\0`oS=F-q={z@(C?qO/1`ro~sl:=h-?j+SM@6?gx:w:YNgYgh-|tUI|<ZVJhz\\TMB@ b\'q:L.\0Z52h)CQshM9gbIg!xpYch69tp\04?DhEAFZ|dT2J#KWf|Y$+;JZ\"uC\"m.p(ZfGX(E.hL{4+/\\fFL4\r/&CB8h-]6u\"ML}61;#{#:0eC8H:lj\ZVuX9-S6yq\nZ\";bA ^F|qs<DLEB/rcFuc]pDmd|d.<Wp5lMWF[h3r{T\'-9y5|(FF@3^wZ*c4\r%fOG>|cS4_xs\Z%\Z\r\Z@h3rkxs<{eqOvvSX+D~W]{B;m*\0igG-P3dg?~v4-6*.saKgUt7#RP}.t\nAWhBhVF@[r6h4Er=:D:#\\D\0\0\0IDAThXgvA~As\n=fTq&)(9uc>@a\0-:gQhNbVmfLg|=4t&:T=I\"YmCUA\nh.X<\Z14)/\"E^t2*\0ix9}9F75^+Vn\nlC\Z9_bx5tnp3\Zxm;\0tRe34ZA]WyFD|-8=HFs_C|5=;]\"tM(	kF/7h\0Z4ug|!lf[oLu /\ZB^[3]zvWVg98F_xEHgk%4\Z4\\0\ZB4g74h\0?b3\0MA;\0c\'zN%L!7nMy4>9NX\\x]xcix*|s`So!slq2_,\0oo&6TDv4\"\Z\"2/x@[\Z:8dWZjoRVfgC6@Cgx~Z9tF6@Tyw~>tVKh`vmd!p,D#&M>h!Z\\g\ZnFq@X}h\Z 4U\"Y]y}ubiA>8hYa$idllb\0hZva;(7g}tB@--3KLE4Ol^Q|%uNg]:ksM1)_ARM|L^H7G(06lg[x0+HT@iu3av}~KW}p	UMti+v\"d0N7p#*-[bMvJ-{e.plnP~8X_\rw[K2VLo4nz8dc_|m7?]B|}?{v}W&w>@Bja$N`xX;C]%^y{eG;m #,_{gqewO;Clp%4#?]Y7_nA\'Nl/(	m1@f34.\04ME63ftM.+lU?gP*mzU1kT:T-eqQG:\'S-|Zg-c8RLHxe\nME1^g;[af\rEVBRF16%q[5z.J|jgh*U\0q\ZT$fb4z\04[cUH\rYw~J<y[:\\c4YFjstten4=-B*4E6r:-qIY[|fZK MY+FfY\r\ZY>CQM@0E~)zaGS\Z\\\0j QB%\Z&G!F9[i!nl<a%(\ncZSP\\P87iVK\0\Z5\r_Z09CBzx2\0\">fu(E3`S 51zmx8~0Pw$FAe0MCg7[#_||}FCj;_h>&[N4lG]`GcT^A2A@M>\Z|kytw]0z\rm/O&>Xe#~1B\r|u3O3G_V[4VtHd-%/jWeE2?Fkdl;V\rMj%{hPb	dCg\\gFAo4r*)v|9Eh5|?ek9:Tl99nh3oHIBZihH;hw=8li_/7sF,KirQ3\rfF,:Vl5{\Z[N4-Myfi3Y)/:^EfIeeT*[B7XPj*:ZA+1~{8jYX)\"$31	S4V,v5MlLj_:@)>uuy!S~M^\"\\jz>6Efb\'I5h_LS\0[W1M.lo8;bheL}.wr\ZqM4>J%$<W`}k4_R5Ao^wl,%Dzt{~Dk,	@Ao+[kxpowzk{,`3?O&z_A^FO>d*d\'mvV0?^dw_roorgew\nts\'ryOWV|ckkp@;#g[>V_<VK-.S*%^YSc4d].\ZBW#Rh<2HM*G!$V=SC|mN:t9FsUS\\D*>?bPCG\r=*\nu 4	k EhAa[TnuX:x-t,md3XDVkl6Ag%VJCH3s3._ZtQ;YiU&h~T{\"_p9O[whC]n#b*l,8L>[14#ur]\0MFSah{.1E*-s@sFMh&F%E%4hwBZ:7x(vB_b@S|P\rRPho\"*LD\0Z[pwCe\r+c- \':Gk*}uD,u.h@#T}?\\+W!RF#kLjg+mL|{n~m2\0e,,\'2p{_}w\'?^%k?_Y]xiH\ry3:Bd@@>6\nG=tFtI#?@/\"97k$4mDm<t\ri3\0\ZMF@e2B8lRTfjM2,\Z%WR\0_.Sk=8|$k\n0n\'BgUA=<L|4>kB#drE1tN\0-tXYeB@Siioz4K~CeY!mL@SxND4rh@g\n/B#tAF)5yO0&\'.0hnfZ6]s\ZAG^\ntPO@\"\ZR~hCgh(m0JPh|hZ8:#D5TcW;J91h\Zhg@Lc\r\rdt2/hd\r\'w{bx%yFX}N>n|0FF?L\Z\Z?\0\0\0IDATt\r\"AOgAgmh6f@]z{n~>\\3%?^ls7KnM;\'?;\\o#W(,L@eGs_mO~~iK+cOzk=~k\0?,K23-$Ym1bf$\'gV2!N;zz&::7N]*u^;NE(C(pN%#n7=@3LA\r_Y@L@Jq{6aRC^&\rb7m&n.\'{Dq\"w/gPM@q]*q\"bYJ9!B=@hum64zRPF*\"B{6SAo?$$CBCUh&e}P6Cg\n1 F\0ZzB+OVb\rQDxNKhb0Z4l\0h^&\0ztU	\\,)7ZlFfF44(E;h|\'RaQ<U9\ZM@Nh-H8]	+\n*P$}g0w/tD\0\ZpW9Ld0Z\0}@	\0h\\^^y_w?i7/B?iL/t<<7zTyqf2Yn2_[=:C~nPiwNbCp<c\0hD\0FG>:QP :~,uiq7T;CY\0@:n	P+O\r13sfg]`?x-u){s	B!8{$Rcf\0-?e/A4hvu\0jI\Z;8h~@e[4\rRHe3PHqCVyn=BDc	<b4M 5:\"=em78tGj@sgV&\\%1^z~Yn-<h4`YhQ\'Y5)v]\"\Z%zS-6pIubvsP3:[Ahj@4/$\0=r$@w4dxPGO7|TA.5 llWjg(s&^:YN8O09A-\0Tuu}d[q,K5K!8X,=97sgqq^69h3tbR|e]Yx\0e2h2z<\r_y5F\rZ\"^|W\r_n;?zvmQLL2uD-KV5QW)UJ_#0^#d\ZBsPAsZ4#ly(4rZt:xZlG&uR%@E>[D9\r\ZMQo6QS!t:iHV)/#kqZ0!Tk084eH4V\r~*\n:a4,p^A\\g9=*dDvMb@6tEZZmeGtI`V4!keaZV(,+J@X\'r @%h|?\0:MM9C@w\r\Z/l)|Jho2T>o;mhjg8Q\0\ZLBCl]bT|v_#=$o=fKx^\\Z=a[rQt<X9\r	hlBOGy\0*;aF#M!rC@M4{B9F@87ts~9vv8k]YD:&\rf\Z5iF}L\'TP=2dl0a}\\gx\0u4^3\04r\nFvllJz Y#e.hL@EhQh\Zy~{NfMJT+v@+\"~hMN-ehvlVcEY^S[	4S!=b(`-y@^jZfRK]pYwrf\\5A-\\|EC2,v-!X-SDF\0c[fb4rlOADbF(^mYcxR4}QAm8Hd+QD7\0tkABWi@m&*9L%-og \0^_BIP\"Rc\Z=t>jk};}guMFLW5oO=YDnLAg\0zo/3g\0\"i4Y4oLv9}w\"|oml!?:?!t,\"hLD4&	hT|wrMku=ilSXAtSd1\"*gaXK\\B(&uAW$k#TaJPXHZj6$Yu~\rM#5kI4a&D.A\rErsEkjqDZ>(xn8LZu4C Q*h0fwlw9PaO&Z nlie^<Jc	xwB=>||\nZ )=\0|TAC@+\"va(\r65hZ\n3glIW6P	x[_oT`T\0MPn|NVN\0M:EY.e\"_j2E\Zx2@8H\0ZhM[4K\"\Za4mO7&uyt\\7M3@v#[-5,a4,_g9Kl{eI\ntfWB@Kh|iq/xOTpYD~2\ny\'oPn<8;J:#19A3\">tgcf=P7f:#e>0+lVy2R#U~gX`[uY]QUc*Ev )25.c6E]F8e:h\nf7r&M:rQ&)~7:-Ig	\0xt@S[ZLtFbcqN\0he@f\n(\r4Zx0\"5!/-!!7ZmdF#z\n@Y~\'aPo\"uw	KE\"lRRU	\0]m4F4j@-({9:My.sRur|G,OQhV}Z2y\Z{83Y;k	sh@zrZGFO,_t(Y>2FiC|q4mRtwY1**hP^ACB rm^UZl31 k@\rGZQ>]vBF?bWs}7X\r`=Ny6d}/xiWoR^\\Yyz~f>xZyGmrT\'js/m/d{|vsc2u-~<\'EM1Yc\0_L^7^_5\\v*sk85Tmrh%?q&X$/@(NmYGmI1E=>OFpF +eVl	\0\0\0IDAT![,t@,Cfku\nV}Lls\n:9i0)+1w+RY5\r;.\\Co;FSMG @6Nyqypn9Yj74O#^+P*rqv&5smQ8*#@w	3 D-\Zc9F\r3R@\n`cnrQ\\z&	h\"F9^`T#Xm,us@g+hRD?P+tZ,/R\"F$.T8j44\r)s@[~W\n\ZJhuJ|/{Z?\ZlrKwW`4t!N4?A@?:;smhLh9T\0\rIg4P<?\\[	9@zSO=8C(.v\n<d0Q_Qje#9	mYqT8([T+?vr@^\Z	z-iNAL-eytM@itwe\r=f\'hBfLh+(H@{=V`N<hIiGb7F)MCG]Q=s8QP[)mqx\"C-9IA.cd@I>JQ#%~\'X:	\0>m3S-.jdS$K;._!_	hs@F;u(T\\46\'E|K=I{K84A/9g`F{Ml#k4(\09^DAo&u Zk)5fsG\np\r\\qO:vo|k#mwB{TAGg\'4\rv&_^~~q92}tr[?hd@>HS]wf{/Zjd(_]\r^RIom0gid7jk\rG3:R\r>cPWNUMY00Zj7O53MkWJV-^>T\\;W1YhKthrw:\"QW+`hP-Td\0u9\nQEh2=\'^36a.KPDBZ0PX_.<^3hlD9$Y\0/\"tK	@o8@Mut(=0e5^Z/\r|n4*5x@K:s	\0]Lbs9}U	^\0mQ\n99l	6kB8;ZLh6?dhZ!uNtA8\nF5@)HM\n	ZnA;:IkooC|~]\0@GDY*u$jre\r4B@e:h*3@)tAgHm\0_z-jk\0h\\	h!\\HlsuKK\Za7PD[V\'n/>h=0$n7&;oMw?Y|:DK.RO4H3L4lCs~O]m>TSp&;51\n@2FtWw<=z(okM7vm$wx#Wk5T,V&N^8uk}MIzU*<Z@[BgJZR{U!LAj\"qn6/Z\n]{Zy?\nF)^ic,9jt~KPCCTtZtaP&hTM\"wY5l][\r16cmTT;S@45:wM&hQAm0\Zzrz,(g{Td:LQ/,U\0w yZR]p#%~wYf=a7N\0tx\ZVv$rP4Q}qN4UWh$Zf\'Z%rUr|,>kD\r~~kEpT62rppX1;%vwr-n3Y-h\r\0\r2FpTDo|=|v*j@]&\01<\\2|%/a/\ZEWSgx3Z1(+o~/4+tqK\\^B~reKs?^OG)6F^6oLw}>^OVx8t6%n94O>1sgr?o%7G[>+e#0oPe4Ud\nLi(_iF^|(C(\0m7*rx<(ZEK;<l7&ztF,ZD.h\0zPFFh>8v@;^W\r2TP_Ihsow-/hZu4=7OQxJ6E#ylxHH@%3;]EFM}aQ-=!=hDn@dy-FhJh6I3jCCIftF=	\Z/L(~i8[J<i|I\nr80\r9%QPdV\0zjkzk6gjh~71\'(^kL\"jnH:OM=8HFs[\"oNS}snF6hM4`y\0FlI	h2Z4@?]~\0\rag.U\rd%\'Gu7;y\r]W_7//6x4!\0M^[\'gczo4q\'*JKSj{4p:KUhFA*K\"fW	!2JHY,&obQD!e0Z|9A@#GQZl6-[hH@g@<&jk@hpA:v-=#6[p*c\r4,6{L|x4;Z&w$#F0yJ+4	2hVITRki[Milha4<h\'<.B@Szta>m_0F&niwA<9\Z@fB@xgn(SewK_JZg|&\0M<KL~x%\'Q1s||TJSZKzsFK[5Z|[\r\\k54P.OMFSSF\04tD\'=3}v.Qfv,.hcdH4Z{c=X#_v]m9q{Ts4dmZ/pq?^\\/xnQo7F*h\'w\'Q>qn?Vh_LZk?=X7K}4?](:Y^u@G=MVkHiXinR9TaeLIn(	iYRc|]t9BF \0\0\0IDAT|B:UY\Z:$jaa#m3hf9:`h:<lRbT7-^u\"ph\ncZmD\"Fmg@Gk|6\0hI@K5ny0*6|\'xhp\0:ea&8d:bh-^HgaqPe:	QaZ\r2q6DhPsRi1\0sXBfT	.\0+B+q\Z=h-eC3@,h>Vk|4\0TD^;QQA3,hY0~5\r^^S4gw@Yz>xkm;_pA@]\ZE}{L3h5)hwgwra3?wc!\0=\0x]Vgw$0Y4+~ss>xXJl;3]O???lN|^<TZCmr*PmQG-bF 4tb\0vXb$=-k4NbC6TP@SZ4maMhrRZ6n{frwt/l(Ne(\"l#Ch =:jF!~}dYP\rb6lX+R\Z8W^R8GZ&CZ.	\r,b!\"4u6Q2ff{WCDs7\\\rFm@E >}D!2JrP=8gC1+A9t(;63*5,KQU{8\'Xa,x1NCS\nIr!T_y$U0Y\n\ZsU!U:qp|D\\c)\"<\'JWOS6*4hY\\#F\r\rEy63GJWn5^wZiG]_=?xgycS=6n\0t3wWKs^\\`Ch7F9ucTN^}<@	igY+$:oO?Z\r=$1It5@OZ,kI4\'s\r4,zxzIBnjA+>U;(]imsC7::q?tx:sa|fLQG$jE4_i?l*Ut/2ZaFX-\0IFh\'*+hB>,&fb4X:Ig5aYatQ.{\nr\rn/KP!J;3+JKA%2:~]t#U!^!/8w ,V1QvYMI>.6K(*hZf.KW9hthVE]\"QA1:12Iwd;F$1dTr]A<\0\ZNI^zf%xhTLD2&+@F4&bhZ6_3{lTpLyTr]Gr4h\0MFo8p+\ro9@3~{W0xgS:lWSsa2k@wn}gy8\"s	\0@g7y:wPVe87\r}9Mnc\nQ&[Cz/[<M8\0uYC9IY	I)1jcg];\0z q6+{*}q8~6fXZc/.~6Un\0$et+#(!JFut{o&vVDQ(O(;]tAg.sHh\ZwXvYr^4jPJk53jQhvVnp:D4U]@\0MF&FSsDG\0-R<|\0;nP;#tiRc-X+bl{I%cqR$I6/%n5\ZU6\np_$h6#m#gx:Q>!Q)<Hq2<-7]+I^GeF,C9AF(+Sx#kw;lE&#p8\'XaJCNdh2e@;KRF\0\'r	\\=^B?^fNQPDS-&	CeK-\rC^oWwSo6S)Hu~>ERYF	QDf\0\rY~9Ih\'cGYKA\"L{x	p~N*7XYzsJsy<Nm6)IM,-LOaEtY{g`ZcKowN>aei}W.4(i[@hl4#zN#z\Z{hu<mN\0\"$?.\n:9B!,66zJS4`Zm20Mf5Bu\n[ACg\n\nEf@kC\Z#ewR3d?E4,2DbWdS&,h[ga]hR.t.ptVuE!4uio>hf Y,>=K8@SA\'5H2\Z@Gt6c`tqR1R6+93pt\\!@\'yRf\'h\0X\Z	\ZH	V\0Moxk<S>Q_p:P=PR_/VK2\n5n!(\ZE4PUY3^/;{|]W{\Z^=-;>ngl}D3>sF\'Fhidt{4L!O\'O PG`u4cS6\'^lNh\0e}g,1zDtqTI\\E\0^h(`}wk/Vm_(Or +\'z?io7?,3jE@RD\"e@AFAXpw2*@-&hl[s	h*H*\04ze/mz\0sPD3CBZT\'lWLLI]2/[A=^0wM5<+oTWA:h\rB4F\n(#><6Rl$y\nCx]/_l9h|5v@jk9x/I4ibhCF+hHu#?]R\Z@Wg\0NV_1@9X_PN^E:3\0KqKaYJ\\c1S\0zGE4`<\06BzHH3.OD~R?X2]Ok^h?JwSo5!5s7::@j0ML/f;9\"}5M#GchZ._x2t#7&akOe\\E\04o\r<\\{|rc\\Ybu>P]8Y3VJwsw}u~rO^y&Z6#\0\0\0IDATGcm?<z>=za\'fh\nv]awE*Cu0\00Z1Q\"NNloYF3eMs/r>!ghiv6BQhZ5JhOa4h>\n<tzUk6E\Za:mVC0:=hVG/tnxHFpX4(d>77@:(.\0]k4}tFY\n$$YH&\r\ntF@3MnMFg4kt.t\n_\0cQBxNJ2|\'h2\Zu4q0R@\'k`V<(a4Fl|z>VF\'hjtDm}rg\Zp+3=U_8YWLh`*iS	8!	h\"[Z\0:GZS#e0zPaiuv{W.x\0rTGQP>ucH_LZ@GV^;Y-C4\"	hPN-GC-A\"nX{6dBt=!/K@/_?Rzx@Q{}_>\nO_NTyw\nq:da\0beXw}Qi@PaF\" !}h@Yu4_6s+	\"Bc\0\\o0\n|JHXkY#h:;mt\08t<|v	hMg(Pfeu\rH\Zm	qi#:)`~=?UcMXsDh:t9\0AEl.0!ET!0:lV[T]0Q6\Z &Z6$Fi9%fCgTy.kF)<4a2!tEfPt(+&\"\"%P\ZCTM:+tFhAt(+S|b%hq%wa|a%|dGq8+&wT!@[W4S_PXA3A@b4&`}4QPT5\'yS*0tz\rF<^vx6o2s\"c&L/\'{n/\0=L\0D3Fh	BWsmN>?;O68!TToK2n2tfQ2\ZW-A\0BcWO,<[_u|hlUPIzzk?__?]{wwo,O=9oT3_N.VWts@$V##\"BDQIE4eo\r\rj-z3F=]&\"=*&.TAuZ% OgV+#4-&\0Bo-z\rd@mGv\ZF\rHNEY\0mW\nu;@c3jm\0g\ntI<%FO*0E6D:S!L2EBgA3%Gy{	4tSsa4]e*Fs7@AH\rQD#id]kCh*8eb^ic!kC;Mc+G6Cgdd9=!Yr-*h8hfta=i4=Q;3OlmiAyrdl`<}(?\'Jv%p/y6!5f:s?vxR3)%ix}FSM(#j\\{f`z\nK3FL@nxM7C+7j*R:{\0|}|@g7z}t?u|0xcX\ZClc1Q\ZEfx:#CMs92*4thajZhe*N6\"zW-\"zov%4;-*hq/^u-mhDTDs%\"P6jE$h~tP&dh#B](oT]7\"Jp\0]kgLj<\0$[U\0:neW!,fUid4G&X4M\nuh4@\'B:-bY4tMakMlmEtQ\0~JK@Zv,h&HKWqX\0tNA@S($?-:DsMF,Sh?!\rUatiE4>pN\"E-hNi)q4x^+fOTeSGXY4!!Y;7SZ*7r_x.H.2y({:}\"tA\\wn\0+J\"qhTWMVd@{Ov$:gK_9Up3i9^\ZP7fOcLZvwT>l	6h}+CR8(,\"f:;<Z KO^.LYin\0Zs#E4K}gooo+K8ENf#/G~^iu/?Z[|DOZzL\n	YA*\":\"aRNhF\0heY\'tv4l~SA4.3,A6:(d -I3y?SZ`\ZT;Sy|-\"o	fRX,&#1eQA=p UQbY\";4gZjqHa0z\nZ_m@Cg6\"n4l.N4+\"-3\Z:lH1FXv].=i@jL@?!.fzX.3o@%S4.sv].TAW<5Po\0| 3O5v-]@\n:h5v5|<lv\rE0zhJ/K(I\Z,MF)M:J4#Er}jCj]\\M.*TO[EDAz\Zl7 H]7]b(`Q,fAg(pyh7~\"Foi4?FnLU\0km7^:Y}TC+\ro5><w\\?]a}}|FSxusFCg()=2\"	\rsm\\YAGHE4,d41M7\"-GYR\nQD[zZdws\0vgO F%zot\nM\n@kgZu6iBIO(!,\"NJ@h\02}d4a&xvQ `g&hQQ\"a70\rtUnWqNB{S#0G\Z\"c7\nH_\n4E\0?b)6\r6mUjn@hsN&l!LtF<^f\'?W~\rWL#{@hta%)Ri(H>S=|pH[P\ZG\' Su0z4hhev4:M@4XA=@y<2t+\"4$zh!nW:o=\Z9Xt0$Y:WWv\'l)B\0\0\0IDAT0Zv*gc_O^<soekCTytf&;wf?_}>lu_(|w4z$}\ZXh2\Z!2?uzP}s[//T}c%Z?mpu16ei}B[gOZ\\9p?Etvcu=2))BuR9jgJPC.Zvx,@no\0[Z&Z+:Z ucZ\0KgomjjKq[M+JCF<:-[?[h8u\nV>!VYLH@[Uf.U7\0tC2\r(3t&ta0\Z@\'Xi6T\rhWh|>	t^\0{Fpd4l|Lg|M.eyjk\'E,4S@FzN	h;i;\r )C\Z-f\'B\\\rAh3Mq]iUC5c@	6tO|aZ4:PGR9/~yB!&h?\Zxou+]_?X\nbCu>	?n\'o1{4t~9dk7fca4t&.]P[C\0*:	h:n\0>jJK0WN:<\0o0f{Lu?q?,8[z4~WH~nUej}fE~@PE\"{64N!fAb)48E.N-r_4R2IC8\'l@9XQJFK@<u\'VD\nzgd0z%l(]5c\"!|1#Zp\\0\0gS\':u#iCW/t\0\Z4@h@fgqqa64=f:mnryg-\\LA-w,=;b*3-Y\ZW~ISwy*6:h\0)-)KtpVXJUhxV-?$\"s@pM\"/A9!,\"Vqd4+9O\rY+g{k	ywom9;qs}ws\nj+\'<Q3z5IgThQ +n4Ur/\r.7F36(B-4YiD,\"=amh-.6U\\i=g]x5xgmf}8|i4O<}*cjB13Ba@BPMF2\rtBR<$h8l rQ^th\n\r@&\\!*h\0W@o	@wk:R~h,@4Y\0M4K@vFZ)j#()\0oT1hM E0cNiMhZN/&gY#4Fhn4h\noZ93\\h3	!UmJ+$a;/!UCXh4=-\'h]eF&FQ;	hVD\':\'Of{JR+`B\Z@/4-\r\0z::\"zfryZN\Z=*h5?.h~2D;OvFA/n[`+4z5xs.Y>>Fi:\'C|;luj{<O;\\i&E\04rkS\0}}wMaz1`G}l?oM?_q\0gr~O]}PZ!LUi3\0:647VG\nhV>/\Z^ ZAi)WsBe/:etmhoC<\'~lh3z=-w+h[lp#Ig]s)!6eD\"BRhU&oE9kBP;4gn\\Y\0]QDg.TDhD\"i;u%2JCB9\'b`?Jh\"|H:;a#>`	hjtK,`7;=c9Y3\Z@Kmo3\0:iE;b=Q +\"F8@XatA\'iXS-Je)Lg)JkrUY4_I*+Elu?DwmP.s<#%?,:E4rM/[h,M+@f{`g+FK5/JO21QcE>^>;}}u3O.>}e	=xcu|<@GC|51mu9Zn4;4Fh3~8@:VS?>=q>PQ|@nM#7&oNu\\n1v}z\Z^ku`G[c_3_z^]V3:;c?M?_<`jtPMK b-2U\\*E\"uaje-?y/&Rva)hZ\rc0,cm@sBIeD=>v\':\\:A4V[>	j&h3_WpqU.@2H@Cg\"50V!v6(w\n)E\0pUhY^*PVDk0:J3~@>sKt\rtohTh:B4ufFs],3-.#q@XvuM\rK\"e@=b\'d2*%	Xo~M5^W1{FzMn\\efti8- U\ZNpGSrb:KRjrF-qiF\r4nB:my\0l/*k#r{e@~~q96//peKlp\0\Z(S3wx>Y@cjnPsY,x8?h;_[nd4\nF\Zk\0oTZw\Z/Wg^lzioo,;/#?\0?o/[kwe7fKFN	W\nZ@g\\wLX@\0Z373.KuQE|v|13.v	hNA>W)MQ=W@@sB\Z/\Z4a\0\Z:s9hI$\ZuUh{h\rmW!mY,<lKa~m,.x\"?dLi.]Y::c}	jP\"f5Etj5%\rZ.E(~}$BIh&H\n\Z_4\"t63dwF)yn#4#.NSUG3h|dK\r)(pYcKgjMC90$_@8Q$*RMj-2Wb\0[R,eoRG\n\'\np; Xm@B8iXCkVOX?y`DceGR//8QTT}=X>b[\0\0\0IDAT/>EaOo:u*_YxqiG\0zc[aYb{utVGmV;[t\n5i57|{5}c>X#-_55Hh>fx;?k;\r:;sw/9_O__Y{03^Yt\"sp;J,T:!\"	-lg\Zf(yp(=;:ezl\r9xg@%0/\ril4(ldG6n#I(]t6dWi}i\0fBZIhqiUCDB.dGgy1,\06##4\ZA@Cg$]sLY;V6nI:\0Q\rQh8[n\\ji\Z0fX3y\\+\0$ftYF3ci9hq,~nO_bU9;OE	C*7$yxUphZ\'Y?}</@.i(k(|4T4\n\0}rWZs_.:ts0y\\/D6)kd\nwlc]caY\Z Q8SgT7t:pyx7B./G[fhm|?od3w_[w7%\0wV|}|i^?_Zykx(OcCCiOm\"PXFKuZ!JA@#\0Chs$A@gtFutvYVAM4|^*&F\"e_sBjkp\0ZjW%hD	01:Jz%@mfU`2Cgbtvk&L]PD\07gGzZM,=0\rtM4ihq:u;sh/\n4_fe-	h	hiIIE4|QxG~8S.O4yc7R#.O1E	X7eh:+KZl\'\0]1:WSOUdpVX~BGEE\'JO,,]n*AVKZ*\Z\"e\n7Zj}+h9(/Ovh~6\"[kMh$Wc7MGPbOlKsxnM\rKCG+O\Z^|\"r@`:qCb7YsD;\\g\r\ryE4gfLBg|>s}Bk_^7?>7w?]2Wy/<<\Z{2!*]`5&jTP[X}\0?C9\rtR\"N]@EAgOatg!|/Z3->ST|\"V\n1+g>:(QnuP\0)N0k:Crz;C,hX;!3<F+:x#747Z:GiKHtjh4J 3ReF/u9hft^]\0M6$,1.$z\04:6U	<}d]@Y8/sWr:sh#s9fdNFah$_lY}{z_>]8hJzk}l}v\"T>K-W.7\\@iAbt@Fool_|W4:`_\'q7hVDqST~=_^]m[T>i&4 C^,&O?FxxM@u3~s_;?w\rW{W\0~_tsFw\006fK4<_\r4nxE4SbchTBT/pvO<riVJLPL@\\[EE=tNiUB}ta,[BV$,>=U,.g]4 +B6\ZA1$GyK&Q\n:QhoN@y6v__:ExxiJt..0c|w}\r[\n4HRFX5yA9e.htrb^>s#gJci4E4rix=hN,{d*hJ_3WP;CgA,g\Z.&Ed41M@=f{W8s*_]@M:3jg:*\rh7{P@{$G<9@9<\ZC4<X$ACSo\\wN\0\n?;?ydIP^1.^/_y9qtCBY)Z44&!+*hQ>J:S[TA+\0mT#NM6QA}h|E@c@\ZC*!LgK|\rR2MfNZ<94\'Ur\0*h9U!;FGM=hN\\6hVh\'{<x*qqYr8jq 1^VDiN4b+ZQD9]MIn/Nkq m	\0qh.\r&QDVF6Q\\OC_G<!8\0ts%+][TAif4FR?4Y\Z\Zqc\rR3\Z/nh Aa5?\":4[xG@?\\@|Q\0:\rv&@<+n1(r0I=hsfxuod{s?|w:P\nGn\0U@g}D3Mw;Y;8iY$]F:(\rOn|)%PinP\0M	X@4EtvZ;k,@mZLbiY\ZU-VLY9AcYUF=z8jgy\nZ12?Tj@4RP3Q+O3rHIEJz=!T`or\0Y~:CgACg,l*c<^0Z\0U?iH<.p}MC$Hd:PW$J\'7&BuQ?j)o\rKOKS\r]TASZc\0M:_m}i[wM]}h3]=p_^\\_]XK;wp_\nwo^/p\"soSf/||93)I/!1G}jm1t}?C>?7?|7k_[fkWKR}Oo?KoXR,JF\Z21Syg~TE	hQ*AW%~	AA4:N_hs8\rh)_N(A3JS/|>`\0\0\0IDAThMP1F,.<\0.A4P8dTq.yFzHjvf M:}&qCSh@F)+yL@CTYtHVmzh@S,,24;QbA/-&^;\ZR]?@vZ8OHHIMx!\0\ZR9h!-d}r|$WF+Md:SW37P;h:#/nymlO>:;`ykcnol2od_cFx..omweFVh/\nc\"4Eu,t@u#(<Hg.~5f\Zy!?oC/\\mU\0z /Tt^\n:/\0<$VCAz*Y\0V#e!5t.I^h}.rk-5N)Xm*Z\";th\rrl`	TAgqlY\'*hB4\rFDiiMt*Z\rtle^;&o4~$_+$?iA-*Cr\"<	*;/u)FX[olAtQg@\"Q7{B~\'F{(oi>QGhb<RAMS*\"l\'!4f*.X!.F&Q2fng:Ixm\\KZgv_CS41\rs6\\k<|y	tSBwK\r/5\"wze8F>1\n~17~{4aLy=6Ut^\\myWvuuk?IFlT\"\r;V>vXl7iz YF?zvi?\nw?^|<{c@k?{?/K|{cW;+\Z*VFKAoYaR>,c3RS<eB	6#%dV$X)	\0Z\"._\n>1mMq2]\n$rhZhirlRli[{P:]\0P:y:USTA,I5a\0c%hRaW<h*i8](.]|$wf,9n.i@*(]@g|m3ac1_=>BfxI<>ZvJ}P:T >5W\ZAwag3gjw^Aunyk,BjF>\\Q2s?\\cQn7:_+ok=@KumD*+(uqj|+WM@#?:#5@oq\"z{eoewF`evn?>/^@(C/+uM\0zp8+H\nGNiGahZta&sc.SinlQG}\ntcKTS6~S;/4=Ng\n@R9f\'\0n+B<rE*PFf.;W0lH(47D\0:W4t.KgQ>$CBqd4Q\"[L\'(us\ry>L8*M6*<@\"(~@_M>#xq2-\Z|0\Zu19:#-z%HetC~4*h\0-7cc&n@3;/@5Wm,k(\\KAku>v<;Yf.>Z6.\0{d_;O55/\0\nQD&iJZ-BxB:Tcklsy1<ZD>]=|3	9{7o/os\\W^9{agjWJ+C%\0Yd?h\01+@!\0o39~T\rdg>^~DMU<F479pM8Leo@$\'%i@d39jSg%z>>h%?\0BU:s/B?LQN!(sMzS6h/t@k$@#hq=oHS@S$::IgZt^qt&\\\n\0E	C4b;)t[ME4.W$&\nhaL_4*.477h0\Zu;M=udOz:t?1xeFpW3QD#Fwws~}oo__gxIK(QG\'|{F\0M52,|+#]}<}jC-O\'8vW%LWtVTGJm	(V\nNQ9	fKjcGK8XgWG@K\r\rhr\\\0mITpf;/}YhMW/>hAi:9L_K<ltIS\\|Q2&3zMB:Ut&4TxJ-)5kF{aA,u9|jQByi]RQ8qithT|fbqJGe.\r6t>4GW6\r^]O\"\ZLE4E.\"ZIQ^A\'hd4:V?\\B#@4#P[F[#W](FUr4RJ76\\h)V~vOk--kyg3?pO?z~@6] }4Gm:\n++\ZWQ~wI\Z\\vp?Dh/\'?z9\ZO|&lR~;[KM\r]T[f_\'l6>[y:__~ozx{_pZ#L[*Y$X7(F-Y\"\"<aZ9@4ovZ6m$(e6Ht-{brl!rhyNZ,}i\0h}b]cdfR@6@\0-m#1)h^R1\r,. _.tZTqM\">:;tU{vTA{M\\jq\n\'>S Atl]I\"0$TVkqa4o~ME\nO\r5cK	dMF}tcr@W	/_\Zn /4N]#-UZ\nWRQFoT&6rwswkj7]i-q\ZYrWuk\ro6=pcg>^`}Dl}n q@@s\0/spiU9[\0\0\0IDAT:YtLfRL\r2Z\0jq\0hQA?jLFJ{w<3+ew]w|~|5XuS]8][c^?Jhjq>o~}fC<L4o9(It~(i@8ZFO\ryahjw]FJ\ZbGa\Z5\Z:MKE0*l\nRQg*4Yw%^5fGz\Z&MaCR]|FT) AcWqu]Iq%Qu<.O\rp.YLUHRK`4+v>~-laI- M]BIYARZ\Zm(.8Xo\n\ZNN$\rhTy-\0MFwtJy=u;=*ld@M<P-|at6bat([;UEu6WhEnn}X72F~9\rjus/m5fww/^/|m|\no~~jg9y1D=|@oL!0q\n=`pu+CGm=z=xoG\Z>[U<wJ55`~W[l`?|ywF_~k^sZCJ]lmXY^wQ1	S&%A_sGO-3\r>;w i%@E@^N+M\Z(	i@;~4uxR%E	4[TOY-:iJj3Ve0	h)\'RU\0-xVim@@GF/4MsE6s\0lSfds2tDzhn^O\n4d4]w\n4;5g?|fUw9\Zhx\0:5t]W{qL=hvV+Ct!\0-*h-?,Ff{2)WT\0hdF\rL[ft^fLl.?TFV\"k^yBu	~ZW~wk]\rw{^l{{am;|m[]Bri7l_-\"P/7\'XR@:z}H@#O)c0:oCg,j:!y-;)pG>]\Zy6,tszeJgt7vxp@w$C\ra\'~8@W=h<h:*h3	h),gM8Nqf7*xyTA;Mtzi@TD)M0oZINWH	3cS84\nMpC6U#P\".:\rEiYQ1{x\"5b\Zt>=[pdzT1AufX	G6xh.+fR4tqcdJ&[y](e ?RBjkH[2hMxr#y5;}\r{N4!ehH-8Pw|>9Wbz\"9{|nctw&Dh0S<[QtXYrbC)rr{=\rw[{pnB^oyp@_8hxHH\ZderjYbz}q>_#<cOWG>]bY{1h{eFO?^x{n|Sld-+a]3wzZ^8xC;#oL~lk=o67OT&c5ao5ZUy4YLG\Z/R}3A4vav:F:\"nx\\-fs\r:}^@\Z9lA0UcL4?n]tjI&QPq,]QSZSj9JeFN\"5:Co1Gv=,*MIa$i9\"@#i:(D3\ngT5\'hMcB.A&^]8rbc{kg0R4W0W!hz`e\"q-14/DPH-rh!Gu\rYg!Z+]%Y@1/tg\'$J#Ya!,)\Z@,W\'&}Cp9@mj2+ku\ZEJQRT(\Zza9\"xp5L*Vk(>l*VBf[_\\^i@yqKm674@`tFYMB76`1JOV+0[Y>\\yug\0?\ZY6mn%jK.5U^iQjg3-;et^i(CxK~:IaV\nVO7v5v\'\rrrOSO)H47X\'pDjV\n4dn;Mr}^iH.>	N\rHx@Y\'Fme;\ZIuVAg5a5&DkQj62dyCOH\r\rwvMMuY*-^jg)nGvfg)U@t3Sc@MB()S\Z\'~L:unES8:,@^*1&O\rBu>4WHm-	8TD7Rh1]n(ic@\"@Z:Q8>e!\rrSR8_Ozv=q\r]nKI](P(\nXPd4Z9MY?`7:,.56K{g\n1X\'_][o|yuKg8?/H4\0FXo73\\_n|=NF(}C(>^B>]bVG>^pc{\ZV2KQTTd~s2/]([(hiAA3nV7-7WLV%J\\qW[TJ-+\r\rhVI1TFC&SEZhf$$:w043:W\"/Q\0O\0]ME4>C~2ypN_qmhbr4^nMj^4hF	i;UnpiQ5slfbFG 0-B1QZ,b\'ZsC?@\Z\\h2:?>h(t	h\n&CZ7M%M:s<k1Ig.h\'R\n]f\Ze!;*?\n9H{HxsM4	hdqR#7\0qe7	tC~&7V]v\n\nTjq0*wN\0BT*JI\"_F&b@^`:OqJ2Q.f>`\ZF\Z&@@Fs<Mm#C\Z\nCO<Zby8|{+cwzk`qQ\0F_o3.V\"z\nBC)+GK<\04W\0s:4,\\lK\0\0\0IDATIaFZ!\ntcGZ9@.c!>mm{/caFHZ[ohY@|i5f(EFPD5)*<6|K\nL%NcUoV\'L\\V\Zddc42\ZMUAh68v+3!MVTLUdj\n,\r4[`bY4SpOkT!n4d~{e-:Ig92?..G[L\".@7$#NOy1?.Ru1@i|b=l_3H@F|b1<8B6\0=rtyL\r%]\ZRC.qy1.K1t!\0z6KyjIF5^yyX)sw\"lRyWcMU4\0[mOhv`\nTHyn!OF?Xe;#cKM`5[5FUI]o6;G?R*/o,E?fdm*i,l(Nv`uUz>\r-A Dm&\rsZlZ:)waPCrHA[Z4K\'\ZVhi-fA2V4a78]&5RdHW@$y@@-e6S\nyM@S:\rMp=S(e9\\gc:rbl^)qE.Ii	h2>\r8a{UTlV;:\r!knP9\rhf>+:a4?:NkC~B\Z3-4\r8YZUG0u\0zGVW5}N@_9	aNGr]b\r4r\04*ZmV*Fqq-S(ZnibF\\s:s2RyWUK0g?@3u9\\`:v00`4FS(wh\\I@g	GilE|uXw~?ghaa:/<qof|GtAo{3^[o3\'Jsy\n=T\0pUvO]sh)1-Z4CZ`p4sDJEk4=#uIk>ZFn_4s-SE=hS)	hmP[tJ:KPgJ\\h}V!{d4m8\nm)r6p{\0BVttN\"]h5	!>zX`]r\nZv\"HB\"kF*r	Y45:Wh-GIG&1:8*L7t/*h:DY*,.ls+;zvj*n5\rOxg(np8[m&ut&~/@W)\rv]vEo7Zu}8^iazAK`;]o<|rp4*h\'O3!|o}G}^ G|~ds!=]:?X|4b0OYZ3Z9UQoWtyDUL]	k.[hU!3-e249\nhJeH=*$oA-9/dEr~4Ui8\n\\^84MLZMg:9lX W\n%6M:Zg@qs2`\Z@F|]Jf{8e;	tk>Ti3*XmP\rTY	h&[\0\ruG@J4nP$DP[tNJH\\\\4g\0\rF|*l9QhvW2N9ry,|*HS.^x\"\'-r\Z\rjqf4>XZ&%Q\"\Zbb\Z7b\nh*\n\0]vW]Hu|aOOaxt9@a+>=[B%Atf@mvmCfZu\rZUFM:KQR4)6{L^R2~n,d\n5=s,\0\Zj?&_:M|nN\0Mu@6B@(lHsF@97@fs\\ETib$>RCbl}|c9t>	Ls)t&jC5PE/\0}|R:k@\0FFOO\"W4@EM@\rJY0yPVS0\r\r;r_-{rO	h|]\"V{>C8h\0mqZ3g13C(lKv)SaP(L\n%V\r5;.phSQ5\'#\'Gd+y6A.{\Z2i\"\Z6	h2Z\0])4^!>e6*Nk\0loD)ViMy\ZCN_2;MnhhZ4^.CgX!\Z{#DD3vR!Wg~hlvrG}M+RVGJ}lEh?Q$#aGF!{atXUg,v]fZbiU)h3E5LJFc\Zr~czo+-,}5YF<=+8E\ZLm/fXR@<b=\Z}1pu(aCtfcTwVGoWT%&rgjp/OD22wzntnCtfv5VWl4Qe\rHjT@Cg\0mOx]An	A4-}9L6KUb2iE6Ikj5^fU!fblF69=;{FjXF4*hfSvk~}(d>V{mY.ad-\ZY(@3)9\0!P*|)#v@EsagZ4AC\"`:`PaA*f6M!d:?h ._]GAvy]R\'hksvAX9h8X=!n)lh;P_a@Y*cGd2lgCT.P:^\r:xmt97=)^mfkv{Hg\nM\04hF\r0[BiYBQd4TMX1]&e!RCdM@Z(mJE)}4Q9h._wo(	G0\ZW\0M1/*VPM_lN#_& 5O!h~kyX\0V.-fi(m*?TK\0\Z!mED@\'Q=q#FhaSF;aLy;iA\ZfNDMn-\0YD!\"NbSXOBgYoi#$oe:bDX3Lf.QFP;G(B&YMP\r0vurBfUJJfYD\0VC\Zww+2k=W!\ZflgD*gNi%<0\ZiatQJ\rrr\Z	rm2;YLF\rBdx\rZ[c\0\0\0IDAT,\",Nu6t\njr2+\n:jz\Z7z+TAaX\"\ZLtC==S\\ZRZVJnV&64 {UR:\'q~ujYjd\Z4+5\n\\{C6>~)Z[+^|m\\c7.HLl	G}0![@3uLP\'Ira\0y}i[W,j<X&l.pU}%-<HzSGPHX]VA<<tN%|w}hz\'h9TM/JP#;mE6k<bA(4ItZky\0er\r|6\"-?nb	>ufYNc[og@Sh3e+\ZEZIR&MFQAQ\n@\rRCPv*zefFZ.4NbE:g)neV@4\'F,9U@YCgEM\0-{zCo,Y\' )@*\\&i[9	4M#ZRl&(A\n\0W=	h$e3\\wv[VSz}rpddb{k5W*.6U$XJcEanQx0WbJl6y!QTtdCv\'OQ:	hZ3$o94F,8^DA4t\\OYG\0k7gz6/LVy5\0|F\'J=3/?h>w4ohi$[`9T?EsIa%gD:PMtdN7HY\rQ#&qR#V/4[Qz_d:_3C!jd yA]\r^k!hnRaQU!3^V\'*h<*t\0YUQ+{H@O*kTHZa PhYlY6, O\n>{GZ\rM21B\nd49\rhb;16ZVDF:0\nSZFBtUt4h.Egq\">Gs\"4ZSQ|v1M\"X~;%\r45W\\tv-oS^opfGmU>SrW-n4WjVsWo_>?Q]j.3^x3I4:>K1X\"S:3S\'K\n~AW__j-Iv9@f\n>LTc#4:0fC<N4Ha\'\nD;`j\Z9YqYj-Z+Di\r9:Ribbl5HJgUH@@[-J\ZsQ8iG*NG=C[\n#m\\gJeM9as)O:C\rC,jg3\":\rha44r\nBjEZt4}D2=*]4(\0A\Zy38rFjsYGl)~\\GShz0XrD3R>=:.u;\04E!OO14)t\'wZJ\0zMZ*vmwZ\0g\Z|{N3wG;dO~:Dn=N&+>@Ybf[Wv	hLg4\"#Zl?\\;]@\n\Z:S\rO]-u[a5>\\;\rhD@{{4E*ZT\0\ZF\rO}\"UE@gZg\rE#gU3QmjWP>\\HU,#KC9c@s\r\0:jHXh\\sz t[r\"zu@M*-MrLc*Ievx5K~F\nf\nVnGa\'Ul54k+\\V\0\\>C,hrQ0m.\Zl@pnB.ky%~B4=> Fht@S%=};0&EV tS~|L)FY]USx|K[-+4xwG&g,}0xi$	VJE.<O 	Zqg:YvgnO?bC94t&OV@3GCaTwfOthluEuF4=!hqCKF\'~JgM-7\ZXM,Mc=l~T62)*la~UiGNL_{qq~k6oRX6H{+lqn|>C4jG\\V//v#\0\ZEta\"o/trZi@.&qm<kNM)|s(CZ%V>la4U!3M:6t9-+=*\n?jTA\n@78Q\"\Z:A\0&i3}(m)(-Ry31]J4|Te-M_ZX:+A3,`Fn5A\"\0}\\!;p\nUX?hv/7k3G`L+%G#p\'3IZA3o4-MRhtxeP\0\0!L/05semab@On@*X|r\0\ZE\0\'\0:a\rvJZ:+N{HHgX>MwQl{4V:\'N.(iqCg-\"f9d@\r{)\\B:u9Ne$9T}2\'W%3~f\r	hV67&\"\06VDMASaCA@llJGk.I;*\n9(\rr\rUDTgrl?\0\nD^t\Z!B	yu>lR\n5dL2UY*Vqev\Z`)BmUDLi	>dz+:[\Z\nWpc^_.b\'TI\'pc{{kMPQD7}E]Ci-9nv#p\Zr]F$s5{T)`&d8;bGz_f_VN@@Nf55,Rdh`.6mbS.West5aR?\0FL<]z1|:pe*GK#(W[>#7IGP,v_c97>+?z=xk(Ig!/ptE!L;s={]CnNnZi^lL]l})\nZ^Dul[\nJf[KfZ\'Fkz9@EoMz:Kkq9U^i;Dj!Bj:EfQfb,>4x(5^)casDi!a;(\0\0\0\0IDATb~:6Tn-3;<|TQ>SKEDqZh(bpYC4KujvmS0Pa7n}<d+sUA3R_RwM~sYT.Ghvj2=1;jQQ{h,%sh2keD&w\\g|h\n-!#!@;41y@3S@).gM)*NsY\\\"\r!0\Z/Xpzh\0SYSY:(3y\0,,Y0D&V>f3@m\n\nj\\)WH?Hfo\r;Akuyono=LgV>wI:wAbfM>BSW:FC{#gz`R2E\nIC\Z:6$tFo\ZEu\0M:#Bgjq2;QA}^4G3o2WGvk\Z4h<hytk28c~PI\0h	[,\0DIQqh&SN<\rQ{Mm(L@F4jlrb6ntKT>6\Z%^K@-%l\ZDA ujcNdUS{O72QptZ;w2muh\"D,\Z7;A4B.S5-hZjIS6M\Z:h]3t&@+h1Y6vt+^S\0\r\0t}$TA S|M+W&\\E;j\\(&]?6ntfDVVq|\0;$`c\'Yjb\\gln\ZEY8L(>7[\ry5Ve.>PrfGt7Bov3tkG8tbW>Y4Sf4doWO6FQ;S==_<o[k|Nt,}h@&0.yfQgWe:jqn}&_(ED,03t<A]ST\'FXBN\\NsF\n_<`}q< hQ%%V RCsRJ4E/UTLD V6Uo.\"}\\12c@CgvY@3=9-Fh7HkwM-C-Z4WU@F9WzF\'p[e@)IP\ryIg@<PW$rh|XgyB\ZTGFb4EHjf4MRR[):n+6Mv1?FoUT\";,RUZvZ`4]w+U_n*ex4\0kvUJw}ws=\0\Z`u8fL4)N4:q0<=;<6N#xI{(}~kq>|woyr+\'\n\nF]7-*hB\"i1zZg\0Hy1B@}f6YU\0Zoq;q;l<QZ*)d1[Y}@hB :@6\n\0y>SkL:}QkP$z$paQ8R;]BQa\0Z-\'~C6g9dX,!@|pQ>\Z)c@\\4;o8jcls}Eh+k\"\Z(ErarqAQ8C0<V=Wr}FI@rZ\0N{nkvsr>w6]nU7+b;W*wTtZ{%SV\\okn_D[3]oW_	vDf^>~qv|v?0c:~:Bpe,-3[1}/j@uNzP4*R;b6e1\':vDHldHhI-y-@tvnl\"hs;#\0m=:3_}A_nXRdhYgqvNT_lt[Lt%;&\"-a0>E7(jI0g{_\"4k|ge.\Za\\`\'ZQs\Z-ZtZ\rE(0Q9d4P-Z4&U}WHkU|FE		)*tF@VBgg[Z@7=ryN&dmh,`xa4Up{q\"@K3HLzl0:je^)74M;	htu`wmd/o{V\\\Z@K	eh6l7mMlW%`v93lua}\"HbC1Z\0}\n@oLaM,v\'h\"-a]%&	3h~|v_>@#T;s?XBhFS7? tf7lo7tF-\r\0Wo^<T1]{@4hhONN7\0\\g9DsN:!D0~VQ8h:4Y@\'{h#$=|X4-pY&!mWLQDky:4tT60:R%FWtEV~dsX:\ZJZ,-}\0GgxS\n\Zn%>@3Y>hClT@e\'N1r}q6th)^#+\0M\'RM9yxr\n]U/<\\\Zi(V%!|E4D\'KFckD-LM:35W.K_y_Zo9t^OnwhnMk9(]ftV57*[#OBX_l*A5Fg\Z|kt^6\';SE})BjZ-h^83GlK\r\Zs!9l=V8KR7W_1\"\n4\\^hBp#5*ogFSZ<$zK1l9DZT@UN=$TELS)ZEhX@3#Yb!6qTi5jDe9#Yk\Z|h6,i	u\ZEC8\"fP\Z\"Z#,sG]aGa>c\nrYoS+7(I!7Nt,/#M-H:dTK,`ksXhUqhnTAC*n\r@#=lk5k>	hanLh\0]WD(@9\'l\'=m-OyhU99\Z\nS}^}Wn{^}]=Ui@5:{myd$$#B9hql9coru{_]A`gylhW^{<@V:87#!{\'*2VgM7/;?PF@3N[>5z%h hNf4]G%YiXn+[J[Jj\0UW\'G:W`k(hf\n\ZA\03K4h:\r4f>rAX43zGACzM7tN291\n:sxM\0\0\0IDATRyI)y!\"t4:azT*~fH5Z2|t46upMB0H)	k\"Rhtz\"5ZAC\Z:28Z`wbi7ha\rhI \0)S7CXA\'@@,IA1|vnIzk\nlz8OWS<qQZm3{6O\'v1AL	;&hea{#8m,H\n)pt;%%H/f *lYud4#8c	QcSzF{OtN7+Ct\0KHo1CB,\0C%f`0/m 7?\'/;y +<6~$8g:K8g>Qh-sWf[;J	:.tV_}`C=/6@~gq lro8z-/4#/n|RW=H ?p\\s	2\ZX]r@fv@7.=xmc\'kgr4xAG/AG~4s25%RV*WPASH#D\n![\Zr0N8s+h+W\"a4HW T\0eb\ng>CXl\n[s09\Z\0t4<# edPL	\nKu^48BX9g;a<$Q\rR5gjgS#xo!j})\nEADk#I}(DmvqpM.bM3sr$DAxWMoTW4F}Njl9;O4Pi.w2Md$GcZ	\rX eha8Y9M-C;;b hG\'uTLDA(C#Ot(s,W\n~fbGWT2+pXG\n\"b;rhxy	;^<Zte]5 hA h\nw4h.vmv^n+56hrr7&zRrsm>h<IFS?E\0s\nbt\niX(M&hn44CUYGD3hxX5\nQA2x\08+T{\rO]a[K\0LAF\Z%FRc%hbgD1H*aPR>RFP@08^fqjS3()I\0s+:4Y\Z\n{PKMW(hS}FAeVL]w5Gw4SNAA\'.rYMlV!Do`o(Fpx3^X}o?ySGfNzN,:TU{*\\`Mi.VXJHk.TTup\Z*Xeh2<\'<3\rys-K:+/vU) h&?Ac\ZA6}/IA&o/_$X_pY}O>=MA\0:<gU69;CG8Gz</MW&V+Q:-2\ncD\0$(ifmp:s4$X-G\Z)7HG3sYl,9uvM+k4MHlpL<\n:s(Y^)1*7/zL(142J^]wPA$Afm;C~\'	6A;2bhWV6rMA[}h+h\nJ6g4\'|[:35#V|h*hn\Z)JMAYi\rKVOg\nzeoud}U^tY&z\r,ewmN67fM4dOlStc>0/Hk]G2xK\rA	P:6\"cg\0,XKZUv,wW-vV\\yy;Ww\'WzAM.:\ZoTil:\Zu4.&vA$h[T hC7~W;\nA!Zpv&y#xVG6a	\Z(eD%PJvo	Z!,aAL-|\"h-1 {bH;(A=WUdS|7#P%AKHn=i\\Ag\Z8MFr$6)\rv2 DG&!r3g4h\0.\')1\'*DZy}C:CuDuzuG.-N-;3MN\0gO;^zKUCU\0\rf\\A3.hSlKftKLkl[ebr\\;+k6j.t^`#X@b+h2?[@.l.tg\"WT.Z3f=j__n~w;o^GF;I;:9H`UAP_\04M\'rvAZS@NCLFW^!~%7VA`g^I~;uMAIwt4DPS\\do(;ou4[IA#($<|n?y\\\nAC| <{I\"B!\Z1?\n~UZN C9\"H/i`feA\0.  -F?,7M|*GJ\"|!23\Z$IE0a\Z^p#0hFzQK~w4u3Z\n3.@~}B+hn%\Z`t8fudO{#Xf\n[3\0}5E6F/.^9;A\02=tafheDW]C.W}yu!<;?^8pfOBGR`ior`eQ[;P`yo%<.4^:T`E!D3l!pqvM\'kQ;/._$E\";cecV7u`g`GK_y[}6:},3:RASG@cQ]F*V!DF4`l`Ux+heFRZW(,fQ<dgR`\rIbt&BZ{dPDP0)5z7Ox3G)>;aeA\'0tt\'2$f>n3B|bj0|p}\'h-KE\0J6I\"$gtP?t,d7BHCI	:EM\0(5#fg54`!%\nenBxfxHGqBG-B75Vx){o(\ZQ\0^c44{On[:vqq	A3!.92{dOKh70\\qu\\#\'[Z\nvw-\\:U~N#uG\02,//l|@8\\\\W\Z\0\Z]%i#Ypn3z_gv`M7wW/W-Y[\\}aPCu_n/>O{+?xf3Z<L;\nxm*ss)\"0{\0\0\0IDAT,{\nll++hkb~z,V$?4n7&hZF\"k\0w0,m&q3R`}.hT&\")x0\"\0	yM(\'L_GZnFirYv(g`o&W,O&QZI*	DQDNU0(iVuSM/~wxeb4xlr\nA\0i8E&\nx3e\0?\\S2AA\r`\"kB=	!Y\rO4Yi81G\r,M4Ekz-F7O_>s\n4WsSG@KGcGzj2+3F=G+I=)I;l+i+;uKi~5z[^o{uf%/6\0?Xh;TW/SGnhf=\rltU6(\n!G/{RV8\rv^h~cf;y\ro}zquVsWe\'skK4gtoi}XM:AA+h(<)jX\nHf\\HI\0<\r8\nz!F\'i\ZF8\"=`^k(;oW\0\rvGE<p,dr1-<iGK0S\'E| U#Ht9YE&r!`\n2A	!k~EUx7p&zIxgAo-Cc%z>!htf6Cv+F{CN83e*3J?Sp?~Lyf*PIUL{c)xIH&	rqBRGi:):MkI19Z&]XXX%-#Gg#g&I&!zjpmv#{*fTxGsO4>Z\rb:DmXcmes+Twol\0Ph)/uvdkC\0		~T=/s3XB]zI3-%ebG\Z\rW\'{;o=?k>|Go>|\\~qf=^gRlck57h1-0a={5kTRD !wPn-Px1;#\"DW\02,,!V8bPedBn(j@NWKEuF&44\0k5B`~l\';6MVmp`$$$`DH~$\"T*S@|27^K%jP;:*,`r(hT3,Z\Z&G)hxA[\"iH4Yf/BAG`\Z,K*\n\Z7ho$O4h4vv:VJzRTx\'!4#@RAWvLT\n\Z>U\0v&l\r!E ;3YvFA[E#O>7;\rv;\n\Z@A/_9^??3>ZBAAmo*l)n-ZS^;P;`I\0K\rO{_?A/^a\0Gp =wpK\\AcY}0[X[QQsts!QGc_]T:k@qqWk>wA7n+G{+3@]Y.X;g;s\04C\Zt[MVAtjR!	}g+bgq4lkX)\"w*	@M7cUiyV)M/dtv;O[&FQ5S;SAG7Q!Sy(h8W\01\ry0B)A!8C\'B7M\r3Q\ZB()$\\i(i[L4$k6As\\\0[y(M\'ah1|9\r;.c4xfgt7}AA,eG\"s%E;Z^WE+<i1:ckM48SmNNX>;8ytibxq!`<\'3GN9?}tcC*83RA8Y=Vw>rX)rAC44:t[GqyW>A!lKhm2A7S	\\k?]~lxyLS!rhxbiO:L(h$\\w3>={{?O_y\'k/.p3vy=YoKnfsj525A6gk\\;dtR=A;\nz;<>WX\"xH4=_*sn+!ps=B7U<Z)r)362\nNi>,@M!2M8C6!0aPD.gp[b|\rOMy	\0\r?\0vY!-t0	J&hv&h\07AHA3#hIh\n9\Zm\'?A1R;{9\n:Q3\099@\\E\n,\Z5^1eKBsRPZ0|p	 h0xyb\rO\r/Nw\r5(qj\04s*}&=PpvQi)m-]SqOxC1)}l?MH(kx\0,1E\"hz!;?\\w`\r9c<.. ?G\rvi+]C/XG	v8}?k_}.\Zxtwo^}s}yvh\n[r}nd[QrRr\\\Z@5EFX>45<IbgT#%jgt\"%/Q 53`:\n1w?e3B^Z#\0lB)d<\05=Oux j\Z\r\\X@A\\AcN&\n {DJML.\0@L,*C`g-|sFGu\\\0axq*{0Jl:!8s48: G]cdg1Aq hwWl\nu4t|G(h#RIA:p;SLFZ#9hp$Kb5)HH\Zr291:szcS+S!;,2/	\ZX&>r#[>wjo*ow:s&O(h G\r%y_4ri@/o4\"ifC\rvOJuW/3#h`rW]{k	zf^ww]o|{_ypo}k]9]\\p4DlcL\0vAP	 ;q-qiT451P!fM\'\\Y.A)cL\rkBF|J$J+M&R/sE#6oduLM\'h4\nS&yA0\Z:D,\ZA<@5\'.+pt|D@5MB\n!L4tn4a\\c\0\0\0IDAT y0!>\0AQt&Bg4TxbhE;#8Gc\n[$4swbi[@)1;s]e\rv.qvyxptNs$`gqYZ*GLm,;_zu8z}\\PSA3v\r\r	\ZsKVB&h_w-q cs\rk.vqnf\nl5@g]y\0\n7\rJ4@G+|?7y|y\rvG?{~occfpp_YyMfTf-n0J $E4(:Q$Ad52,V6KMg7:Z.\'sp:Z)H\0jd|e^XoWX,D KD4AorIc&!40?L8Mj9wt	BP:A[J4xK,3t#r+Op=!;06;C|@<N[/4&h|q|>2ZI.%@Gv	\njz&!r\rjW\ZCKh,t0QAWzMBe1WzS+<)X(2{\n\\kz%NMu\0Gl5\')VSl4,g\'-M_Y:xx~bpir01+n,mce:NX9qj,iV|6ZQ\'SUTKniy~c=\0,W\0XG^:P^Qy ^mompia@^F5+fL\ry^+p*3}\Zarc_|w}sGn}gu?w]y&[[+UO36B9ok-tZ-y9VaRPqr\n	]\0p\n\Z8	xV	Yf?A(i$@_q	Z%([|>aLws$|CA*n\ZH\"z[y9,W!>Vh|;^iG#dgTI3cA9V)@u(0\n\Zo\\Gd|VLe0e\r#pr,7@ (@DH@l*1p)t\Zrt`DZGA^o\n\Zp*BvA;-JaC\r!\Zav+2Rg#\rl4)flwjb(c\\A<yj?\\}*=H\"\n<=k{0_j\0)#(ht1\0.F:/:l{}m.2_0,v|rxCp>AG]AlQQvF??W7\0|	O1\nowicvhhe%(8*ljWF;P`%.KqTRw_$h3;eD+udF1x&h\n?zEFAX&%\\/K\"D.$0wh\'~Vh*hh\nJ<g\'.tHx\0\"4\n\Z\n5a[_9d%#c1dx)yDe\0x94VKD\ZO;^	HIw]\Z4\n [rt$?Q,`e~8!JpA=:ef)^;fF8%e hOZLm\ZlDn;(hl#Pc*eZv fX24+L)m9ho==zry~rmijuaty$G$u^L,XX9198JWAL=8Ds3Z5Qs.5Ao\'A+An/j5o=(_\ZR7_\r\n856FkE^l+/-X\Z/[o;~GW8\Zr?x>yzZJK\",d:NOuFV76+.;hylgC:\\jM+4&e$D!kaqhDp B5nr}b^4	\Z2.f@J6i?b4.Kn=VJ$TR&j3&pc\r,\Z&bxv%RS2_ WD\0C h>Ov\\Pp#ZTL3gL@5\"g\0U@LvAS)SA#hZN\0\r8q(1|XI^FB@:~AA`!\'h3(uL+\0_o4O`g?A{41;r+8Ug]IQXQeG#(\'>]Y&t\\M^9htIjN`gnY-;zdpq~4$SK\'gN#^:pI&p\nHe&8dP9U9+M)._j/[aXGC(F}.2e)t]\r:ycu9`uS5YhRh*hfK*hk@G^p/;k(|?U*h7xVq9\0AYkYt{\rMyYtNk8,O@M	\ZQ;51};\nz33f_}R&0L,EPGs35kpO)SAC\nzg\ZH(h\n\n,SF#5`jfoHvx_-PYi,nkX3>Abjj\"h(X1+h0T+C9<vN|\0?s40ix\"p #7:<T&\r\rIe#x9\n\0\07HCOFv;Cg7;)A;Z/XG$\Z	\nA\0klEd`vi\0E2fPS3thtt)OGK	6C3\ZkWggTze^WI8##n<=nK!2[0/\'S\rX\0y\\;N\\Z;C8s|i?3\0#pRLFG<\\,\nJrX%qXtm:zm*k.Zh.Zl)^m+;\0S_jJO7:`nqoS-\nFksO`A	!k5C|m+!X+~vAR	]?o~{?w>~G54\ZBn~{lOw~+}R{v93e<Kv#?[/)5yr2+3e.k4:X-`\'Pf#@#h\"\Z+\\5C	?\\.EcH<Q@3\n	LLAuTddg_MYKf@&h!\ZjDi%\0J\0 L04j(2(h_!s=Jje(ElqC@IMBjg-yuZ6& S=L];TvS\0\0\0IDAT#~GIbIj$$HNZ{{ZhDZT\"ZlJA3~f95O4hsJt+	7q?\n\Z\\q6c64g0\'	Fc<Df+\ZlCN=uN,./gQ ~3\Z2M\0;\'GM6zhjX[,R\'0T<R:V\Z)OUeV{1@mo*\\j.BG2Z]|7bz%gAcuyjrNVg=YhhC>4j/CNB	<In87nxv}qG~p~yp{\r ~w>x|4O |kN%32lwMVF.A8}B%hM%v&hn{ga,LvD1A?]wWr\rv~uQRf!CG3WRa4$m2/SPP@z!toPT0v&9=%g=H%BA4gf,\r;GHe#Hylf@A\'#b2=I(q)W\0muA!A9)}8\"5WYtj\0Vjg\Z&t}1\"GR;,i)fe\\#t2~I$[j5%`MNp\0doSHN1%,Nkg.SA;O`|F;	-wLNT<7N:rb>< su@c4\n\0 Ml48z\\QqnO\Zl,#;x]W3c1)cpv>ZAA7}awN8||p{k?xGCv_}7yx~}o\\u7\"A?/:wtNu{,Sn9c)\0B-g:\\n$=&K\\AIq(z|WaEMx(\Zo^77#YXGsv	\ZC\neSF6\n85hTNI	#~0l1;i8P25ej`n{OsN!b3x{o|a@qppkv\n\ZBtp tDp &h)Ci$:IigAfq0_&%*hZ1D!G?E[4M;\n\ZC4\n\Z4u`vtcE,pdm^H6M@J\0#[b8:\0tt?8470sI&hwLhg`3fwbSAQ\'De`yuM4\nL=UR?0R:wuF\0N5U8AO#X`\'vs^^.6.25t?;U3k`gnPABA?+>]}@mf[@Af+(h#k<d^U$DA~9+\'hv2mm8[f@[\\;5iG1bd\\Oq?~lS#hXwL	miLAA[T8$t)\\sEo5)cv<j.f0!;AAA;$,TGDGD`*g`r(5_|8\n\ZhdFtr^2=o!mI\'i(p\09gFZvH9kccqX\Zr499.904?0{^f3yD?v?==\\U]rRBo$c\\@\rTa;\Z/.Y_X[ig\"9RL){`k=:8QqTBfT]<ux<|sn}\"{7~yp|u/n]AA?~?>-E|StRi)qRi-\0\\6o=mfX<netRXH%\nc>O\0D1E>;g,_M/S5SASGbR\n\Z2w\'4\"hqg3v7]i5-VP\'\nD;Cc3hf-BJ?`\r_].8N\Z_5W,h<P?B2g#UDAG#b	R41\0\'DcdFp\n\Z	!A{\Z\0LL^T-V k*t-6bu 2Li	x3)7\'*D#`CA8~Bt|1`\nzq\Z@)\'a(.9z^:<xNAw;\nC6RBoe>Tl.u-s!3HGKp,8Y>dZ>QLM;Ul>@>X6GaY<T`g*{^u]ul-%/=_?=\0A~{v~}\n;wqw.ss,<4@:\\;;4AA)C>7l-cgfq9\'`%i4cmxB7i%)&t1\ZQ(jZ%0v+7o1GA8h&vC|&3hoNeAK8drx/*g1?	xA??r^8:(225L\n? ytwE!4,X%N;qDLlVRL\Z)@L5#)&dgM)pEDb@^V5\ZZ9ic(%3G+q\ZWs\'yRLSj:Hil)#%$\0igbgY7kuF]T>f@Z_86p4wtqym~aGWhv(g=8j&Z\'zF{FglUY^dk#33:Bgw3Pi&0\\B8Z9Q3Z?V[369gg:*Xu[9?Rzx.DUW_\';3k3 &Mc)3mL|&P-`;T]w_}??<w}y/m1\\/wot>2;{w?}z\\\'X5`SX\0V8,ENkV8IID\'$Td<A8\')A[ra\"8No4iqM{Ecr\0:f\n	^6H\n\\8Zffd\\)xk]3	q\n\0KjUBN\Z1AY? i]:B<%OFfAoZ5p r~iaD\Zh&M!XQ2\rN|(hH@,> HNu\rFNSi\"D	]\Z1zX\0v.h\Z\'EO\0\0\0IDAT)\n@\rMFW:p)fqHA9)c3$8b Zg4&UNGD0$<^Zb0\ns9>W9vqpz\nzu44hp4+8zlOMg%+3hgXL}~\\[/>T)\'qzm*Xy&ht|0+33epIsLen@06lQ%K*:.?uO?;(hfA k4\0~\0\Z]\07|x??^Isz\0Wr3)kM1%g[l\\)fAQnGYFF!v9lYtG|\\F\'jB1?\"@A`gfBM5)h @5fQl75;[+hp:\n_lZFApoONosk}EJoSD5shgI%*h8k-p(u0LMF@F_n78nQh0,\0b>Am@H9;yC\r#Hh~H0LIZB;U2ZnV-j4:ZjhF*VV:u^43\Zn}3J\r__Qu\Z{l#.opfM6 rt5lL$[Aoqi^6LNW(St:ibM{;Zg[^Y>pjqB4|\nzm:zy2^2np${n|\0d\0Kc:5wV#I\\I=YlX{G+U$//2H<k71;zr,z;\"_w)H55k]+s{.l+8gx?<o_~t~{~{wn\'Gf=\\};?wr,Ns#R2KzRVrT8\\%Q`[&kV`Ri2-_(\" !#22B /lggDhdZ9ps\Z.hhq	lvf\ZV!%=_vl1urJ|TP=`/x7/\r\0`rL|srq%:z{I	p44osg?As4GSdTH2W2Q@FB\0;SADj?A[50\\P%f\0t\\\r60aYeMTi h*(QI\ruUSgN_][^?(9$:\ZB4!!Cjjv\Z\r,?<9pUno\Z73\0M@do)t9	+@L|\0gwyy<=iG5/):^j8\\8tR_sVtbKSp?>A??vFA=M\rvFAxPeKWww_}bW`h\'$hsZvf(ubBp\'hn(5\"F \"D,JpH&2u4E\n,4yvAmvX	\ZTr\0K%~\05\Z{pOD\0^\'12UA~gUHG/4{ B\rUII{	X|YD<\"H#(`-5hPM)1p4&h4&,egMkgx5(yNf3Y@Ag4WDGQv\"hY,]4EG \')&WjXSmHJHKHIt&2\\z;Y,e&\ru\"+\0\\BU%ct\\ Ds\r^:1JC4,7xf[L4=DiO?8;	u6tT\r6joWcOiO-3|/tZyD|KWv:fPsN8M(2YOT;NN7dmjfv>T\"~R_WNt}xyK6;pno\r	6C4X`>bAW Au=K\'k@hS\ZeL2~B\';i)\\KR<Qib4N)E2P-\n\"[5,dg~fw6l/2/[r7(bqyP;Tx{\ZELU\n\Z36AkMaybACUdZ88Y&In	qy[`*;\"m	5-	g4\"h~pU8D/#eh	h9s\\NK~Wv71;5N	Z4pFkmZEAr\0l%`19S~f@6j*e2XH$8x\0,?RNyhEpi4\rvX>4\098\n<7wb	5S(hdw(|mN;yxuxCvW44(e}L>\\`p$+WL|NrJ*h3myms`5l5]hya^=uevko}4+s?\\}z__}r:fgA_wK>z{/.\\h+mp\'8Q)x\r~a\"6-qxwRBfJ;`g\n,%3LLD%bt:JYn8-I3U]4>cp<I;:\ZM2\\s{C Ff6vAJ`gf9f_RG6d(h>.4APV	)P\0V\nC@DeMf9@%SD&@ehWme<9`ArQThyAX!\rv^x+QM H2	,GMl44!\rvF0AQYQl*KFk ;6\Z2@ZHX!>=>`\r$&n9J?d5F,.eX\Z\"\r~w[^<icvmybeqY@17zqq\0?rV<:Fg?{lc(WO`vo}lAX\0G{O\0 uZ>r`yp|o3\Z\'Um(9T/v ].\"{]yN<|soi:Xn?V>m\Zol[<t`ZoM[#{6zKS/p}?zo_~?_|M	\Z\r7	>>A/>_|kw7x61UDb(SY %iSZ,5dCYnvmIJPjyH\Z!	\"\")BEBv[/>?1AX[|;a~\\A2](\"`g`OlOvb4\Z4#QK1E@44Q#&*m<kC&ws!aszq r\0\0\0IDAT0FI\nb5S;U4q4Ig=]8=\Z`t  %I#P21W\n\r\n*h\n\0;hSHGctiz}zfHI5ob-1zd%}9Zg\")3|LL	\ZP+P\Z.J(*93y6^~a:^=6w\nk\Z_g&9\ZY=~~3AGPsVG?=p`=\0\Z\0AoA41\'^<37fO>s3^~T=]5T4`q\Z8TH  \"[o}6Tfr\' >-;PU|zv1^_}6&A`o7{?~\01>8h+qUZ	\Z	{!D;S:Uf\05+A:U*j:&6iJEVuPB?A]kwdTc!Q*LeB1\nGz9j9|{d~vAs}.=Sj6aqC-4{+9n\rV$ASA0L(\"Kd3K#vV	bkk6fk=lWv6-T0Aj++\nqsGGSt	/\r %_A#`ray;,0\\\Z| N=/G?+\nCE$DDx`+i2qrFn2,-e\0,K*\0lqz $%T !c,v]Mk1GX ch^\nWJ*x eMXG\0TZU4Kfco{-_X>7{\n/gF7N?7?qyayX~~~4.9un#`}Zhh(;\\]x2}uEJ4S{>2{/e{=Ww2HBUQE[ou533=gGRZ:kH\n=}Sf>8zbg#J?{-L}gl}\'wt|G\';m}}&vmk<PQE4V{gB&NY>v~rgw^|f^{}{_~}?|oO~\'?|uw_P\r(M\nk~yw7.}}R\\.#{]>_`RM 5BWK/wNcPPF}ay)ohc$\ZME-xs0Z}l D X,f:FWkpUfD|	\'B4_$(wZ`M)sx@qNB`tPM3IP\\w|GZu+XiA>BXBpQ+\'OHj(tZ	,B\Z!\r2	?H.4Je>{!QeDUL\'*JAT5%@_]t95GtJ^CATIvA:1=IG$J[ZAQ*I ag\"h{{,-Jh2a(M	\Z;eaW:I-mI^B8V8aw\"h(;ZCh~GV1.*\"S]$-BB~b3MRRfRd8Qg9w3 h\0A3~.\Zv~\'=ydcG70}zd@xc?Ov4;H}j.4m=s2U~[20c{~dkg^}tguO{Nxoz|d?W\rBk\Z\"kb[Rpc\r1]w=rGoz\n7^{K/wGk-\"\rA[D\'W!hrWBS|wY>YK8h8>e\'Sv(M4m5]qrA(VBjU#Y(T{D9Cz[*ZX!J@4YKf.azzDAGb+WAFq\Zjxy\nh+5mdfZ\'];j13UrkDF9\\#-*z9	J\"X\Z!K\'\0FAON):Be!9Cf-$>+\nIeuZO*vYi5\rH2jgF3IDQSN9]nTAS\0[PHqTR\nzrohAZ19n,TEcuxmNv?0;d%74W\Z|B/r;8#_l\0@1Nz\nRNV-W+ULjy=\';tG~=~nd-OnXh^6Sz[XTkBF)ej*qTfmZ.pr\ZYBvNw5:E9W[_lzm#^;{7^8+g/r+<{tuzwMh1:=GtdO#^<kg8W_^w/_~u$W[_~\\L Wn^on}Odo%Qxr(w\ZdBfm4q/Xnho0w,rBD#	5T\nTKQTqXW$hrnHS|*2.^G\nG[og9vfA%eiA;Mrg%4At!v$Z7bUHSt12\rjyOw\rENY\r\0w,x(I3Xa],hXLMaagqE)i_:3	4\Z0z@.NI|Cm#$D$ASV	j!PK\"h\"IqXCmv hMHYJ92\'ZbO4FLb\0\nrJ\rG|3~G?u#34R\'<}tw ,_=el`moDCjzTJH ky,!&A)\'lmnKR!	Yt\n5CpPd8eralF:j,B\rR\09vM/GrOw.<O|/go>zNvz^8k__/^w]P/WNp/ko>?LU\\,Fqv.4q4#?7>E\"/}X,htGW!noA3 B%MuM:R7P44\0!\ZRe\0hPOH>RNgltjT&J/E	ft!8Ci[ArJ/T9[m+%,OGe1i\r;<$krwoVK\r2(Mx%@jh5@M?{	}\0\0\0IDAT9LwCN1X/*)B0	\Z\'h]TXA#\"hVi9#hr|.N\ZV)#h3*d1tQi/}vm@	!8\Zb:Dj9L\rH}\\wAMz=af{d:>HY-JDa/_)/YBXCmm<Y1JU+4rd4O?y	{?c{<;]XfjCtUd	GV{\'KAo\\#5\ZYG6>*k*7\'hU\\j2m]-;{^9_;wgO#o;=q_||O;g_/=bKs/|}3^:G~Gu{\\{//Qu_?V443R!n_Fw_qvfL4|7?{g}5YvF h$h\"hoAk*7PZCHo6gW7\"JcM:h?fwso\rj}:h6EHm0\rR.Gj\ZN(\nXlS	x.H%eh@$;[\0%jf#Q}P	\Z4WP\rC`0\rbA,5=`_>}\Z`0\\kLiZ)\"h&23IL}R vW(7*ViAUY%-\\B	m?/2+vjM;ZF#)4#&=X`g\"hA3j^sZc+Tp)t\'LdM4<\ZHZ:rS\"D{\'9A>wt=Ml\\6I6n).w8ctV3\nv;i4!uz4Rs\\mF:@*/i67&dtoOgk:pohlwKGthr-p}?G!<wg_8yjM:v?w\'/[<g^b;o/}s\r,87*h {v44eeAV8)q\r~+?0]\\5]j?mQByA\ZRK4\rGm)\"P-UNsD31~PlTX$\rg=:EPc8\Z-T!6<4;3v&.49fXE]8\n7iCbjRzfsaIi[Z8hV\n8\Z>K\'MvbQWy{nZxSvul\Z4ZPY\\J=mja!,7\nR2CMIBYIp//#ZvOPs*\nrJ1Y`$mTMS\'h:khD\nk)uYmuyln`df-\n8:\\=J-,\Z$;p) j^7B\nP-iBL4-}\'~n~8gFRZFN$fSZ*Z#PrJP0@IxsjNt*qVIEL:)\Z&ff<812|rtd:[N<rZ7NM[?;^|}W^+O>utX/u\'.>{h^[O~~^7{o>}?o(A\"PCoo2[T\02cgB\rV3z&5h\Z.,MR 5ngjW9iW&nK	u8;A Q\\:%p!qrDP3;m*=\rm	=iwU!e?G#G#PO]aw/x\".GsO\\v93(];GiNp4urraNZF-Afb}d\n#)W,Ub*vR`Q]9;\ZmJ5\'Ga0P~g:5O4Z#3|W0KS`LyBbj\"hagr>7#hUZTp.E/.+4+4 )bA3G]|rM:Da2Ujk6\"h~L,Iv48\ZW+TDJb9*8N=]G]<Hp8BAL	>Jy=Q7)b041!e\r0l1U5j`}j[t>}[S{.<=>v|xh!\\:iOyrN{So?wgg/O?m^7m]w:Nvz+z.^~W/{ZQ\0A7MQ3#B\rzY~4Le+^\"_\\L1RSJAI>nE hGDAL-YT|\Z=4J:Hv&	Xm#srMQXAkZ~B\Z	-ag2?*hf?$h&wA42%J%rDZzf6IQ\"[&bA^9	T%aQ&4+1)MSq80lNL;d_AK\\Wa/\n\".Q3eg.u2!9Mzs`=A]*e,z)q0mwXejvSIxlgSy\\p|Kt!Ga	!:u3Yf\'pXNk&R.\ZBSkvPRU$5~E%\"y\"/1CHW\0PD(eKCn@|>u`lSK:\\fl2C5n)-ubH0_Y-qi[7AV%\"b.G%pp_qxy2TAs kyC>n1s}=[wu?]??q\'?|/_<5\'7>{z|+vxx\'xwWNy/<.<s?xg_Qw~}ww__>Z}QX._}\\on}+L|&8?%8.M/y\\~3kj:T+;S\\-r>Jy4(\"jBGDx](V/q[lsboTj1\ZA0cV{H8\\	2p~ *MMyl.Z\r\n\Z>RLL69R*zD %	aAyofYG(Oz\'c<M+~PpFGORKM\nHM)wsr!|wvj=9M|[r==-oI\0\0\0IDAT\07JVnldzHvf(_S!+zsO4,CM$4qtAAd8A\ZVKag\"0mgF64#ej1j>*>3taA\n53Ax\ngKO!7NEn<wmKS\r]X{45dsZ7*!I_[S3Jf*x2\rAOGFGs\\-mf=a)\r\rSWwr@,9\ZFtwBZ7}fNx[?ekd68wl<4qx(zdg6.^?wbikg?sw?y;P|}?|r/_oww?7	4}84Qrt\ZcmdE],hj!x|_@\Zw\rGUhM$QGA[IFJz8no\ZR1Ng+B\'\nD|KM`c:7=L,N99vaTu\\2DsUS<@:[M\njmMH*:QgjE:sSMC\rkPLC3-kM:i1q}.>(^bS)7M:{q)R&R~*N9qA.QAWTH++rc6Y/.k-d;8Nexv\rV?0Og\00Lq h+WhRe;(43\";Se2r82K\">eJjc[9s\\.Ij=a!7d-z5Mcj2mokP\"AO\'(cp_L2)B;>Ez-f	pvvx0p\'Sk.|db?Y\r\Z;41rf5\Zgj4lhcO[\Zk{RSDUb:IGH/:;<ck<W[oK/}t\'O]XZO]}o?wnP|v;_w?F@x3S n^zw!]MsCyOO8Q[rfc!-]\0vXpLP3	KVkqDhg	[es%$nE\Z\Z`\0\"T8\ZJXdB	\0KASx7%g1]fW09MJP=])A+5&V!Y.PzE@4X^06u\'zs7-tm_5u~@|W|=2FAy2<UfMbmBa\nSTP&s\ZvU\Z9p,3-hIYM!@,/bjAG:d4+M!dUhYu\0P&vVj|rGtD2jGPl,oA;C#DlrDd9x-:UZpY3~|]cjy>]W\'kmFmN&>}wO7Rs^XNLN,d3HR>ge`pC}=?48Hs.s.xyihc{::X|.e>\"=}{v90\r\'#=!/;J\'sqODP,sZjlqX@`1\0<4Axl3<|dzC{GFvoi:_}g]}\rS\'3W h~\r\n.s]\"hux\'A~geII>qB\"\nKFObh/,\rFE\"d_+lAPHtiO JgPi4R\\$\nVy(*\n+h2w4!]\\ia=U,++M#=&km8]h2^n0oN6\'4Dma.P,x}(HJ54\n#h]@R\0JKK+VUeVs*B\r4bA:&v%SR]RJN3F;Uqx2AqUMLFR02 .Y\"F]dg\rcg\"hf,x\0;s8\n2rx(*B;*mHs^C\\ImkQwkcTER>37u(~|lIb1hz].XvZYoXx:\ZX[Jw[m4^wc\\\rVg2\Z@@JJx`.]sj2y,\'VKD{\\}nga5:/Vghr23|,`\Z{BMU5id5>uM_+?O$y/~}G_\\y h4\\~?{hS\'5C:[|\ZA3	Cr4L#qagjJr4_&A3&v&6Xx\Z^=79f[:B-*$bT,d\n\\+2O4s#-kMF)\']Xs*JcmUt6&kkG\Z6L6oypC{]-jefZ\"a\02:.XI&fM9bE&M0%h\"h)n7*agh2U,1ASg/hj@L&^~ag=3]JM`gA`dU,;(vL\r\r`g6[N,AW\"/3Z2QA\"A\rtAUA|*A\r*5y$BRDhb^P;!p{6q:aj\\nc\r/w-Z]R5\n#G	&XF^6n_lD<JnW>,VW\ryNbCVC~H7\"0a)h:	f|$s/ks#k\ZNW>}u^%4`/K/xFOT7B_\\rv|G!h\0A<y+gF?#h@{`grxTZ``s|\r/jxZ1o0COB4AE$j3h\Z\"b6WIio 	AUH~7\ZJQ$r,xP5aULd(1A/OMW2G/+22hJ~Y-,w5`szvanj}N\0A#Ds;&6\rW8M#YhGPA\ZS2SfJ\0)Ao4 4h;un#-wJ#Is}`a`P5\r4x(/k=\njJ;AAo(vYE?7E+\r)uWRzL	\Z\n~\0\nl1C]YY]F:	c@{mj{Rv!z,E2Ri0hN$vwu!,Cp ACMX:iH\0\0\0IDATdSN=H{]m\0~:Hvf]&7ON\"?4bw3uTT(i48QlP(p`hVv<:Nha?:NN\"N?6G)OhmzMj\ZvXbk}##rbrukoo;#n_yK~{]p\"o}]A;}]m\\qW:+[wg]Z%r(%W7$hZjQ@x!Ila$_Ob\ndzhL`l\'D|*?4m\"5-Qj:Z4t@%\\QXAqmz!,\n|*VL}	F\\_R\\gn#5/te{k:57}a35#fLM\r)CIYC+cwr\\iW<IH?Vr (dmb,+4h]$1A+Fm2F]rKu5Y,TEjj\Zq-3	0saQl)XKDQ!x@B2}$A*M{jSuQOS9b&Fvn(lz!3wvt<>?yG{;\rP324\ZvZad+m#)Fn3kjl\"lvSc#rn.djz6\Z @x:ug1B\":\0j$P`@`&xy\Zw1X-G{<M	h}}6(_In]K;.=2G}~C^cd\Z{U,h9,[vg		hhy?VA$;$hft1h4@Z>%M:AeDV+J99Q[*	\0dO435M%+-]]Y|keJT\rUlGv11hLgcpFxRAq`mFt+\r/UA_lqAU-8r\"KINB~DUD&ZQAD 6rXe[<{L\n\n993nXfb28*YHun0Ddb`PP(jJuD2D:P+x<rGf	,pyYB6*+V*@*ZM!WC25Sd<T|f0v/:;i-eTWg;L.EoP*HEC\0>91qtdd*GFcs4h|W\ZGjL~.A5q||<#>M*G\'X,AJ$\n&xmU~Cn!^EvkhGqo_s, -M;j6#Y?>^3__\n\rASk>AsHZ#[*x38SH<*RcWi&X2Of<2]A>f&S69Czh8eo0	R d$nj3=,ER`BYV5*J!Cb!@Mw^X&u<G@i9G	]\"jxOds|&0u^z=zp~d\Zm]5>mj9h5Rr\',13#bH$WCC\"jJsKW-|E!+[8+\rlJVvEp4:Iv@\"hkIY$jkD:@ahA\nCIC+5a7>e\Zudo*/##*3xs}\r;#Sw[m#>?c ;E`uu.O\r##&3\rAD6okRUf>^+DOUOC5`Vo$:^VJq8RiZi4<PD5]~gj\'aDtyTUso`[\'_ig]#{76C>vvu>ip/Pp%\"~7;yj+bBask,	#	;\Z5ZZt6*\rhDP[hx\ZS.)qP}.|d bg37JGi&RH:)_8&x<niA2T,E},&=xtAS\rN,RX)IwkN}OwSeyPk=\nGo>^Mm!#kzwuf]gz-GCut_\n#^lTI3~B*S(O]J[9ZBR,hJ8oEHv.R()/;z`[i5\07\\TB[r@4]-VpXv44#hr*f98Km)r[P1+b\\<(GsYlihiNyvpWQEtF#HQ%wM[\ZkSqq:!Lk.!MHQZycx0Qn7p\'}Wlh}O--a5Ggg	vj&\'.,lme.$fcP6;\rV0	.k\"H\r&lj3k2sq,X*VhTk1ZBCn_>WX(/MC5\r\ZZGS\"G[35&$S/Ss/u.{o;2Ix[~5CxjT6hv@!SQ-Gk+atL6^j\\M	\Z5P3%h UR-4LVg*c|XCf-n8R`T#!i&#>	x48cFW[	[ +@<?.dW(5\"L$@](OgU+W?Q^	RahFF:smu;l[=Jzm[0Pq254o\\NGo,\'\ZX\rADA\\hd)eRD.}_\\LHU4r\n3S&\\Th=FGQJCU\Z,R`g)THi3a(<4AD0285]^/V3,kxfAKJl2I^gS{mMxT\Z\'cQj4|8TylihK$n0=~ D9DRbu4|jSmth+rBY^$([nGUNL&cA +%8$;~EfdaoN/>S!oo]:	u\r\'6%T1{M8/sk7fkSj8G|H{_\nA|@gA;t!8a{q4	\Zh,D<+R1`K\0qXmC\0\0\0IDAT\"hA3=G~2H4(mtEMt0Ed0Di\Zr3hZ\0r@T|./)4|x\Z?U\\N_!ddT=kNu=MaKK7xUM~MKH\ZGq`G:\";R2H{O\0h=R1$e\"6\n*M{2\n/S47Et%l?\\(A*4J-SvDF(W*lZI:GvsR*4\n.r1R3DTgZS+4}&Q8bS<n\Zv(@x_:7UcN\rzI!4j]V#	vmmVK:e:-e[bh7w0G&&dC~?-.BPL2	~f:)q6\ZTD7O7C\nMJ;!c2UzMk2v&}Vj1qP7}^OZ-Bl4w;^7\Z,j77$HKQ*8@-|c}gFc}l?/~7{{D\\o_3[d&HXQ(GPs9KLr4<\nna$+*d4470_l+1!hma;wu0R@sD@H\0o(<0RR,KDbPThTbjtyyy)^2%eQR	\'p+24t\rMOU7TA5tW@rHc3Dz3z@vP^	;7fu 4)nAD4Hb?E^V.e&/T+&	e4iG#u<A\nR;tz hf:\0#hED\0&0;3OX4$!|/DogFMr|p2^9eD^A\'V9Y\\[U!zMP0?9wm{,.Xk\nhWpM_qcCCR/nb.\r>S;].`@.ceR9ke*@d!^	`%WRERokbxi	j5\"!eR(lr:tLG\Zd9hb1[ckCl,S3|DfjngMl6Rq&mD,swyqkq~ h\0)G\rA1dFu Y/vEv.!hDx6DJybABGLLw0;;cZw\\M\Z=q7*[]!\ng$pJ+4Ow.eAj~A(eQ=KaK9,$niGM$Dw\'}UmI95#N4mvH&h[lK6s\0M	Q,+|{[N0q\\\nL# [fbAYeZ]`W(X, gs\\Z(Ke:i5{3<j&}%rHj\'WF:Oj5s`5S}~%&1~HAUE,a6#\0I?@	\n0WpITA.9*w*yfL;-\rNkO48tT\\(edR\':Hl55N4BB*Mj55t<hiVeB!N\ru)_^	o6J\"U8z67B|iu$#|Nn2:]\\qc|^	Y!.\'-7,].Op5\Z*)m(yjtr:?l7in[O\rmkcH3C]\'zp;9=L02p7ki()s/{_$:\Za[\r!L{I$B\"^$Y+-p`mE5B$\'0ditpkF42[g\rq| G	;z;3`OTK-H<rkY8,O\nv%&/quF;=vi*36A.;tOTB=)Di`\nG\'}S\r=-ydg8)FH7EjcY@S+*+`C!v1A\n5Y8hfVq05Td\nAGM+V\0Vf76`5F[+v9T0\nAVe\"C@+,15S rjh\Zv~Pv&*PVLSK1\"Zc#}{8uvUb1qu.pS3vXj\r/\\|	I7=>3{|xdWAxZ`lfsmuu#p LOF*XY7}./buAojhMVc^pDIe\Zo2:GN74nZ8:%Fqu6lU}{Zwt\\X!&o<:AZg\"Vwtjo\'/~noYwA^o^\'F^IZ\nA%:mA3o$d5p4\"0G+f{/{d*;#hlFw@\0\'h&A\r\"*tIC#G[aA\\qzLlw9F]&S\r(eW3iP_4^/+Q	~6V>CKul9m*NaW]wQZM}%3\r)H4B4=S{2dJo%f@v9znSX&A`b5\nMZML~U+!B ,6TVHXGrX)*@V7k\rnLZg#SRA, &\"MXMas-W\"b]LHjWA5sI6Z8|PVRrVUeM\rw/n#eeMW	I_@-W7<	&WU\'*)b<\Z=MuUujeZsryJuO--B\rZmN:9d,w-otj)evvuY-#D|0u\0J\0cz+%%G*@\'@Yy;Pp8n\ZMF7VgRUpz\'Dzb1lzUr	2xFv,2KdrZS{~~Do?0pONS^s3z\Z>1r*XRC#o>W^[k?~K<king:\r^c6:/2 `:/ST^\n[Ev!k*k\\H&H[I9\\	 h?I&b0BFF\njf[E/@RqLi]x#jrR50ima=r\'n<\rZMh$XK~F\r,\\\Z|7+i-ZR\Z.TAi8e$|i0-Qhi;~\0\0\0IDATt\'=)S_?6Vm\Zn$C#9gR7V+hFDdk]N$`\\ i0	!.la5S\r:8l@tr^6VjvwK \"&w$\Z^/>#GE Ch[\rAf8Z,+|3ESb*,.Ap4);Cq*z*|)Tynlb/-Vkkr:zbs;[Mdxx@%o\ZFF^TUHkkjH;-\rX8G746B6P0u P\\%S\0R|U h,)\"0,Wf*;,%P\0juVm!hLasQ6/\\JpqkF ziC5j8z[Clvu,nK6#w>28tfhxSuW{Os\0s$wWe,\nm&v8CfWnNBB[/R~B|J$\n`E<L$|\0M_/GJyNHI4\09@3\08\'HTo@,i_0+\0v\0b4Sg.o#x\"9t(Qh9Bb2Q(_I;t3|n;\rwtH6Yj*2w[{Z\';)F\09h@Y<Hk_!v\'#`@VfPh\0:C!F?Y\0p(z@iGna-,&I	1\04g9hn;Lrn;]~O(l:YL*L\rk\0Ze|e\"+|E2ge]iLn_8qV\Z$#\\1+1pn9YBb 9zZkhg6|v44ZKri4+*\\Rmo}q/_?n\'#{#|k} v\0P^.7p?X6\0dg(yTA\\~YGf+LI*LA0XZvk/\0.l-,h[RQB>z1?(\0B?[F_u?`a~(|At)\Zm][v{8F<_$T,2cpdB(hZ3s<Sf4Y<)qxb11\ZW\r^q>5(\ZU`PYg>@g-Aqm?8d5}}y{\r:QlgcI3;,7\'Z	/gr)sTfhnJbnE{&p?,MU,C\Z\r1$\0n<@Ht\"KnGBIj`1|J@&@$=Q3YR#\nL+\r:!4m@Cuc\\(+e=_[B\\\\y2\\,Wz<7oryrm?;=}3%P#XHhpo|&]bZNws-FA\n@gz 87I:o4Lz}h6Cp:DPhh)iq>	\0.pRz/V/W=={\\lwXLIvP\\uFS[XY;6W\'A/\0@J\0LP&:}943tRRVE3WzI\\L]B;msE>&LjBhI%x<1\npNVhR0\Z>:mGrm\\#gqxK4144+6\ZXU7UQWb+ixMJx\\`I@34{d$4%xl5;~;zO#e@>i_A9=h%e@1\0vN@(LJ@Xbp\\;&%BTy\rfCRP2txB%wh;\0-:HP&.AjNz8 ;#G-R$Zg4E\04l?d@K1hFf)wlB%D\'v<MRpn5h~4|o88f^\r>Z^:/DR}^TJd&OLafi8rAjp/v_,o~dWxz^3\nas2FCv[Mp[nrB[ysRi{F\"ypy	m z:SV]czvzP|>3p_oKQ#|`m\ryI&=,bg?|vj!_-@*BP}V\\PVJ	hZMq@A^\0ZC;ohFoVGx#7fJerhJ7\"8r1WFcy?V#/T`ho\r@r5@0;=\r:8-G$>h6NC)X{L	VCF#\nm6cnO\'Dh\0\r})$\r.G~VNs\r@0$;h%	n;ZYpc\0s:{;v 0NX8rs /R\Zvp%\'KbkYR4te(0M\rYF8<?	J@C.\0@C\03pN53=hZjmHZx\\t]!, o.._\rkz\Z\naO^\\c\Z/lmO\\~tQ~_x\\^`Z-awles@l29hbtfm)\r8INi-Ti2v2I8ooyA>WIS^6\Z\n,pvT\Zf{(~__=!r`7vwzfBhrKK?{?n\'%$sLsR[&F{}&q^1F+\0M&\Zt)X\0M&\Z(\r2%:)RDsA5|(Y*Lt`u+p86C4lc$	RA2Q[i]MLoOaX\rs/i1oxT8gZ!dhzpN\\G\05#fuXr|(	W3M\\kUMel5\Z $\0Ifp9~\'NY\rHJDG`qF9W8O,bPk8 b)g3\0D&:;kOD5@,e}q &RSRoFvlZa\nt9hqPJV@}IV:F-D|U\'w]\rxUKphF\0\0\0IDATX\rGv~<\rNF,_]\\Go	f<O=jq~Oth::/{:R:.7\0nmF#,r*IN$wX&}bUP0E+w\\xoy)wv1wF7vayVBy{\\~TcTT8iFfV[7\'G?;#wNzR\04m@%@KhfH3W!3\\~\0\0Vk\n\\$F2?a9E|V\ZfO{ 8\rdYh\n\00RP^)\n\nHMD5i&3u&<H<h9=\'48\\6+\r\"/W+tZ{$=l\\lQ\nNbh>XRl_l[&Z4hHr{f.hg3Y4ch>vsQl4\ZfWvs`4h+0L	2e@>7nF<pGY41z	ow,\\\0dd{VN6g^Y^\\Gx7U*Ba\'\0\\qXbg\ZG\"`e@\\>(.la(4a1+sL1t7Dhe\\{*NVJ%h0pU,u	y.3MGj>%q1\rt^>/~y||Q,x7) UVXjVjN\r:=9>@C	wB\0t8MRwYLCCK!)qC2e\r@CRF[b/&h`H\0p^i(N%9m_i!s`A\04H&z2Lq\n&eV\'>X[xtd2\0};x{\rzjl|oRd=vZ`0&\r@f$]CMQ9\"#DSjFg]bPrY	;;^qpF<v0+3rcQg|v\Zz`Xb@-N,&K0=/h#B:MaIUr=5;(\r.wVL;\Z4X:>Z|+-;>X\0Z\'iV@(N@_\nVT*zq5*xr7tp/>{vQ>~o?WxOv*y5c0zCp\\3sUvVb$ZpY;@+9le7{#IW`FvG9]EhZ.bLGb5;7AQ6j:U3d\\j)?jRqF5i6EW*dEpA<x^\0:V\r{09W^lNIH q	T.HS$,N8pSAk4[\0\r:W]6\nsMU0/x,xru@<;DGp \"Jj\"[O+QD%lesVdfo0(eb+,>;^wovXc\rLCO:@3\"zqVA>\0\rQCUO:1hZ3q%@R$,uB2)Nl#qM-Le@;,\\$dk\"i)\0M!%y;	51Q$\0yS-IFYi4Kg\\ni<); 5y(&q9[}H	f?%e:CvG\0mhB\nODL	:pY44*Zz5N8uj+{\'lz?:.>6$[fk|\nLGX#qn!4xm\rsJ|bqpSr/@.R2:A?\0&c;\0:{D@9Kw-\Zt&@&bt^q*kWx0:wEJ42	\\^\0_\r[,nK`4~ejQ(G^d,uMGKkR\nt		o*c\nx7 b\"XZ\\Z3k@^Ad)!`l|[JvZ~sj\'dus&/KKlPY|T-R>P&D\nw$#`MN&uom;/N\0h\0tXo]Zm@2_;\ZD?]NKdn2eCO4UDL4]J\ZH,14;`\Z\rogY,C{6:[x	p0fLQ[:pgSZ5C\'\'%E!Pw>}]\n\".FsY)TJKO7*}A[<4;I\nLK\\UL8jp;\Zjk-^|gn*\Z\n\0ON>X^N$- e<jP {9/.vkv zaMj^\0I8RFu{ju_Ij>`h*RUrv5A2g\";_fO\r0AR&O~9-GOVO_Y<q.}\n|zzP,<^q\ZUdh:\\w9}pe97Ec OMl\ZVhD(%@Q\0TM@V\\gXL!b1}M5D_z8>`sX}$1o+@(iXi\n-b\nl8z6zqDwIE)]K7V])_6/W7ij:_aXat`F_h^\'\n4Ufij	BsXEF9wrNN@ivw\ZV3[ ;m\".\rXTg<LRY\\jMq~-hGf4~H)rG3bn9hG6EQLh*@1vf#T}>z\Z7E\r(4u[A17>v^ .{<p/=t@Q>_^^<hi4)<NI6\n\nf\0Ui<n>8%-0\Zx9^R\0Z\0I4p{htQV	xZ>b<rP+\r_N^G=Iu/Wng7xk>c-oTu@BOFI{&@q\'YToP<qY48uBvJR5K$pClly>0hhf/+\0hYvd@b`0h7+7;+	+ZUuJ~~Zr9_m@Jrt~tZ?v3\0\0\0IDAT^	O41d&@S|ceh:+,HFv~C&=&pG1ZVejotG=gfo,<YB&+ohZj8f^H(6MK0$vahZ{!XCh\Z}3F5CwL>%@!B\Z9kG|;/AjM7WY;\0Il4ZG\np6\Zv/tHZ?6Syrg\"=vS)\ZM=fO\"+/\r^g;,Xj7irzmN;.V]pQLyq/C9;G:j2:h8\\Ng)])uB57|E:6Q$]\rhJu;xhXJ%3f&^.fcO`j2]g)aSH}U1/N\\s8\0h%pq\'AAF	VJnNKt~-~?41`Nfg\n;+rL<p^R4^plQN4ihk_s ,US,tLN*NcxggtzX9Fa:GqtGg{]0\Z~nz~fa_mG8)l&F3KOv^vhPF3ygq.XcbuZbA=h1ZBf2_:,vyPrn\0Zo@i0\Zv9bGy`CbUbx%%-uB2\03xq)\\g[R$ZA9a&kFK+b\\2SN;\rdOw6wsc1}j`R6NO!O!jsaBNtaM{Z>m[[Jfcl:x@[tMb\'Ds?ly=sDana)Wk,&U5j\0EMRb`7$A;6S\Z	C1eJ _lM\"<>z}_G\"n9xe-S!4G`\rD3J@ r<7 oTx[Y%M((qyV`q%#\0	g0H!<!Vh412Fp3#Y[fsuAfN8/M/>\ZIh\\:~azhi`bp\rA/7I&YfJ\"q L&L4p?q:\n3U>\0d@k49-&0-3oz?+EZ&H9h8fyi<SKVG-`%-Vm9@YG$[!Ac`7C\'7gtv!znZu\0Z!~K56gT|iz=Z\\z4)PQC6e#[36l{\Z]zpp\'??;5Ow?;rh]d2whNy\r\rk4X\0<\rlDS+&Spm\\ejvLtj\Z\\s*\0^\0eiTEy,DJ&_;~8ggD\0|Qcpo7@R\nZ#^W\0t1\0} 6-nIr0Re@b\"Mp\"kga7I0\ZTjCXL?;rlRi\0=K{Q=@@<O0bEbQA;@KM$1@S2gpgIv\'mfSlNb:g-/[{GO6j+E)A`h\ntM(s +8U4e@7d@\04p,!6W3\nq\nu:f-6;S\0MM\0-z^=yj\n>fG;=*1\\4g;9Sm=P\r}YqtW/ V)F(|:6[4)W}< \\zoVlV_;bG2u^*?\Zb8d2ko~ng/hg>~.:85@D#,l$R@:QRWEO9_y<_8.T<4J.y>-U\"\"sC\'Wqc`\0v\"bTmg<`]oZQvxZ9Iu9X;l?Pc!{N@c<5,X%-E,L34q[}~ @fG)7	gYJjeb4\rpD\04KDla44LhZIh`P.^]@;@2v7\r.7k&cjdZ\rAk00O2R8Agvh$J>$@s*ITk;f+=:\0&U,z><p>af`]^3Hj+4\n^`1rwx\r2Xlk,lN)$;jdSSKqv?x\06\';O)PR;b@b@y}Cf\\N	|R2T7m6:F&;<ktG?*Q:eC\0:CK=!+=Ovwb?><\\p9vo\\$}6HgIz?{1x?<nCEdPBba]G )A*eRq:Hfq[$x<P	g?&/TF[pa),PrZC8L,&bw]{jR\ZMVKm\\`zL<3	2bfwU[pyq^s!||v%4A^PJB6R;o0aBjw?+IC4\ZHb~4Y^X%6Nb >%@fLqRoF|6^eQK4hb8ZPv$,=$L_IKb`_Ak:=*,dzNr[GZdRQ3.xKi=vp\0d/&9e2tX<Zh_-HZ~t4,-;h4d!isS\n[sj)K6TjbZc\Z9f\"@9+\0Ms8e#-	;M!;;w	TJ+{d[D}.,N)}@,br)-\'>!;.w7.lJ{vwCC[\0vJWGom2G,?\\^GaOm}}z@?lw?\\x|_:Y#lxtat^M	M/fk)a\"/N(t^, $vHtu=Wl\0k\r,CH(|S)?`GZ2*U^<Rd\0:pV3\'JN,37\0}7f4Qa[jP%\0\0\0IDAT,`u\04bX	hJ:Kq9\r{y.E?i;-c\0mvd@C\049Yhrp!)J5Nm|;Y	\"FST&D+Z.	|p=YJ;yGEcyiW?sn0z\ZbvH\'kUsh&FzVl\ZwWe5WdAtfR!Ni]G;U#lnGx=c^*4;f.\ZTYT\"yNLZ L1-M$9SnZ,o1T<R,V\04[5JWtq.>`Uf=DR[sb0]`w8bE(CqhYw3I82M$o7Ks\Z7ko6WFDx9~vtj0%wkZt^p\n|4\0OHqa:z3~9\\)\0I~	 -XsV=h5nw\'n3@:MX+z\"\0\r\'Lz/\ZUsFmXG\"=l}|l\\J*%.[v5Wn-4mV@|q:Xk]\\c;QH\nSYh0CY>Tuphx\0,,8Vgk$p8\0ja.P$zhr]mP:xwwVZ4}P=^mtNZJV$A=)VkFnL*I\r.IU?$2\0M	pf(\noPVR.C@;;\'kp{PNMi\\?}w@`C%M|b|P2Z4qhV*MY7bg3	9[}wZnET,t8*^o$]g\n\0]LM^g_=m\Z~4]\'W?mS@4Wz=Zz=X~p}OW}7\r/_=^phmM_>iO&5\0}Fh0fdc2q^.\Zj	g5%mf4#1tX4,vxe	~d\0)AUA* XJiPD|~px0Sb0\Z\03uylSu2*F<s\0\ZzPh5@KQ/Tj)3bPYPF@`x\\ox\':Trxb?m.Z	h0)B\Z gub9@-#Z.b>\\/UF^nZBwR|+a`I8 8h%{QG$]G,\nTd@k`!yG;\0MaY$T.[Y2A+e@S4\ZvKgu4C-\0ZDEiiD,*-*)OZ6OzrL9cRhjhp.h1Ahq>wp,\'*<@S\\N|4h\\:]Bx&zP-O\Z5\0z+AU9k1[{\'~\"F`7]L_L~|ry-_{-F+q|z+FM(d3-EfZRfs\0t7oS\ZQiZ5,$)GBUsSjv\0:uL3|A0`0x<>N[^Vf2_\']}3sg{>{\0FGm![Nh%3=[&hbCxR[xAf[Y;\0MqmO7Zf\r-e];hi]hjE~{cSC&>S?R\0,,&@VW98m.YW>\0;at^k&~(j\\	 SlmmK99bR\rQoh,Jh0}O8O:fEktFdgf\0DFsc6kqg7\"}I!NrP	hi4MTh\nh;cL&\rxg_\rhpYheM79h&CJ6`F	1hJ2YYiO-Yh3930[v$\r}PLzFNCZR(ou]X.EB@T\'gn<WZW\\`g\\H&Ol-n1\\5j2YF\rS9@uD.Di%R,d0Y	y\\W[!j^\Zr&0\Z`K{2~Q0J|[XKl\'_&J\rs:@KOrNJRSR8B4U\0`4\Zbh23ztQ,C3@h&2X	hoMV$\nEhEN5[*B+<h,b|c\r@C{At^Da;D&:CF%Q&pJ@B@]b>d@j\0Zd\0F+TEQ`2$t6IK8b.d@\"\ZU\\4r1\"!E@pHFh\\T\\*f\\<qGheYX<[B_g]wOW\ni[%C>M\"1u2I1jYt}SFZ\Z-o0FZ\"1h?\r_,N\r	/oLd<F&Qg/j,_VwV_=7W\"{k407^\'0kNFp{[,Iau9\\&EcZiQ}jL([*\rx#Z4,Fl#jUh	UGLj;Go67nc^>7yVn9~{^`tvu0$X>HW2!1+Hc)%bPB+Q\Z&Z;F,J?!!d3~`h	Dg6=O*7[-1\Z`6)DbP1OfR,rYGJ@dX9hWzf?J.Wc|`<At.\rX`I~-+\04A0\r_w<w\ZiDdr\n#bD.z6`7r.3O[(4Rs;oSw\rhj}lvB @zl\n@3FhhqS%)2h5#\ZW,tfEs^nbeGjq\"M&_q1hwwqf:\0\r-{ZyC3Gqtiocl~	|)MCpR(<hmxJm1?Fyt~lTfptTvoV0\Z6+bZmzWcalqP)ZK\Z%,NPW.S,uIf\0$^NDwjv2nZi*	=gWArHFnA;vJr7}heHZ4,heC)y\"\0\0\0\0IDATqyh4VI.J@g\Z2)-(3!<XszMS!Y^wJ31F <Cs#Fka3LvM4-2\"$\n1/?NWJ`oh8a/Pf<Vy,|VMBv\rIUv}7&-$8tRT[!N#?(r>Le`_4URtlp-qa;22Hn4Q0.@u\0-Mjxj3m\"}Dge~7\0.96Jk@f&0MnFDYlPV8?v\ZMQ\rG7JFc	v[:y WzL\0kXihpV\Zv~yqG\'WF<@]w7[_]/l{|I%v{\n	0gMj-Uoj5n-GDR0[Z *MWukHbCjUl3}nn\\Xt^G;nR,r:Cx8Ve<v=Jfp pBDmlaK8\"i\0\n$!MBqPq-bb\"--G<8@xgKF|>t[l8B!f	0RKR1:eR4	v+61YY\"/U&:&\ZjF=~-=iNJ;TBzQ	YAsgJjEfM;GEj-3$`Rt\\+f&,sY\'BjFqY4i0\0\r(I62)BqD>l!8~I	hL&X#$:gqz2o8D~@qv@4To(hYJ@GXZZ^4+72Ae 1VX?yJ8t]60xF\"u5,M[\\>\'{zWGJ(Luz;f2}^]\nu!	@;MWRFs@u<:?b^Zf)FrVdiNr-dY\0h|\n^J,U83\r:uNFL+p~`@G?>=g[\'Q{p5o0y|:C87%(c8JMPu74s&qVT\nhcr7\Z$b4\'@[BAiv8mgAh>c9$X8zv@Mo4gq7JzrTKl4Z:s\'Fp3FvR[kDAn?ZHvF9]3Z!IrxmvNqNVZl!%o`CI4h:-\'g9389g&bb6/hpBor\0-xlcbV;ZsP0x3YgwB8Q}5o.\00#?_:<~!XpV*l=//LY8F=\0Uo24YZZ,ab+Pt\\#BlP8Y%l00\r.4C3zOeDt+\Z|ZAo?ulVc>:?j;JZ>ct>Juh=PE_a#9@	{lm6e@MDUG14Y&\"gt)J,dTa@]I00\"Mf+8XR2:XU\ZP\'s_meC2+!+\Zt&1M]+OGqn;\"2v%f^/kk:mj%v\0Cs-K3@Aj4\02x5k4u\0\\j7/9&CYys<r.Z!Fxov974~Y):;\0<\"[\'\'4|V/u-ZSw	~h@.xs{/WX\nE\0h2})c(c{\\,0_@O\ZfcsM\'O_.>7wrXr%iiQk3@AC*S%K\'n98^T&\rlU*lV+NGaq\ZRv!$\\i2FrNkbw@Wf$!v\\\0uE	XjK	h&+\rhYf4(9@<XVl!lo!TJhV@\0=9@=fNXz`J3@%ft(!z.4mR/&Fo\"EXHyjKsh~bvmF9fBuL	[@g<Xs4l5\\8gD6+6@+co4YfqEe:SC^$Zie@+}w&r9#qc7|e)d1N$Xr9\Z<H b0H/AgXi~w.:oKA\0ct^Xx\0b\\*5s>D[l-h*V <h<\"u&:Vt|,VrBnsyAN}dxt{yAe:js{\0Zf4:NIa%IrbULg\n$M6\'y@O\0lv%\rn5D\0F$C3hx)q9]^VrUt#!v\"hLfN\0s4Pj,KR`P]\'H/#:WDhV6K7`4,3}2L&Y`aAg`\Z&|7$4$Yj`xE@{`\0Ag\"~A?>sz#ND&2:!&z[N8i5RwZmUj2c?hV\rFS]N*5y<\0bmQ/o\nLc>qh@9\0w?:<\ZL.r-bo8\0S:Bt0jtVN0\\9Fsn4ESa<{Aj\0:a0sZU&\0IJ>iTpp1|Zl	%,MD}<^.R6w,7\rhJ#T22A+AKo`a9(us2#MMYGXA\"C?y\0XIh\ZjJ|j}P?Z\ZJ:A;=Gj\0\Z25 c_*y6j~b4k4\0,\0\Z1=(6EBU	q!fCr7-wbI+V6`EB|Yf\0n\0JT#n9;Dl7*,d\rq9oHGh,NHO[\\JkaTZJg(@J:W-K%KoE/bRQJPF]hhd!YL$i|4Ql0k\r iuptcD_Keh+[x<d=b\0\0\0IDAT|86[\rh22+\\P2;.wwOR2Q&cl6m,\\mni4q-5!~R|rx4:j[h\'2~gvVg]HO9LT@h7U%Vb%oB`a&6YFM=V\0\Z!FSi<^{dV^jG\\\0[jaRZb&u$zvc\nwi8(Fi=V@Y12@7d3.m\'1z#\r@2 /@ts3j aGhV\Z>Z!F	hJVZw\Zie=m@K~7@Cf1Z\\+A[7owSN>=h*J,9V85\r\"7eM}:^z{\0FbKMLC1{fGz*\r-\"0x@h]6Z:W<U\0\Z`_<||<+[[\Z\0Wb?S}@j 5z~x:Kpg3p\'7\Z\Z\0\rt1*WDdA3aAog%\Zy1A+N.kk;g+tg=9tMDzo0gb7*Z-}scnl{<d\0YGF3^	YoFe&6,{o=*:X~?@#(K@#=E@#h)pq\04OU\0h+ 4\'\\\0HV`urLnV$e5mEcj#+jF	{0\0w!Oqh>#o5xi@D^Ft)\0:tm4|;B@9vXaDHRaPEgLlu\"R>T<bf|\naq\Zih\ZLto3K 1\0a^`=7Ks&|{kp~a>mY}/45<~L\0{P1mI&xzXA\\<|JJAjr8o/_a_^rta>g)WgeYI\'T<? Sn6h+tF~OD	N0;,\\lRUDBY/MqWNOobh04>|1|<ovAo6:5n2\n11#%t:q*VK\rzBi0m9_\rFm8OF@Neb,5W4pQW4w$=ES$K\ZqlwUt2HhdS46TJvs:G^a\\}$VLnF\Zv3y1P3n|a$hZ=NNr$o>cd[3	d9@\"q~@4j8:@aou~=g%K}\0\0}BkA|~`4860[KebaoberP94w_lnnN\0P<0Z@V,qV9\0\Z~HOY4@vj3[\0gND_e}~z~o8WOM\0q0=V<5`~|79\0\r\r4yl~176dt?+K=tZn\0\r|?s:\0;gR4G$50Ehd+3-K?@c&ftiN,A\r.M3Ws19\';D>|IMUk\Z\0zB/NAV\'Ah	vX0:\ZjYC;NI`?.Z^.]+4G9\r}@0%AQ1\0JA*(+2##1JtS`	1@<W9\0\'A5=H=2h\'6dww!kcsG\0P*L34B!s,q4;GtZhye\0``\0\r)V):-U%w6\'n%37??8KA&t~5`%lNxv3B\'\'x:F{/:8S(h7OrZ#bN\Z\nUFm8V4ju#$Kg@re=C\r\\BK`A_kA)|TUK{%oepF2tu|m^.\0p0)FI=Z~6m\\9.\0:SA6\'x1?vFao2@y&i[In^1sFP;MXGpG.PINe_\\oTq-J\\1!f7[qIe4AZ\'aBFaiYYj\0Mmgw0@gt^Iey<h)g\04t1h;2Yhw@{nhx/{\"R@C\Zmn48\0g&[_EhZ7T]Nx\07lI&\0;wlq\ndO^a7>hwa9N<hF@#}4ft`N~bj\0{b0\0@y(W\0zcj#M[}Rk.Vz5L\0}P`mkQe=2zngVbJ:dj9;JfU3oIHFFHl=zy.re/arzmj.7rMl\r5R\r4+9Yit8OYP MD>hGc\rvxsaMn#S b0v4BllP>GEbe}F-^&+<hA\"}%0w	gOB!X\rB5]0^;YZr]2uwD{+[\0r,&\"Y4I^<?x{w#\Z_Y_Jc\">M`7<[yJe9	)]A#SG@FZ qNw,M\Z?fcN6\"deofmXZ5l^|\0r~_\nl\\n6O2A2#x?M\0w[W[VV_ls%SI0dtrm({kD\"!N8]r\r&\09s	GzV\"k#D\06 R@G.c0lBHeYK\Z2>A.zLECFaG7aJQANFwRt70\r>j\'@@dfJN@]y:CF3&phdt/e47h/LYa\ZeO\0\0\0IDAT[X{uK|G;M\rA>>a]u7\0\Z3CsB1{R09`t@jxOwLQC\nONaOtc<5GJu-\Z{1K<9v/*EQ@_qh<{\0X{ZyQ:(jSwuy}P,$RVl#\0.~:}	/~uPoBRHvw*t^on2\Z8h\0#\0tJNfg$a4g-z.ioNN4F9h:@{Wx-xk@_`31F{L4i^4Bhd4h[@[\"UNFnWU@~e\0ePAe\n[\0tU:\0rtZD}X4N\"SXh0\0.\0l\0nt>4}\rplHdT&-!\"s\ZR:l\Z6\0\r8Rg\\^\rlRzQ:]t~we\"rB$Dl3%N6IN$JKU\"\0=k?+_a6h3i:W]?bogO?hwJ``7q y_~\0t;\rUhBST,+	EyC\0#e43Z\r3XfxIp8-CUhCg;_C&;\r}Q=mAVlNw4.7J\\g0C<{&\rtF9U@/uL|+b|KF\"II<*[h:0h\n,/\"	:[\0gR:,$V;i-n5\ZS#9&EfT@wS\n0z\\4zlfNVqI^K1@g0`1]hn\nrI\rGQ}t$HmcY<Fc9@\\;qx;{-Al\'G7zN4v,48h\'\ZN!&~f$5g\0\Z\0h\re_E\0f7#__9=*Ujxx_>\rv??8h}_{X*}yxuJkrE1\ZivN\0z>L\rKx7p	L$|/|\'+r\\-}w~gM1TK`Lyp 0\0zl{zc+[~rWTT05ZKU\ZC4^X/fU\0\"\0\Zc7\rqxqAVF\0\r{Jb$xKL!Rj_\rU\\v\Z6*^[FDF(/s(&,;U0}V\ZL42\Zv9IH0N:igs,>\nL\0%\ZD,F\\_hEPhg$Bz\'8Fdt`q|%}J=P&s!*Q/\rAB!Dgv$#Z	qx_0\\=|5c6b%EdxA9DeYaDV4sa5X LV2. ,t{a~cxn&{7?@4EUAp 3EQiHLETEt(HLD?a6?6(*BS^	lxRh=Fa>NL}$\'.iT9543Z\ZCFzuvMh.\Z83/\n	vV)ZEy\n5Z)YsYEY:Dl\n<$lA5rV5z~ykP=(&1h[\rB3)uSR?Zt^S\"OK\"$a*2<(Uuaubwzam}Oe~gD;\r\0hsBfwb7u.~%CK1G27\0;	e`n\0SU84(H\n\r=s4zAd8=rc:BI\0d+0ZKe72$}\\?-=ylx\r_|GB,wOooX]dpH.PJ*f0h]\'\\]W4m#DF=Ec\r\n\"|A\Z?g,6H:U=(DWR4dnJh	\0\rB@;5~\0^@#Q..I:hxE@{v|=6D-86.hp\r\nIkb3Q31 NLaA$E`(N\njEF\ZV@F6kf4ya`@k[ZG@Al8^pErs\0s#dF\rb(Y}d1\ZgW^hN-zYd@gh{L&>78jo;|4=7jq\r\'EOo\\1`vY\0M/giL&h\Z[ ?/W_o0+D7UsPH=\\z2o)(wX*\n8t^5-\0A!\Z4_6>~vkEEC@;\r\n.4 *tcf6%={}G-k7?}\ZgT+s>_5Y{^tJ5-QSd`\Zvvyzy4c563HE8Nh;i}N\n\Z	uX>17NF$-sd\\PFR\ZczR]wqba-HjE+;4\nT`tj1 M@T/7:jtvF\r>p\r;hU@	IBL	WF\rkac#\0|3\\K@{+.y`@X\\z\0)StMmT/!*\0@/jFh\00HUT{VbT}5a\'_@F|4<>}Pch+.Z#\ZKJ?|{@:%suMBS:<,0o&S`4Nsa;1LhWSxaR_::n5\'	$diNQzfIS\\FsivsvzvM9hR@|t^\rQ^3	e]@@+4[\"&e\r7jIOTFe\0j0n:X=t37-3eF7c\\+w0\0\rhh1!@NM(DLt-??Bg3gLj.rmo^./Zv4i31k\0-Gv&TyptFGhv{}\"]1EI\"]?\0z6y\rq	$S,-\\|\0M9FHSl[<>0b0x9>%`_>tc+b<y>VIamF`J)W\0\0\0IDAT\";3\n+HX$#%IF-<8a\0+\ntnaA/N1@wgw^LFQNyLG\r4e(*$.|R{C@7=\0h,TkD4@2Y^ -Z8-\Z\r@99S[z)nN13V*rRbVnZ\\]E@)\ZX,D/\Zv`^tH\r<w!_`\Zov:GM	h~\0-Wz;c\0}=Wk\0=\\\Zp*H&EKm8\rQNe.AJ0EoF\n)	F>_{qqNx/A>V\0\r{\n4UIL@g4tNJEpq1Qnj8Ec\04}onp(*\0\n?\0w~pEm4-(t69UuS]\rY,FtdhL@36KGWZ3z=g9f%$@qm)]ZD3sJ~X/wk\Z8ZJYzPKMjA1z)gC`!&Q=**k5s;mku\rF-GV\ZV\ZtAuu7+\"m2vnnN\\*g!\rTrmF3E&%p90EB_Rh7T:\'C<PX2CRB{<[_F@#aXnt,2A3!a.H\nlq%mCS\0?=.#Cca:3O}p\0<yhd{8\rzz_}_XFA\Z&)-d|4\\DffKL;K8O	Wa2Vdno==8BQMRqL$\r\\|>=W5_^>Ju5d2\"N\nhf=-5{\rR@%r\\Zs:lIP^ .ewFiK}n4y	I}@eT`J+VVm]mu\Z&lW*jB/F\0Xx#LgeD\n{sbUin_)e;n6 ul\rA	Nac]~?@fDvG(	3t\ZlB].y?3y@g>{T3.cr,\rm\Z.KS\0M[B.Mg\r.@7\"G 4e.z4@0\\~Z;t_n{<|q|fs7`Ok=~-R`Kc0$0=x53Z\'3M35hsM\Z;K@_aat	WT*\0Qd^\'7iy]\rSKy^\'X\n\'!x{2	CG4i@#n\0\\,*(F_4A;&\"D#Z\0=+}g#ZMA\0-4MEA>#a1B%5Px[uG\0;UK\Z)F,vh3Wcrm\"tf0\Zh\0t?#\rNzXUtvM|2\ZB+Ah_	}m37X,\n#I@L+tYl+7\0{=\rz\rwRv] lf5UI`6,nfm(jfya9AdyIErk |Ia+\06,uLAY*Yzujt\r}bu?yz}s-<ovp|x9Y|q~sfkP9Z@%5{\n:<J`nJ?E<TLPTYQ^`~s#=vs0@\nM4=Vw:p:yy\\G}(2TR4\0Ff\'p<XDinRoib> >yG8D	mw(Ns08IC5R4KSX:$DH\\5&vwG[t\r\nf^)1l$Xiu1*\n.`B`*HgIA_+[5VGjhjiy-/iQVNtR,*Mn 1amwc;BQf){\0j|\Z<yq^R/\Z]:{Q8!|3k1hhDc\0\Zn\ZW/]@{\r]H*_h\0j\\=n6T|N4>v;?<}\0;.z+|}VkJ fE Z\nL&9PI\n,&\0M\"?\0f_	\r:\\Q.]N2iD+U\\04Ml5`3L[\0~H,G[qx: >y/s\ZXi<2\"n[\0\rPr+*Iqo>x14?]\0\\0\0r\0y(Thd49#n$fR\0@\08O=-F4h\01Md;h <\0~/@/Qp0h}$\04vCL#Pfu78|teA^7hsJI:]^Z\n|	C^*INK\"=fZdlQhULfNd:T:Lu_Ecr>ZxOE1`9[\Z\'Dt\\lai2 F@cI;CUZv .G|7:7T-Q	B&RO>;>d:UYH>_j{vgbWS2N\ZBR* V^9F!,Kin$WBm^[$fE{{@S=~hNW8-j*\'Ku`u1R6v\nhlSwW*dhcz=^Z)5B,g	ilFcAkaWB+p0Se3R	iS|4h^ e, 3hDF&y4e:@;;Nz_^$vv]^@{s\"/9/;dsk_;G}rxxh^|>A$\0}x\rD^oY+I,1L= 5}FOra:SV4.:h\'L\n~I4n#((r]Qs0HA]]*rQ9L4FKwO)?wg4\'MN@cc$\r/0w7=y9V*;W[9o8]A@c\r	A>vL\0\0-AC1ic,Z4t@gP\'Z3<c4&.4I)P*\rZB\0Fw\natVvPF.*\'.T\0\0\0IDATzAX0CT<&<b_t=5.G$K,vcw-x).9p@c7yn%Cz.<o\r~Gz4cG@hiB4bmc/<]~qzX^OW>~6|{PNe;s0`tBAf<mGV,yA\"a-4qN\rBnhZgQB$N\nUu-7I<0:joV4Fm[Wf4j:/ISD7#%Ao7un\0\rKs+4<\"%s.g7=5pNXgCW\na_uD9#(byC<KyY\'\rhNNZeSF@9tTJd=fgH zhs\\\'Ep\0h6HeWh\rb(b>\Z]fOp\'P;73^8Q7f<C\0efHCy?QT\ZDfT\Z_v88:+x^h?Z\0=%,$y:S\rgTiY5]Oxh^;P\\2T9S\ZrFL\\ke(c10\rI)/F^wLl]DnX7+?_o^wvdmThs`@/;/<vd#/Q9t\Z\Z-\n\0Zx0)\\\0]1^(vvlPy@_gZJ%C@w~)\r9g	\04\ZgPVlM\Z4\0@@c<\Z;u\0t ..]}laN\Z\"_}<:rEe\rSn\\i947x.1W@+Y?\n)(\0S c\'jNyrA`}puzl}\nYt4-~n@s\ngU0\'ig\04\\`tF`A)Ilj67Ngp:Fa:`;T#9F\ZHWev%jU9OjH.Mlux5:y6+iG9\'fE\0V,1QLd\0[;dGQtH:(\Z0Dt}5&s4IKY}/3	n 0H\0A9E4_1Oxy@2W4fJjb9k+~}XH7bzQJB(33hnO;nVJ$\04kr=aN*y=7gD3~]ygv2)\\0:]h@l3j)K,f@_Hx)\0htvX-5:D@D2W@Fdsll}wZq^Yr~o/|}Xu^|p(`[	Y\nx\rEcXm-(R,dmY$@`JF]wWw7Z\'n4%1Ap\0Ed\rei\\:9ttd}>pn&;&Eoc_C\r}w\0h3$H&i3@_Gdy_@_.|mC3:t\Z@@\"dy[6=ZD@Xf,!Ah]d\0`o1&sfQt:NTt\'(XB\\E@B\nrp[v1\ZQ	f3\0	Drs.AWAf,\rh^`#zWNt^!-].\0.4_farGR!8^\\R\\fY{$n2Ib	zF^yAP* xWjFb;`$DLB4k^15k;I[.q/`O-`#?^}\rUp^q\0tHCyM7P5~\0tcr<K.di\0JRXfi_7hBhN^|`.t?Iy_5df%H]9Dlh@g\"Y|>D}B8~l_tA!wT*_8UHs\n3ZJm_|c1k4]!\\hMnK%Sf$\nJY)0qEkP{9}Z%pw-^:.$kq%@0\0V6xs\nh+gpyw,IlrQ\\:A(8}hka%zYh(+f%CC\09y{mwo%\"g&JW\Zj_eed&EFAxM AE\0)R!xP0\\\0sf)@nGk@k}OO\np+zGQ4e,e!+rEU\Z;(hRi!?eDUSLBdH5B|)K<Xo<^z\'6jELkYHL!	trLyzS**S/@\n|f\Z-e{%\0$],V\02-@@*+*N@_Gfw+8Y	3-L.eG@G%,&dQZ/5Ar\0bT:Wz\\B`D#2	m@,\"8fsMg5@GE4&ifgWpC	x_F0*a7[	+faFyLFE@{	O;ZWBfRiVOz{[G*A_(56wz`A`m~wzjXMNp\0c3[T%\"2q6Q3A*q6\ZYb(vVD|qO{~\'\'+GXd%S^eJ|-Uh<Iv8D*\r%7f}-fm:`Uj\0h\04D@`My	DA{Q_em-Z%0\rM$ZO[JrTR\\ \'p\\rPIj\na.un0ykU2;`xd48h`4lW\\!10ZKNwQacCk\r=xgu8\'ho,u8ngtIX\0Xsv^p!}?/#,9hA\"M\";^ON+5.|4t/~\Zw|}tt\nEg}AX(`sA\"nJ\"}1`\'GO\\48\\B=j>;~|W?=l|X,\0@\\@L%6\0t.k(jm{0s@g2i\\WxXyYV<mE[25ho*us*9\\!tK8i\rtvf]Zd\0#tLBl6ZQ@at9ed-	\081g0>4x\rP:>IW,E[3:#e\0\0\0IDAT\r\0\0@(`Cu{R.<;=ks\'zIh\'F7]t6\"\n)(6EhzTr]ZtjNcago6\08w1`G[GFU\0i:\'Bd\0MVX$>\Z\0\rsUI,K|U1*eJ54Ta/>:<w**8\"M%:PR\\\0Kk+272I25L?IP e+ag[4ltUDwe|D,Ks~9yOF7\0\\Eu]u&<FPxY$K*HYY	yTY|-.5Z=)F6Yg\n	9&	!!=*@*{cR8:*esB(\'J\'ZZn\Z+EZ6\\5fcuaA^K\Zfhf\nO\\\'\"lo*4^!E@r/(2sQ,WaZO\"NU.JkGzoo?y6^k+/nlo=D$uQ(d9&D2Lrtca210J*^8mhTcTm\'{^M_/$zUqm-2GW6kmUi3\0h9P>mea9wn^_noy!g\nRv\n<Fykk9w]h5)Uu=E\0\ZEcl`IMTI<A95HIP4\0hl\n4g5\r\ZKHg/{+uC\\@h/@8pnnbfUW\\95\r(O\0mPg4!,OqRT=jba\\w[{>u;fl2|x<yAW>_?;]nzaS4U4$l	LjIOsI.\rg\nQ*^W\0cg`4Or7:^~%AVdPAmLl0Jl!sU|	KZ>k>hl=Ckz_>8{{tQ,9Fn\"?A{+\r@{]$~%fKg/!b_\0$,3!\0J\'`Jd&9]mJ 1l)Z*&2X?:`\n<B+#zhtr\n\rj6\"%9Xh2t\0\Z\Z\n.\"AXFHJT*jyCv{LhO?E@vy2:3t&K1bEv\niiQ&q3vx=\Z89Vs7W8mGOa#+~}t:6j\"Y(9>\nI~*h}f\r5]r]0DcjpHX:QVqI~FjbI@	\\u|E&Tf`<\Z\Z.zQF\ZYZ}oX[_/+z4+hue,V=Gj\\0-0Y5TY!Ktd>Eih\Z%CLLNX*D\Zz\rtUsd\n\Z0\Z	IG\'2\Z\r(47\Z.b0z$h|S/\0g%\rtke,9X)\0[^iW=ftsE\\yNC>1\Z?9BrEia\"x+J\\E-S\nrp7wHk:\0A\'L\"FMVVmEcgx12F0CT,SV$/t@j9]8O2WzTYjA\"\r^;JSfO3^<G\ZG--*KfiQ U%Q~6:V1Q*M)V,ri-6.A:.~-G.o{{9t_e(P 5B1dil)K\nE!Q`Te|~t\Z@0l(-R \0b\r\rf%)IQZ5p0,AQbF_Ks	D(@/\r^@PV6M\'z &q6Y)5+z6I\nT~>|d8~B	\0N7K~] Ut@r7f=Wsq&Ml3$l$f/	$p4Ka2|V{mgdk|\'jT	<YMY\\5Y?I	UHg4(\'>Okd.Fh8`O	\0ho7<G@;~n`eQRI*M*7h`\'ah%9SJL+~I^+E0\0HV^[_i7vTWJh?&]LA?@/.a@gEueh&cI,W:MNS1`$_>u{8g{I<qn6Zk_m4;`9fMTlyR\"Qtj\\\\<p]THJ0,\'S~ c\\)L Nck6f5]r\ZIT9:&e|T&:-8IJL`f#\\wuDN7<:{yk:79b)+D@32I\Z\nZ4j>dD*.8b]5)\"qAZ\Z3\04\02`:!FlC&FViNQ\raNV?t\"0j&.kat1`I0\rV\Z(ZiD3\nM \"a/8<iK	\Z?:7\0h-M6P>	&$1.Q],6I*\n7hy|ma|t\'w\ZM\n\'8lpy5Nxbei>\ZP?b~_e\ZaRo\'E%&pAfmq~\"h) E$e(B`U%uc((1 wD_hL3?J%S]@/r\Zr`u\04 he*R@jSe\rp~*\0cx\0:%39A@+Vkqu`t;!5<hA\"8\rdaN2zh42\ZG42$@;T4|H3<\"qEF~>;eQQVTnqcN1{?~u1Lcrb4>7;sj7baof{o\\kNV8)r,||2* 8AR`KlQ5VCg(LvMO&Fd:R8\"E].J\\g5q67Lg#;ym<\0**Fb S?\0\'\"o\0qCN&C[8^A@5\0\0IDATv\0hS7x\Zt\0\Z<B@ \r!RvAE@F@+9)i&cm\rqAI(L#i$T//b<qBs&0@`\"d #HNNk6-m&Ft|6\0ATrLOo>=4WYnX+i\'N:3.WXr<MZ1LVN<dpVZSkDp\0h\\\nh*:{jT_)f4~0\Z\01\"kz\0pp(\'Aj*?zN%Zf72`D{P`V1h*HeK\rv\0fAV\0\Z|\"nd%0T-\0`*pdi@FP9@ARR8~t@;sQO5xH<ep|ZsRlJY~ wpw;V.{F&{l=OM2*+i,q|}TkRM\0 _tlYDOeJ&5J%1MNa6m,O\ZI\Z#H8=\nRdVQ0[R|z%;I^h1q\\\'t#T\054p2\0f,d@{C?@hsZ,\"<DyDH@@k$AL&grlg\" L@M gV^EAJ=.MI dt;G&8M,8) qf4(%sR3j14MQR^.S2$\\$RkH}ph2xVs4K?;<zvw^_\0\\a#a(\n8&]LllI+\'s Q8>!qhRw.w_Cl,r*P`(ofZIp|=Jk3/4hk-afVu2:6:O5o@3WLG.IMZLdy?\0Ogh4hY*v{[*aBVfrl4<Qfy\0sGOw3;j\0\0\0\0IENDB`','Anataka Kuongeswa Salo','AKS','Salo','','1994-01-04','','',NULL,'','','','M',0,'','','',NULL,NULL,NULL,'','','','','','','','','','2013-05-08 18:12:42',NULL,NULL,NULL,NULL,'',0,'',1,NULL),(145,'44708301068',NULL,NULL,NULL,NULL,NULL,1,NULL,NULL,'2013-05-08',NULL,'NYAMBARIA THOMAS','NY','NYAMBARIA \r',NULL,NULL,NULL,NULL,NULL,NULL,NULL,NULL,'M',0,NULL,NULL,NULL,NULL,NULL,NULL,NULL,NULL,NULL,NULL,NULL,NULL,NULL,NULL,NULL,'2013-05-10 17:33:36',0,0,NULL,NULL,NULL,0,NULL,1,NULL),(146,'44708301001',NULL,NULL,NULL,NULL,NULL,1,NULL,NULL,'2013-05-09',NULL,'MWIKWABE DANIEL CHACHA','MW','MWIKWABE D\r',NULL,NULL,NULL,NULL,NULL,NULL,NULL,NULL,'M',0,NULL,NULL,NULL,NULL,NULL,NULL,NULL,NULL,NULL,NULL,NULL,NULL,NULL,NULL,NULL,'2013-05-10 17:33:36',0,0,NULL,NULL,NULL,0,NULL,1,NULL),(147,'44708301064',NULL,NULL,NULL,NULL,NULL,1,NULL,NULL,'2013-05-10',NULL,'MAROA MWITA FESTUS','MA','MAROA MWIT\r',NULL,NULL,NULL,NULL,NULL,NULL,NULL,NULL,'M',0,NULL,NULL,NULL,NULL,NULL,NULL,NULL,NULL,NULL,NULL,NULL,NULL,NULL,NULL,NULL,'2013-05-10 17:33:36',0,0,NULL,NULL,NULL,0,NULL,1,NULL),(148,'44708301002',NULL,NULL,NULL,NULL,NULL,1,NULL,NULL,'2013-05-11',NULL,'ROBI EDWIN','RO','ROBI EDWIN\r',NULL,NULL,NULL,NULL,NULL,NULL,NULL,NULL,'M',0,NULL,NULL,NULL,NULL,NULL,NULL,NULL,NULL,NULL,NULL,NULL,NULL,NULL,NULL,NULL,'2013-05-10 17:33:36',0,0,NULL,NULL,NULL,0,NULL,1,NULL),(149,'44708301066',NULL,NULL,NULL,NULL,NULL,1,NULL,NULL,'2013-05-12',NULL,'KIANGWE DAVID SINDA','KI','KIANGWE DA\r',NULL,NULL,NULL,NULL,NULL,NULL,NULL,NULL,'M',0,NULL,NULL,NULL,NULL,NULL,NULL,NULL,NULL,NULL,NULL,NULL,NULL,NULL,NULL,NULL,'2013-05-10 17:33:36',0,0,NULL,NULL,NULL,0,NULL,1,NULL),(150,'44708301065',NULL,NULL,NULL,NULL,NULL,1,NULL,NULL,'2013-05-13',NULL,'MWITA RAPHAEL KERARABWI','MW','MWITA RAPH\r',NULL,NULL,NULL,NULL,NULL,NULL,NULL,NULL,'M',0,NULL,NULL,NULL,NULL,NULL,NULL,NULL,NULL,NULL,NULL,NULL,NULL,NULL,NULL,NULL,'2013-05-10 17:33:36',0,0,NULL,NULL,NULL,0,NULL,1,NULL),(151,'44708301063',NULL,NULL,NULL,NULL,NULL,1,NULL,NULL,'2013-05-14',NULL,'BOKE ELIJAH MASIAGA','BO','BOKE ELIJA\r',NULL,NULL,NULL,NULL,NULL,NULL,NULL,NULL,'M',0,NULL,NULL,NULL,NULL,NULL,NULL,NULL,NULL,NULL,NULL,NULL,NULL,NULL,NULL,NULL,'2013-05-10 17:33:36',0,0,NULL,NULL,NULL,0,NULL,1,NULL),(152,'44708301067',NULL,NULL,NULL,NULL,NULL,1,NULL,NULL,'2013-05-15',NULL,'MURIMI CHARLES CHACHA','MU','MURIMI CHA\r',NULL,NULL,NULL,NULL,NULL,NULL,NULL,NULL,'M',0,NULL,NULL,NULL,NULL,NULL,NULL,NULL,NULL,NULL,NULL,NULL,NULL,NULL,NULL,NULL,'2013-05-10 17:33:36',0,0,NULL,NULL,NULL,0,NULL,1,NULL),(153,'44708301009',NULL,NULL,NULL,NULL,NULL,1,NULL,NULL,'2013-05-16',NULL,'BOKE LILIAN BOKE','BO','BOKE LILIA\r',NULL,NULL,NULL,NULL,NULL,NULL,NULL,NULL,'F',0,NULL,NULL,NULL,NULL,NULL,NULL,NULL,NULL,NULL,NULL,NULL,NULL,NULL,NULL,NULL,'2013-05-10 17:33:36',0,0,NULL,NULL,NULL,0,NULL,1,NULL),(154,'44708301012',NULL,NULL,NULL,NULL,NULL,1,NULL,NULL,'2013-05-17',NULL,'KENYATTA JOB','KE','KENYATTA J\r',NULL,NULL,NULL,NULL,NULL,NULL,NULL,NULL,'M',0,NULL,NULL,NULL,NULL,NULL,NULL,NULL,NULL,NULL,NULL,NULL,NULL,NULL,NULL,NULL,'2013-05-10 17:33:36',0,0,NULL,NULL,NULL,0,NULL,1,NULL),(155,'44708301022',NULL,NULL,NULL,NULL,NULL,1,NULL,NULL,'2013-05-18',NULL,'NSATO SABASTIAN NYANGI','NS','NSATO SABA\r',NULL,NULL,NULL,NULL,NULL,NULL,NULL,NULL,'M',0,NULL,NULL,NULL,NULL,NULL,NULL,NULL,NULL,NULL,NULL,NULL,NULL,NULL,NULL,NULL,'2013-05-10 17:33:36',0,0,NULL,NULL,NULL,0,NULL,1,NULL),(156,'44708301013',NULL,NULL,NULL,NULL,NULL,1,NULL,NULL,'2013-05-19',NULL,'MIGIGE V NYAMBURA','MI','MIGIGE V N\r',NULL,NULL,NULL,NULL,NULL,NULL,NULL,NULL,'F',0,NULL,NULL,NULL,NULL,NULL,NULL,NULL,NULL,NULL,NULL,NULL,NULL,NULL,NULL,NULL,'2013-05-10 17:33:36',0,0,NULL,NULL,NULL,0,NULL,1,NULL),(157,'44708301060',NULL,NULL,NULL,NULL,NULL,1,NULL,NULL,'2013-05-20',NULL,'WANKURU GEORGE MWITA','WA','WANKURU GE\r',NULL,NULL,NULL,NULL,NULL,NULL,NULL,NULL,'M',0,NULL,NULL,NULL,NULL,NULL,NULL,NULL,NULL,NULL,NULL,NULL,NULL,NULL,NULL,NULL,'2013-05-10 17:33:36',0,0,NULL,NULL,NULL,0,NULL,1,NULL),(158,'44708301003',NULL,NULL,NULL,NULL,NULL,1,NULL,NULL,'2013-05-21',NULL,'MOKAMI PETER MAROA','MO','MOKAMI PET\r',NULL,NULL,NULL,NULL,NULL,NULL,NULL,NULL,'M',0,NULL,NULL,NULL,NULL,NULL,NULL,NULL,NULL,NULL,NULL,NULL,NULL,NULL,NULL,NULL,'2013-05-10 17:33:36',0,0,NULL,NULL,NULL,0,NULL,1,NULL),(159,'44708301052',NULL,NULL,NULL,NULL,NULL,1,NULL,NULL,'2013-05-22',NULL,'NG\'ARASI NORMAN MOTATIRO','NG','NG\'ARASI N\r',NULL,NULL,NULL,NULL,NULL,NULL,NULL,NULL,'M',0,NULL,NULL,NULL,NULL,NULL,NULL,NULL,NULL,NULL,NULL,NULL,NULL,NULL,NULL,NULL,'2013-05-10 17:33:36',0,0,NULL,NULL,NULL,0,NULL,1,NULL),(160,'44708301004',NULL,NULL,NULL,NULL,NULL,1,NULL,NULL,'2013-05-23',NULL,'BLACKTONE CHAMA MARWA','BL','BLACKTONE \r',NULL,NULL,NULL,NULL,NULL,NULL,NULL,NULL,'M',0,NULL,NULL,NULL,NULL,NULL,NULL,NULL,NULL,NULL,NULL,NULL,NULL,NULL,NULL,NULL,'2013-05-10 17:33:36',0,0,NULL,NULL,NULL,0,NULL,1,NULL),(161,'44708301008',NULL,NULL,NULL,NULL,NULL,1,NULL,NULL,'2013-05-24',NULL,'SIMION CHACHA SAMWEL','SI','SIMION CHA\r',NULL,NULL,NULL,NULL,NULL,NULL,NULL,NULL,'M',0,NULL,NULL,NULL,NULL,NULL,NULL,NULL,NULL,NULL,NULL,NULL,NULL,NULL,NULL,NULL,'2013-05-10 17:33:36',0,0,NULL,NULL,NULL,0,NULL,1,NULL),(162,'44708301015',NULL,NULL,NULL,NULL,NULL,1,NULL,NULL,'2013-05-25',NULL,'KERARIO SAMSON NKININA','KE','KERARIO SA\r',NULL,NULL,NULL,NULL,NULL,NULL,NULL,NULL,'M',0,NULL,NULL,NULL,NULL,NULL,NULL,NULL,NULL,NULL,NULL,NULL,NULL,NULL,NULL,NULL,'2013-05-10 17:33:36',0,0,NULL,NULL,NULL,0,NULL,1,NULL),(163,'44708301016',NULL,NULL,NULL,NULL,NULL,1,NULL,NULL,'2013-05-26',NULL,'MWITA JOHNSON N','MW','MWITA JOHN\r',NULL,NULL,NULL,NULL,NULL,NULL,NULL,NULL,'M',0,NULL,NULL,NULL,NULL,NULL,NULL,NULL,NULL,NULL,NULL,NULL,NULL,NULL,NULL,NULL,'2013-05-10 17:33:36',0,0,NULL,NULL,NULL,0,NULL,1,NULL),(164,'44708301027',NULL,NULL,NULL,NULL,NULL,1,NULL,NULL,'2013-05-27',NULL,'MAROA SAMSON JUMA','MA','MAROA SAMS\r',NULL,NULL,NULL,NULL,NULL,NULL,NULL,NULL,'M',0,NULL,NULL,NULL,NULL,NULL,NULL,NULL,NULL,NULL,NULL,NULL,NULL,NULL,NULL,NULL,'2013-05-10 17:33:36',0,0,NULL,NULL,NULL,0,NULL,1,NULL),(165,'44708301053',NULL,NULL,NULL,NULL,NULL,1,NULL,NULL,'2013-05-28',NULL,'MOKAMI MARGARET M','MO','MOKAMI MAR\r',NULL,NULL,NULL,NULL,NULL,NULL,NULL,NULL,'F',0,NULL,NULL,NULL,NULL,NULL,NULL,NULL,NULL,NULL,NULL,NULL,NULL,NULL,NULL,NULL,'2013-05-10 17:33:36',0,0,NULL,NULL,NULL,0,NULL,1,NULL),(166,'44708301046',NULL,NULL,NULL,NULL,NULL,1,NULL,NULL,'2013-05-29',NULL,'BOKE SAMM CHRISTINE','BO','BOKE SAMM \r',NULL,NULL,NULL,NULL,NULL,NULL,NULL,NULL,'F',0,NULL,NULL,NULL,NULL,NULL,NULL,NULL,NULL,NULL,NULL,NULL,NULL,NULL,NULL,NULL,'2013-05-10 17:33:36',0,0,NULL,NULL,NULL,0,NULL,1,NULL),(167,'44708301062',NULL,NULL,NULL,NULL,NULL,1,NULL,NULL,'2013-05-30',NULL,'MARIGI JOHN SAIYA','MA','MARIGI JOH\r',NULL,NULL,NULL,NULL,NULL,NULL,NULL,NULL,'M',0,NULL,NULL,NULL,NULL,NULL,NULL,NULL,NULL,NULL,NULL,NULL,NULL,NULL,NULL,NULL,'2013-05-10 17:33:36',0,0,NULL,NULL,NULL,0,NULL,1,NULL),(168,'44708301023',NULL,NULL,NULL,NULL,NULL,1,NULL,NULL,'2013-05-31',NULL,'MASUBO JOHN GEMAINO','MA','MASUBO JOH\r',NULL,NULL,NULL,NULL,NULL,NULL,NULL,NULL,'M',0,NULL,NULL,NULL,NULL,NULL,NULL,NULL,NULL,NULL,NULL,NULL,NULL,NULL,NULL,NULL,'2013-05-10 17:33:36',0,0,NULL,NULL,NULL,0,NULL,1,NULL),(169,'44708301043',NULL,NULL,NULL,NULL,NULL,1,NULL,NULL,'2013-06-01',NULL,'MWITA PAUL JOHNSTONE','MW','MWITA PAUL\r',NULL,NULL,NULL,NULL,NULL,NULL,NULL,NULL,'M',0,NULL,NULL,NULL,NULL,NULL,NULL,NULL,NULL,NULL,NULL,NULL,NULL,NULL,NULL,NULL,'2013-05-10 17:33:36',0,0,NULL,NULL,NULL,0,NULL,1,NULL),(170,'44708301006',NULL,NULL,NULL,NULL,NULL,1,NULL,NULL,'2013-06-02',NULL,'WANKIO ERICK MACHUMBE','WA','WANKIO ERI\r',NULL,NULL,NULL,NULL,NULL,NULL,NULL,NULL,'M',0,NULL,NULL,NULL,NULL,NULL,NULL,NULL,NULL,NULL,NULL,NULL,NULL,NULL,NULL,NULL,'2013-05-10 17:33:36',0,0,NULL,NULL,NULL,0,NULL,1,NULL),(171,'44708301007',NULL,NULL,NULL,NULL,NULL,1,NULL,NULL,'2013-06-03',NULL,'MWITA DALVIN JOHN','MW','MWITA DALV\r',NULL,NULL,NULL,NULL,NULL,NULL,NULL,NULL,'M',0,NULL,NULL,NULL,NULL,NULL,NULL,NULL,NULL,NULL,NULL,NULL,NULL,NULL,NULL,NULL,'2013-05-10 17:33:36',0,0,NULL,NULL,NULL,0,NULL,1,NULL),(172,'44708301011',NULL,NULL,NULL,NULL,NULL,1,NULL,NULL,'2013-06-04',NULL,'CHACHA CLEOPHAS CALEB','CH','CHACHA CLE\r',NULL,NULL,NULL,NULL,NULL,NULL,NULL,NULL,'M',0,NULL,NULL,NULL,NULL,NULL,NULL,NULL,NULL,NULL,NULL,NULL,NULL,NULL,NULL,NULL,'2013-05-10 17:33:36',0,0,NULL,NULL,NULL,0,NULL,1,NULL),(173,'44708301042',NULL,NULL,NULL,NULL,NULL,1,NULL,NULL,'2013-06-05',NULL,'BOKE JUDITH SEGERE','BO','BOKE JUDIT\r',NULL,NULL,NULL,NULL,NULL,NULL,NULL,NULL,'M',0,NULL,NULL,NULL,NULL,NULL,NULL,NULL,NULL,NULL,NULL,NULL,NULL,NULL,NULL,NULL,'2013-05-10 17:33:36',0,0,NULL,NULL,NULL,0,NULL,1,NULL),(174,'44708301051',NULL,NULL,NULL,NULL,NULL,1,NULL,NULL,'2013-06-06',NULL,'MWIKWABE LUCY RIOBA','MW','MWIKWABE L\r',NULL,NULL,NULL,NULL,NULL,NULL,NULL,NULL,'F',0,NULL,NULL,NULL,NULL,NULL,NULL,NULL,NULL,NULL,NULL,NULL,NULL,NULL,NULL,NULL,'2013-05-10 17:33:36',0,0,NULL,NULL,NULL,0,NULL,1,NULL),(175,'44708301069',NULL,NULL,NULL,NULL,NULL,1,NULL,NULL,'2013-06-07',NULL,'MATIKO CAROLINE CHACHA','MA','MATIKO CAR\r',NULL,NULL,NULL,NULL,NULL,NULL,NULL,NULL,'F',0,NULL,NULL,NULL,NULL,NULL,NULL,NULL,NULL,NULL,NULL,NULL,NULL,NULL,NULL,NULL,'2013-05-10 17:33:36',0,0,NULL,NULL,NULL,0,NULL,1,NULL),(176,'44708301070',NULL,NULL,NULL,NULL,NULL,1,NULL,NULL,'2013-06-08',NULL,'CHACHA N THOMAS','CH','CHACHA N T\r',NULL,NULL,NULL,NULL,NULL,NULL,NULL,NULL,'M',0,NULL,NULL,NULL,NULL,NULL,NULL,NULL,NULL,NULL,NULL,NULL,NULL,NULL,NULL,NULL,'2013-05-10 17:33:36',0,0,NULL,NULL,NULL,0,NULL,1,NULL),(177,'44708301014',NULL,NULL,NULL,NULL,NULL,1,NULL,NULL,'2013-06-09',NULL,'MWITA OBADIAH GHATI','MW','MWITA OBAD\r',NULL,NULL,NULL,NULL,NULL,NULL,NULL,NULL,'M',0,NULL,NULL,NULL,NULL,NULL,NULL,NULL,NULL,NULL,NULL,NULL,NULL,NULL,NULL,NULL,'2013-05-10 17:33:36',0,0,NULL,NULL,NULL,0,NULL,1,NULL),(178,'44708301019',NULL,NULL,NULL,NULL,NULL,1,NULL,NULL,'2013-06-10',NULL,'MARWA SARAH C','MA','MARWA SARA\r',NULL,NULL,NULL,NULL,NULL,NULL,NULL,NULL,'F',0,NULL,NULL,NULL,NULL,NULL,NULL,NULL,NULL,NULL,NULL,NULL,NULL,NULL,NULL,NULL,'2013-05-10 17:33:36',0,0,NULL,NULL,NULL,0,NULL,1,NULL),(179,'44708301026',NULL,NULL,NULL,NULL,NULL,1,NULL,NULL,'2013-06-11',NULL,'ORINA ONDARI CLEOPHAS','OR','ORINA ONDA\r',NULL,NULL,NULL,NULL,NULL,NULL,NULL,NULL,'M',0,NULL,NULL,NULL,NULL,NULL,NULL,NULL,NULL,NULL,NULL,NULL,NULL,NULL,NULL,NULL,'2013-05-10 17:33:36',0,0,NULL,NULL,NULL,0,NULL,1,NULL),(180,'44708301032',NULL,NULL,NULL,NULL,NULL,1,NULL,NULL,'2013-06-12',NULL,'MANG\'ITI PAUL JOHN','MA','MANG\'ITI P\r',NULL,NULL,NULL,NULL,NULL,NULL,NULL,NULL,'M',0,NULL,NULL,NULL,NULL,NULL,NULL,NULL,NULL,NULL,NULL,NULL,NULL,NULL,NULL,NULL,'2013-05-10 17:33:36',0,0,NULL,NULL,NULL,0,NULL,1,NULL),(181,'44708301045',NULL,NULL,NULL,NULL,NULL,1,NULL,NULL,'2013-06-13',NULL,'ROBI JOSEPHINE GESAMBI','RO','ROBI JOSEP\r',NULL,NULL,NULL,NULL,NULL,NULL,NULL,NULL,'F',0,NULL,NULL,NULL,NULL,NULL,NULL,NULL,NULL,NULL,NULL,NULL,NULL,NULL,NULL,NULL,'2013-05-10 17:33:36',0,0,NULL,NULL,NULL,0,NULL,1,NULL),(182,'44708301021',NULL,NULL,NULL,NULL,NULL,1,NULL,NULL,'2013-06-14',NULL,'WEGESA SUSAN MWITA','WE','WEGESA SUS\r',NULL,NULL,NULL,NULL,NULL,NULL,NULL,NULL,'F',0,NULL,NULL,NULL,NULL,NULL,NULL,NULL,NULL,NULL,NULL,NULL,NULL,NULL,NULL,NULL,'2013-05-10 17:33:36',0,0,NULL,NULL,NULL,0,NULL,1,NULL),(183,'44708301024',NULL,NULL,NULL,NULL,NULL,1,NULL,NULL,'2013-06-15',NULL,'OTIENO FELIX JUMA','OT','OTIENO FEL\r',NULL,NULL,NULL,NULL,NULL,NULL,NULL,NULL,'M',0,NULL,NULL,NULL,NULL,NULL,NULL,NULL,NULL,NULL,NULL,NULL,NULL,NULL,NULL,NULL,'2013-05-10 17:33:36',0,0,NULL,NULL,NULL,0,NULL,1,NULL),(184,'44708301039',NULL,NULL,NULL,NULL,NULL,1,NULL,NULL,'2013-06-16',NULL,'MATINDE EVERLINE BOKEYE','MA','MATINDE EV\r',NULL,NULL,NULL,NULL,NULL,NULL,NULL,NULL,'F',0,NULL,NULL,NULL,NULL,NULL,NULL,NULL,NULL,NULL,NULL,NULL,NULL,NULL,NULL,NULL,'2013-05-10 17:33:36',0,0,NULL,NULL,NULL,0,NULL,1,NULL),(185,'44708301005',NULL,NULL,NULL,NULL,NULL,1,NULL,NULL,'2013-06-17',NULL,'MAROA SAMUEL CHACHA','MA','MAROA SAMU\r',NULL,NULL,NULL,NULL,NULL,NULL,NULL,NULL,'M',0,NULL,NULL,NULL,NULL,NULL,NULL,NULL,NULL,NULL,NULL,NULL,NULL,NULL,NULL,NULL,'2013-05-10 17:33:36',0,0,NULL,NULL,NULL,0,NULL,1,NULL),(186,'44708301010',NULL,NULL,NULL,NULL,NULL,1,NULL,NULL,'2013-06-18',NULL,'KENYANSA WESLEY KWAMESA','KE','KENYANSA W\r',NULL,NULL,NULL,NULL,NULL,NULL,NULL,NULL,'M',0,NULL,NULL,NULL,NULL,NULL,NULL,NULL,NULL,NULL,NULL,NULL,NULL,NULL,NULL,NULL,'2013-05-10 17:33:36',0,0,NULL,NULL,NULL,0,NULL,1,NULL),(187,'44708301017',NULL,NULL,NULL,NULL,NULL,1,NULL,NULL,'2013-06-19',NULL,'NYAHIRI JOHNES RIOBA','NY','NYAHIRI JO\r',NULL,NULL,NULL,NULL,NULL,NULL,NULL,NULL,'M',0,NULL,NULL,NULL,NULL,NULL,NULL,NULL,NULL,NULL,NULL,NULL,NULL,NULL,NULL,NULL,'2013-05-10 17:33:36',0,0,NULL,NULL,NULL,0,NULL,1,NULL),(188,'44708301037',NULL,NULL,NULL,NULL,NULL,1,NULL,NULL,'2013-06-20',NULL,'ROBI VENIC JOHN','RO','ROBI VENIC\r',NULL,NULL,NULL,NULL,NULL,NULL,NULL,NULL,'F',0,NULL,NULL,NULL,NULL,NULL,NULL,NULL,NULL,NULL,NULL,NULL,NULL,NULL,NULL,NULL,'2013-05-10 17:33:36',0,0,NULL,NULL,NULL,0,NULL,1,NULL),(189,'44708301048',NULL,NULL,NULL,NULL,NULL,1,NULL,NULL,'2013-06-21',NULL,'CHACHA SAMSON NYAMBOGAI','CH','CHACHA SAM\r',NULL,NULL,NULL,NULL,NULL,NULL,NULL,NULL,'M',0,NULL,NULL,NULL,NULL,NULL,NULL,NULL,NULL,NULL,NULL,NULL,NULL,NULL,NULL,NULL,'2013-05-10 17:33:36',0,0,NULL,NULL,NULL,0,NULL,1,NULL),(190,'44708301059',NULL,NULL,NULL,NULL,NULL,1,NULL,NULL,'2013-06-22',NULL,'GATI DANIEL SAMSON','GA','GATI DANIE\r',NULL,NULL,NULL,NULL,NULL,NULL,NULL,NULL,'M',0,NULL,NULL,NULL,NULL,NULL,NULL,NULL,NULL,NULL,NULL,NULL,NULL,NULL,NULL,NULL,'2013-05-10 17:33:36',0,0,NULL,NULL,NULL,0,NULL,1,NULL),(191,'44708301020',NULL,NULL,NULL,NULL,NULL,1,NULL,NULL,'2013-06-23',NULL,'NYAMWITA JAMES MAROA','NY','NYAMWITA J\r',NULL,NULL,NULL,NULL,NULL,NULL,NULL,NULL,'M',0,NULL,NULL,NULL,NULL,NULL,NULL,NULL,NULL,NULL,NULL,NULL,NULL,NULL,NULL,NULL,'2013-05-10 17:33:36',0,0,NULL,NULL,NULL,0,NULL,1,NULL),(192,'44708301054',NULL,NULL,NULL,NULL,NULL,1,NULL,NULL,'2013-06-24',NULL,'MATIKO PHILEMON GOSIANI','MA','MATIKO PHI\r',NULL,NULL,NULL,NULL,NULL,NULL,NULL,NULL,'M',0,NULL,NULL,NULL,NULL,NULL,NULL,NULL,NULL,NULL,NULL,NULL,NULL,NULL,NULL,NULL,'2013-05-10 17:33:36',0,0,NULL,NULL,NULL,0,NULL,1,NULL),(193,'44708301035',NULL,NULL,NULL,NULL,NULL,1,NULL,NULL,'2013-06-25',NULL,'NYAMBURI JUSTUS MWITA','NY','NYAMBURI J\r',NULL,NULL,NULL,NULL,NULL,NULL,NULL,NULL,'M',0,NULL,NULL,NULL,NULL,NULL,NULL,NULL,NULL,NULL,NULL,NULL,NULL,NULL,NULL,NULL,'2013-05-10 17:33:36',0,0,NULL,NULL,NULL,0,NULL,1,NULL),(194,'44708301047',NULL,NULL,NULL,NULL,NULL,1,NULL,NULL,'2013-06-26',NULL,'MATIKO ALEX M','MA','MATIKO ALE\r',NULL,NULL,NULL,NULL,NULL,NULL,NULL,NULL,'M',0,NULL,NULL,NULL,NULL,NULL,NULL,NULL,NULL,NULL,NULL,NULL,NULL,NULL,NULL,NULL,'2013-05-10 17:33:36',0,0,NULL,NULL,NULL,0,NULL,1,NULL),(195,'44708301041',NULL,NULL,NULL,NULL,NULL,1,NULL,NULL,'2013-06-27',NULL,'NYAROGERO T BARITIRE','NY','NYAROGERO \r',NULL,NULL,NULL,NULL,NULL,NULL,NULL,NULL,'F',0,NULL,NULL,NULL,NULL,NULL,NULL,NULL,NULL,NULL,NULL,NULL,NULL,NULL,NULL,NULL,'2013-05-10 17:33:36',0,0,NULL,NULL,NULL,0,NULL,1,NULL),(196,'44708301018',NULL,NULL,NULL,NULL,NULL,1,NULL,NULL,'2013-06-28',NULL,'ONYANGO ROBERT ONGOJO','ON','ONYANGO RO\r',NULL,NULL,NULL,NULL,NULL,NULL,NULL,NULL,'M',0,NULL,NULL,NULL,NULL,NULL,NULL,NULL,NULL,NULL,NULL,NULL,NULL,NULL,NULL,NULL,'2013-05-10 17:33:36',0,0,NULL,NULL,NULL,0,NULL,1,NULL),(197,'44708301034',NULL,NULL,NULL,NULL,NULL,1,NULL,NULL,'2013-06-29',NULL,'THOMAS GIBITERE JOHN','TH','THOMAS GIB\r',NULL,NULL,NULL,NULL,NULL,NULL,NULL,NULL,'M',0,NULL,NULL,NULL,NULL,NULL,NULL,NULL,NULL,NULL,NULL,NULL,NULL,NULL,NULL,NULL,'2013-05-10 17:33:36',0,0,NULL,NULL,NULL,0,NULL,1,NULL),(198,'44708301038',NULL,NULL,NULL,NULL,NULL,1,NULL,NULL,'2013-06-30',NULL,'CHACHA PATRICE MAROA','CH','CHACHA PAT\r',NULL,NULL,NULL,NULL,NULL,NULL,NULL,NULL,'M',0,NULL,NULL,NULL,NULL,NULL,NULL,NULL,NULL,NULL,NULL,NULL,NULL,NULL,NULL,NULL,'2013-05-10 17:33:36',0,0,NULL,NULL,NULL,0,NULL,1,NULL),(199,'44708301030',NULL,NULL,NULL,NULL,NULL,1,NULL,NULL,'2013-07-01',NULL,'ROBI LUCY CHACHA','RO','ROBI LUCY \r',NULL,NULL,NULL,NULL,NULL,NULL,NULL,NULL,'F',0,NULL,NULL,NULL,NULL,NULL,NULL,NULL,NULL,NULL,NULL,NULL,NULL,NULL,NULL,NULL,'2013-05-10 17:33:36',0,0,NULL,NULL,NULL,0,NULL,1,NULL),(200,'44708301033',NULL,NULL,NULL,NULL,NULL,1,NULL,NULL,'2013-07-02',NULL,'MATIKO SHADRACK CHACHA','MA','MATIKO SHA\r',NULL,NULL,NULL,NULL,NULL,NULL,NULL,NULL,'M',0,NULL,NULL,NULL,NULL,NULL,NULL,NULL,NULL,NULL,NULL,NULL,NULL,NULL,NULL,NULL,'2013-05-10 17:33:36',0,0,NULL,NULL,NULL,0,NULL,1,NULL),(201,'44708301040',NULL,NULL,NULL,NULL,NULL,1,NULL,NULL,'2013-07-03',NULL,'NYANGI PHILIP MOHONO','NY','NYANGI PHI\r',NULL,NULL,NULL,NULL,NULL,NULL,NULL,NULL,'M',0,NULL,NULL,NULL,NULL,NULL,NULL,NULL,NULL,NULL,NULL,NULL,NULL,NULL,NULL,NULL,'2013-05-10 17:33:36',0,0,NULL,NULL,NULL,0,NULL,1,NULL),(202,'44708301055',NULL,NULL,NULL,NULL,NULL,1,NULL,NULL,'2013-07-04',NULL,'BHOKE REBECCA MWITA','BH','BHOKE REBE\r',NULL,NULL,NULL,NULL,NULL,NULL,NULL,NULL,'F',0,NULL,NULL,NULL,NULL,NULL,NULL,NULL,NULL,NULL,NULL,NULL,NULL,NULL,NULL,NULL,'2013-05-10 17:33:36',0,0,NULL,NULL,NULL,0,NULL,1,NULL),(203,'44708301025',NULL,NULL,NULL,NULL,NULL,1,NULL,NULL,'2013-07-05',NULL,'ESPINE JOHNSON HABINI','ES','ESPINE JOH\r',NULL,NULL,NULL,NULL,NULL,NULL,NULL,NULL,'F',0,NULL,NULL,NULL,NULL,NULL,NULL,NULL,NULL,NULL,NULL,NULL,NULL,NULL,NULL,NULL,'2013-05-10 17:33:36',0,0,NULL,NULL,NULL,0,NULL,1,NULL),(204,'44708301050',NULL,NULL,NULL,NULL,NULL,1,NULL,NULL,'2013-07-06',NULL,' MOKAMI ESTHER WANKURU',' M',' MOKAMI ES\r',NULL,NULL,NULL,NULL,NULL,NULL,NULL,NULL,'F',0,NULL,NULL,NULL,NULL,NULL,NULL,NULL,NULL,NULL,NULL,NULL,NULL,NULL,NULL,NULL,'2013-05-10 17:33:36',0,0,NULL,NULL,NULL,0,NULL,1,NULL),(205,'44708301036',NULL,NULL,NULL,NULL,NULL,1,NULL,NULL,'2013-07-07',NULL,'MACHUGU EVANS WANKURU','MA','MACHUGU EV\r',NULL,NULL,NULL,NULL,NULL,NULL,NULL,NULL,'M',0,NULL,NULL,NULL,NULL,NULL,NULL,NULL,NULL,NULL,NULL,NULL,NULL,NULL,NULL,NULL,'2013-05-10 17:33:36',0,0,NULL,NULL,NULL,0,NULL,1,NULL),(206,'44708301029',NULL,NULL,NULL,NULL,NULL,1,NULL,NULL,'2013-07-08',NULL,'MWITA MWIKWABE THOMAS','MW','MWITA MWIK\r',NULL,NULL,NULL,NULL,NULL,NULL,NULL,NULL,'M',0,NULL,NULL,NULL,NULL,NULL,NULL,NULL,NULL,NULL,NULL,NULL,NULL,NULL,NULL,NULL,'2013-05-10 17:33:36',0,0,NULL,NULL,NULL,0,NULL,1,NULL),(207,'44708301056',NULL,NULL,NULL,NULL,NULL,1,NULL,NULL,'2013-07-09',NULL,'MARWA CAROLINE','MA','MARWA CARO\r',NULL,NULL,NULL,NULL,NULL,NULL,NULL,NULL,'F',0,NULL,NULL,NULL,NULL,NULL,NULL,NULL,NULL,NULL,NULL,NULL,NULL,NULL,NULL,NULL,'2013-05-10 17:33:36',0,0,NULL,NULL,NULL,0,NULL,1,NULL),(208,'44708301057',NULL,NULL,NULL,NULL,NULL,1,NULL,NULL,'2013-07-10',NULL,'BOKE SARAH JOHN','BO','BOKE SARAH\r',NULL,NULL,NULL,NULL,NULL,NULL,NULL,NULL,'F',0,NULL,NULL,NULL,NULL,NULL,NULL,NULL,NULL,NULL,NULL,NULL,NULL,NULL,NULL,NULL,'2013-05-10 17:33:36',0,0,NULL,NULL,NULL,0,NULL,1,NULL),(209,'44708301028',NULL,NULL,NULL,NULL,NULL,1,NULL,NULL,'2013-07-11',NULL,'MUTURI DAVID MWITA','MU','MUTURI DAV\r',NULL,NULL,NULL,NULL,NULL,NULL,NULL,NULL,'M',0,NULL,NULL,NULL,NULL,NULL,NULL,NULL,NULL,NULL,NULL,NULL,NULL,NULL,NULL,NULL,'2013-05-10 17:33:36',0,0,NULL,NULL,NULL,0,NULL,1,NULL),(210,'44708301031',NULL,NULL,NULL,NULL,NULL,1,NULL,NULL,'2013-07-12',NULL,'CHACHA ISAAC MURUGA','CH','CHACHA ISA\r',NULL,NULL,NULL,NULL,NULL,NULL,NULL,NULL,'M',0,NULL,NULL,NULL,NULL,NULL,NULL,NULL,NULL,NULL,NULL,NULL,NULL,NULL,NULL,NULL,'2013-05-10 17:33:36',0,0,NULL,NULL,NULL,0,NULL,1,NULL),(211,'44708301058',NULL,NULL,NULL,NULL,NULL,1,NULL,NULL,'2013-07-13',NULL,'OJALLA JOYCE AKOTH','OJ','OJALLA JOY\r',NULL,NULL,NULL,NULL,NULL,NULL,NULL,NULL,'F',0,NULL,NULL,NULL,NULL,NULL,NULL,NULL,NULL,NULL,NULL,NULL,NULL,NULL,NULL,NULL,'2013-05-10 17:33:36',0,0,NULL,NULL,NULL,0,NULL,1,NULL),(212,'44708301044',NULL,NULL,NULL,NULL,NULL,1,NULL,NULL,'2013-07-14',NULL,'WEREMA MWITA BENSON','WE','WEREMA MWI\r',NULL,NULL,NULL,NULL,NULL,NULL,NULL,NULL,'M',0,NULL,NULL,NULL,NULL,NULL,NULL,NULL,NULL,NULL,NULL,NULL,NULL,NULL,NULL,NULL,'2013-05-10 17:33:36',0,0,NULL,NULL,NULL,0,NULL,1,NULL),(213,'44708301049',NULL,NULL,NULL,NULL,NULL,1,NULL,NULL,'2013-07-15',NULL,'NYAMOHANGA PETER MASAKWI','NY','NYAMOHANGA\r',NULL,NULL,NULL,NULL,NULL,NULL,NULL,NULL,'M',0,NULL,NULL,NULL,NULL,NULL,NULL,NULL,NULL,NULL,NULL,NULL,NULL,NULL,NULL,NULL,'2013-05-10 17:33:36',0,0,NULL,NULL,NULL,0,NULL,1,NULL),(214,'44708301061',NULL,NULL,NULL,NULL,NULL,1,NULL,NULL,'2013-07-16',NULL,'MOSAMA AMOS MENG\'ANYI','MO','MOSAMA AMO\r',NULL,NULL,NULL,NULL,NULL,NULL,NULL,NULL,'M',0,NULL,NULL,NULL,NULL,NULL,NULL,NULL,NULL,NULL,NULL,NULL,NULL,NULL,NULL,NULL,'2013-05-10 17:33:36',0,0,NULL,NULL,NULL,0,NULL,1,NULL),(215,'44708301071',NULL,NULL,NULL,NULL,NULL,1,NULL,NULL,'2013-07-17',NULL,'NKONYA JOHANNES JOSEPH','NK','NKONYA JOH\r',NULL,NULL,NULL,NULL,NULL,NULL,NULL,NULL,'M',0,NULL,NULL,NULL,NULL,NULL,NULL,NULL,NULL,NULL,NULL,NULL,NULL,NULL,NULL,NULL,'2013-05-10 17:33:36',0,0,NULL,NULL,NULL,0,NULL,1,NULL);
/*!40000 ALTER TABLE `student` ENABLE KEYS */;
UNLOCK TABLES;

--
-- Table structure for table `security_questions`
--

DROP TABLE IF EXISTS `security_questions`;
/*!40101 SET @saved_cs_client     = @@character_set_client */;
/*!40101 SET character_set_client = utf8 */;
CREATE TABLE `security_questions` (
  `SECURITY_QUESTIONS_ID` int(11) NOT NULL AUTO_INCREMENT,
  `SECURITY_QUESTION` varchar(100) NOT NULL,
  `MODIFIED_DATE` timestamp NOT NULL DEFAULT CURRENT_TIMESTAMP ON UPDATE CURRENT_TIMESTAMP,
  PRIMARY KEY (`SECURITY_QUESTIONS_ID`)
) ENGINE=InnoDB AUTO_INCREMENT=8 DEFAULT CHARSET=latin1;
/*!40101 SET character_set_client = @saved_cs_client */;

--
-- Dumping data for table `security_questions`
--

LOCK TABLES `security_questions` WRITE;
/*!40000 ALTER TABLE `security_questions` DISABLE KEYS */;
INSERT INTO `security_questions` VALUES (1,'What is the name of your best friend from Childhood?','2012-01-05 06:28:24'),(2,'What was the name of your first teacher?','2012-01-05 06:28:54'),(3,'What is your mothers madden name?','2013-05-08 17:00:06'),(4,'What is your favorite Vehicle?','2012-01-05 06:29:27'),(5,'What is your favorite Color?','2012-01-05 06:29:27'),(6,'What is your Heros name?','2013-05-08 17:00:06'),(7,'What is your favorite Novel?','2012-01-05 06:29:27');
/*!40000 ALTER TABLE `security_questions` ENABLE KEYS */;
UNLOCK TABLES;

--
-- Table structure for table `nationality`
--

DROP TABLE IF EXISTS `nationality`;
/*!40101 SET @saved_cs_client     = @@character_set_client */;
/*!40101 SET character_set_client = utf8 */;
CREATE TABLE `nationality` (
  `NATIONALITY_ID` int(11) NOT NULL AUTO_INCREMENT,
  `DESCRIPTION` varchar(45) NOT NULL,
  `MODIFIED_TIME` timestamp NOT NULL DEFAULT CURRENT_TIMESTAMP ON UPDATE CURRENT_TIMESTAMP,
  PRIMARY KEY (`NATIONALITY_ID`),
  UNIQUE KEY `DESCRIPTION_UNIQUE` (`DESCRIPTION`)
) ENGINE=InnoDB AUTO_INCREMENT=12 DEFAULT CHARSET=latin1;
/*!40101 SET character_set_client = @saved_cs_client */;

--
-- Dumping data for table `nationality`
--

LOCK TABLES `nationality` WRITE;
/*!40000 ALTER TABLE `nationality` DISABLE KEYS */;
/*!40000 ALTER TABLE `nationality` ENABLE KEYS */;
UNLOCK TABLES;

--
-- Table structure for table `class`
--

DROP TABLE IF EXISTS `class`;
/*!40101 SET @saved_cs_client     = @@character_set_client */;
/*!40101 SET character_set_client = utf8 */;
CREATE TABLE `class` (
  `CLASS_ID` int(11) NOT NULL AUTO_INCREMENT,
  `DESCRIPTION` varchar(45) NOT NULL,
  `MODIFIED_TIME` timestamp NOT NULL DEFAULT CURRENT_TIMESTAMP ON UPDATE CURRENT_TIMESTAMP,
  PRIMARY KEY (`CLASS_ID`),
  UNIQUE KEY `DESCRIPTION_UNIQUE` (`DESCRIPTION`)
) ENGINE=InnoDB AUTO_INCREMENT=40 DEFAULT CHARSET=latin1;
/*!40101 SET character_set_client = @saved_cs_client */;

--
-- Dumping data for table `class`
--

LOCK TABLES `class` WRITE;
/*!40000 ALTER TABLE `class` DISABLE KEYS */;
INSERT INTO `class` VALUES (1,'1','2013-05-08 18:18:43'),(2,'2','2013-05-08 18:18:54'),(3,'3','2013-05-08 18:20:56'),(4,'4','2013-05-08 18:20:56'),(5,'5','2013-05-08 18:20:56'),(6,'6','2013-05-08 18:20:56'),(7,'7','2013-05-08 18:20:56'),(8,'8','2013-05-08 18:20:56'),(9,'9','2013-05-08 18:20:56'),(10,'0','2013-05-08 18:21:36');
/*!40000 ALTER TABLE `class` ENABLE KEYS */;
UNLOCK TABLES;

--
-- Table structure for table `achievement`
--

DROP TABLE IF EXISTS `achievement`;
/*!40101 SET @saved_cs_client     = @@character_set_client */;
/*!40101 SET character_set_client = utf8 */;
CREATE TABLE `achievement` (
  `ACHIEVEMENT_ID` int(11) NOT NULL AUTO_INCREMENT,
  `DESCRIPTION` varchar(400) NOT NULL,
  `STUDENT_ID` int(11) NOT NULL,
  `ACTIVITY` varchar(45) DEFAULT NULL,
  `YEAR` date DEFAULT NULL,
  `CLUB_SOCIETY_ID` int(11) DEFAULT NULL,
  `IS_ACADEMIC` tinyint(1) NOT NULL,
  `MODIFIED_TIME` timestamp NOT NULL DEFAULT CURRENT_TIMESTAMP ON UPDATE CURRENT_TIMESTAMP,
  PRIMARY KEY (`ACHIEVEMENT_ID`),
  KEY `fk_ACHIEVEMENTS_STUDENT1` (`STUDENT_ID`),
  KEY `fk_ACHIEVEMENT_CLUB_SOCIETY1` (`CLUB_SOCIETY_ID`),
  CONSTRAINT `fk_ACHIEVEMENTS_STUDENT1` FOREIGN KEY (`STUDENT_ID`) REFERENCES `student` (`STUDENT_ID`) ON UPDATE CASCADE,
  CONSTRAINT `fk_ACHIEVEMENT_CLUB_SOCIETY1` FOREIGN KEY (`CLUB_SOCIETY_ID`) REFERENCES `club_society` (`CLUB_SOCIETY_ID`) ON UPDATE CASCADE
) ENGINE=InnoDB DEFAULT CHARSET=latin1;
/*!40101 SET character_set_client = @saved_cs_client */;

--
-- Dumping data for table `achievement`
--

LOCK TABLES `achievement` WRITE;
/*!40000 ALTER TABLE `achievement` DISABLE KEYS */;
/*!40000 ALTER TABLE `achievement` ENABLE KEYS */;
UNLOCK TABLES;

--
-- Table structure for table `chapter`
--

DROP TABLE IF EXISTS `chapter`;
/*!40101 SET @saved_cs_client     = @@character_set_client */;
/*!40101 SET character_set_client = utf8 */;
CREATE TABLE `chapter` (
  `CHAPTER_ID` int(11) NOT NULL AUTO_INCREMENT,
  `GRADE_SUBJECT_ID` int(11) NOT NULL,
  `TERM_ID` int(11) NOT NULL,
  `CHAPTER_NO` int(11) NOT NULL,
  `MODIFIED_TIME` timestamp NOT NULL DEFAULT CURRENT_TIMESTAMP ON UPDATE CURRENT_TIMESTAMP,
  PRIMARY KEY (`CHAPTER_ID`),
  KEY `fk_CHAPTER_GRADE_SUBJECT1` (`GRADE_SUBJECT_ID`),
  KEY `fk_CHAPTER_TERM1` (`TERM_ID`),
  CONSTRAINT `fk_CHAPTER_GRADE_SUBJECT1` FOREIGN KEY (`GRADE_SUBJECT_ID`) REFERENCES `grade_subject` (`GRADE_SUBJECT_ID`) ON UPDATE CASCADE,
  CONSTRAINT `fk_CHAPTER_TERM1` FOREIGN KEY (`TERM_ID`) REFERENCES `term` (`TERM_ID`) ON UPDATE CASCADE
) ENGINE=InnoDB DEFAULT CHARSET=latin1;
/*!40101 SET character_set_client = @saved_cs_client */;

--
-- Dumping data for table `chapter`
--

LOCK TABLES `chapter` WRITE;
/*!40000 ALTER TABLE `chapter` DISABLE KEYS */;
/*!40000 ALTER TABLE `chapter` ENABLE KEYS */;
UNLOCK TABLES;

--
-- Table structure for table `language`
--

DROP TABLE IF EXISTS `language`;
/*!40101 SET @saved_cs_client     = @@character_set_client */;
/*!40101 SET character_set_client = utf8 */;
CREATE TABLE `language` (
  `LANGUAGE_ID` int(11) NOT NULL AUTO_INCREMENT,
  `LANGUAGE` varchar(45) NOT NULL,
  `MODIFIED_TIME` timestamp NOT NULL DEFAULT CURRENT_TIMESTAMP ON UPDATE CURRENT_TIMESTAMP,
  PRIMARY KEY (`LANGUAGE_ID`),
  UNIQUE KEY `LANGUAGE_UNIQUE` (`LANGUAGE`)
) ENGINE=InnoDB AUTO_INCREMENT=5 DEFAULT CHARSET=latin1;
/*!40101 SET character_set_client = @saved_cs_client */;

--
-- Dumping data for table `language`
--

LOCK TABLES `language` WRITE;
/*!40000 ALTER TABLE `language` DISABLE KEYS */;
/*!40000 ALTER TABLE `language` ENABLE KEYS */;
UNLOCK TABLES;

--
-- Table structure for table `staff_seminar`
--

DROP TABLE IF EXISTS `staff_seminar`;
/*!40101 SET @saved_cs_client     = @@character_set_client */;
/*!40101 SET character_set_client = utf8 */;
CREATE TABLE `staff_seminar` (
  `STAFF_SEMINAR_ID` int(11) NOT NULL,
  `STAFF_ID` int(11) NOT NULL,
  `SEMINAR_ID` int(11) NOT NULL,
  `DESCRIPTION` varchar(200) DEFAULT NULL,
  `YEAR` date NOT NULL,
  `STATUS` tinyint(4) DEFAULT NULL,
  `MODIFIED_TIME` timestamp NOT NULL DEFAULT CURRENT_TIMESTAMP ON UPDATE CURRENT_TIMESTAMP,
  PRIMARY KEY (`STAFF_SEMINAR_ID`),
  KEY `fk_STAFF_SEMINAR_STAFF1` (`STAFF_ID`),
  KEY `fk_STAFF_SEMINAR_SEMINAR1` (`SEMINAR_ID`),
  CONSTRAINT `fk_STAFF_SEMINAR_STAFF1` FOREIGN KEY (`STAFF_ID`) REFERENCES `staff` (`STAFF_ID`) ON UPDATE CASCADE,
  CONSTRAINT `fk_STAFF_SEMINAR_SEMINAR1` FOREIGN KEY (`SEMINAR_ID`) REFERENCES `seminar` (`SEMINAR_ID`) ON UPDATE CASCADE
) ENGINE=InnoDB DEFAULT CHARSET=latin1;
/*!40101 SET character_set_client = @saved_cs_client */;

--
-- Dumping data for table `staff_seminar`
--

LOCK TABLES `staff_seminar` WRITE;
/*!40000 ALTER TABLE `staff_seminar` DISABLE KEYS */;
/*!40000 ALTER TABLE `staff_seminar` ENABLE KEYS */;
UNLOCK TABLES;

--
-- Table structure for table `sport_sub`
--

DROP TABLE IF EXISTS `sport_sub`;
/*!40101 SET @saved_cs_client     = @@character_set_client */;
/*!40101 SET character_set_client = utf8 */;
CREATE TABLE `sport_sub` (
  `SPORT_SUB_ID` int(11) NOT NULL AUTO_INCREMENT,
  `DESCRIPTION` varchar(45) NOT NULL,
  `MODIFIED_TIME` timestamp NOT NULL DEFAULT CURRENT_TIMESTAMP ON UPDATE CURRENT_TIMESTAMP,
  PRIMARY KEY (`SPORT_SUB_ID`)
) ENGINE=InnoDB DEFAULT CHARSET=latin1;
/*!40101 SET character_set_client = @saved_cs_client */;

--
-- Dumping data for table `sport_sub`
--

LOCK TABLES `sport_sub` WRITE;
/*!40000 ALTER TABLE `sport_sub` DISABLE KEYS */;
/*!40000 ALTER TABLE `sport_sub` ENABLE KEYS */;
UNLOCK TABLES;

--
-- Table structure for table `country`
--

DROP TABLE IF EXISTS `country`;
/*!40101 SET @saved_cs_client     = @@character_set_client */;
/*!40101 SET character_set_client = utf8 */;
CREATE TABLE `country` (
  `COUNTRY_ID` int(11) NOT NULL AUTO_INCREMENT,
  `COUNTRY_NAME` varchar(45) NOT NULL,
  `MODIFIED_TIME` timestamp NOT NULL DEFAULT CURRENT_TIMESTAMP ON UPDATE CURRENT_TIMESTAMP,
  `COUNTRY_CODE` varchar(3) NOT NULL,
  PRIMARY KEY (`COUNTRY_ID`),
  UNIQUE KEY `COUNTRY_NAME_UNIQUE` (`COUNTRY_NAME`)
) ENGINE=InnoDB AUTO_INCREMENT=240 DEFAULT CHARSET=latin1;
/*!40101 SET character_set_client = @saved_cs_client */;

--
-- Dumping data for table `country`
--

LOCK TABLES `country` WRITE;
/*!40000 ALTER TABLE `country` DISABLE KEYS */;
INSERT INTO `country` VALUES (1,'UnitedStates','2013-05-08 16:50:08',''),(2,'Canada','2013-05-08 16:50:08',''),(3,'Mexico','2013-05-08 17:55:34','MX'),(4,'Afghanistan','2013-05-08 17:55:31','AF'),(5,'Albania','2013-05-08 16:50:08',''),(6,'Algeria','2013-05-08 17:55:31','DZ'),(7,'Andorra','2013-05-08 17:55:31','AD'),(8,'Angola','2013-05-08 17:55:31','AO'),(9,'Anguilla','2013-05-08 16:50:08',''),(10,'Antarctica','2013-05-08 16:50:08',''),(11,'AntiguaandBarbuda','2013-05-08 16:50:08',''),(12,'Argentina','2013-05-08 17:55:31','AR'),(13,'Armenia','2013-05-08 16:50:08',''),(14,'Aruba','2013-05-08 16:50:08',''),(15,'AscensionIsland','2013-05-08 16:50:08',''),(16,'Australia','2013-05-08 16:50:08',''),(17,'Austria','2013-05-08 17:55:31','AT'),(18,'Azerbaijan','2013-05-08 17:55:31','AZ'),(19,'Bahamas','2013-05-08 16:50:08',''),(20,'Bahrain','2013-05-08 17:55:31','BH'),(21,'Bangladesh','2013-05-08 17:55:31','BD'),(22,'Barbados','2013-05-08 16:50:08',''),(23,'Belarus','2013-05-08 17:55:31','BY'),(24,'Belgium','2013-05-08 17:55:31','BE'),(25,'Belize','2013-05-08 17:55:31','BZ'),(26,'Benin','2013-05-08 17:55:31','BJ'),(27,'Bermuda','2013-05-08 16:50:08',''),(28,'Bhutan','2013-05-08 17:55:31','BT'),(29,'Bolivia','2013-05-08 17:55:31','BO'),(30,'Bophuthatswana','2013-05-08 16:50:08',''),(31,'Bosnia-Herzegovina','2013-05-08 16:50:08',''),(32,'Botswana','2013-05-08 17:55:31','BW'),(33,'BouvetIsland','2013-05-08 16:50:08',''),(34,'Brazil','2013-05-08 17:55:31','BR'),(35,'BritishIndianOcean','2013-05-08 17:55:31','IO'),(36,'BritishVirginIslands','2013-05-08 16:50:08',''),(37,'BruneiDarussalam','2013-05-08 17:55:31','BN'),(38,'Bulgaria','2013-05-08 17:55:32','BG'),(39,'BurkinaFaso','2013-05-08 17:55:32','BF'),(40,'Burundi','2013-05-08 17:55:32','BI'),(41,'Cambodia','2013-05-08 17:55:32','KH'),(42,'Cameroon','2013-05-08 17:55:32','CM'),(43,'CapeVerdeIsland','2013-05-08 16:50:08',''),(44,'CaymanIslands','2013-05-08 16:50:08',''),(45,'CentralAfrica','2013-05-08 17:55:32','CF'),(46,'Chad','2013-05-08 17:55:32','TD'),(47,'ChannelIslands','2013-05-08 16:50:08',''),(48,'Chile','2013-05-08 17:55:32','CL'),(49,'China,PeoplesRepublic','2013-05-08 16:50:08',''),(50,'ChristmasIsland','2013-05-08 16:50:08',''),(51,'Cocos(Keeling)Islands','2013-05-08 16:50:08',''),(52,'Colombia','2013-05-08 17:55:32','CO'),(53,'ComorosIslands','2013-05-08 16:50:08',''),(54,'Congo','2013-05-08 17:55:32','CG'),(55,'CookIslands','2013-05-08 17:55:32','CK'),(56,'CostaRica','2013-05-08 17:55:32','CR'),(57,'Croatia','2013-05-08 17:55:32','HR'),(58,'Cuba','2013-05-08 17:55:32','CU'),(59,'Cyprus','2013-05-08 17:55:32','CY'),(60,'CzechRepublic','2013-05-08 17:55:32','CZ'),(61,'Denmark','2013-05-08 17:55:32','DK'),(62,'Djibouti','2013-05-08 17:55:32','DJ'),(63,'Dominica','2013-05-08 16:50:08',''),(64,'DominicanRepublic','2013-05-08 16:50:08',''),(65,'EasterIsland','2013-05-08 16:50:08',''),(66,'Ecuador','2013-05-08 17:55:32','EC'),(67,'Egypt','2013-05-08 17:55:32','EG'),(68,'ElSalvador','2013-05-08 16:50:08',''),(69,'England','2013-05-08 16:50:08',''),(70,'EquatorialGuinea','2013-05-08 17:55:32','GQ'),(71,'Estonia','2013-05-08 17:55:32','EE'),(72,'Ethiopia','2013-05-08 17:55:32','ET'),(73,'FalklandIslands','2013-05-08 17:55:32','FK'),(74,'FaeroeIslands','2013-05-08 16:50:08',''),(75,'Fiji','2013-05-08 17:55:32','FJ'),(76,'Finland','2013-05-08 17:55:32','FI'),(77,'France','2013-05-08 17:55:32','FR'),(78,'FrenchGuyana','2013-05-08 16:50:08',''),(79,'FrenchPolynesia','2013-05-08 17:55:33','PF'),(80,'Gabon','2013-05-08 17:55:33','GA'),(81,'Gambia','2013-05-08 17:55:33','GM'),(82,'GeorgiaRepublic','2013-05-08 16:50:08',''),(83,'Germany','2013-05-08 17:55:33','DE'),(84,'Gibraltar','2013-05-08 17:55:33','GI'),(85,'Greece','2013-05-08 17:55:33','GR'),(86,'Greenland','2013-05-08 17:55:33','GL'),(87,'Grenada','2013-05-08 16:50:08',''),(88,'Guadeloupe(French)','2013-05-08 16:50:08',''),(89,'Guatemala','2013-05-08 17:55:33','GT'),(90,'GuernseyIsland','2013-05-08 16:50:08',''),(91,'GuineaBissau','2013-05-08 17:55:33','GW'),(92,'Guinea','2013-05-08 17:55:33','GN'),(93,'Guyana','2013-05-08 17:55:33','GY'),(94,'Haiti','2013-05-08 17:55:33','HT'),(95,'HeardandMcDonaldIsls','2013-05-08 16:50:08',''),(96,'Honduras','2013-05-08 17:55:33','HN'),(97,'HongKong','2013-05-08 17:55:33','HK'),(98,'Hungary','2013-05-08 17:55:33','HU'),(99,'Iceland','2013-05-08 17:55:33','IS'),(100,'India','2013-05-08 17:55:33','IN'),(101,'Iran','2013-05-08 17:55:33','IR'),(102,'Iraq','2013-05-08 17:55:33','IQ'),(103,'Ireland','2013-05-08 17:55:33','IE'),(104,'IsleofMan','2013-05-08 16:50:08',''),(105,'Israel','2013-05-08 17:55:33','IL'),(106,'Italy','2013-05-08 17:55:33','IT'),(107,'IvoryCoast','2013-05-08 17:55:33','CI'),(108,'Jamaica','2013-05-08 16:50:08',''),(109,'Japan','2013-05-08 17:55:33','JP'),(110,'JerseyIsland','2013-05-08 16:50:08',''),(111,'Jordan','2013-05-08 17:55:33','JO'),(112,'Kazakhstan','2013-05-08 17:55:33','KZ'),(113,'Kenya','2013-05-08 17:55:33','KE'),(114,'Kiribati','2013-05-08 17:55:33','KI'),(115,'Kuwait','2013-05-08 17:55:33','KW'),(116,'Laos','2013-05-08 17:55:33','LA'),(117,'Latvia','2013-05-08 17:55:33','LV'),(118,'Lebanon','2013-05-08 17:55:34','LB'),(119,'Lesotho','2013-05-08 17:55:34','LS'),(120,'Liberia','2013-05-08 17:55:34','LR'),(121,'Libya','2013-05-08 17:55:34','LY'),(122,'Liechtenstein','2013-05-08 17:55:34','LI'),(123,'Lithuania','2013-05-08 17:55:34','LT'),(124,'Luxembourg','2013-05-08 17:55:34','LU'),(125,'Macao','2013-05-08 17:55:34','MO'),(126,'Macedonia','2013-05-08 17:55:34','MK'),(127,'Madagascar','2013-05-08 17:55:34','MG'),(128,'Malawi','2013-05-08 17:55:34','MW'),(129,'Malaysia','2013-05-08 17:55:34','MY'),(130,'Maldives','2013-05-08 17:55:34','MV'),(131,'Mali','2013-05-08 17:55:34','ML'),(132,'Malta','2013-05-08 17:55:34','MT'),(133,'Martinique(French)','2013-05-08 16:50:08',''),(134,'Mauritania','2013-05-08 17:55:34','MR'),(135,'Mauritius','2013-05-08 17:55:34','MU'),(136,'Mayotte','2013-05-08 17:55:34','YT'),(137,'Micronesia','2013-05-08 17:55:34','FM'),(138,'Moldavia','2013-05-08 16:50:08',''),(139,'Monaco','2013-05-08 17:55:34','MC'),(140,'Mongolia','2013-05-08 17:55:34','MN'),(141,'Montenegro','2013-05-08 16:50:08',''),(142,'Montserrat','2013-05-08 16:50:08',''),(143,'Morocco','2013-05-08 16:50:08',''),(144,'Mozambique','2013-05-08 17:55:34','MZ'),(145,'Myanmar','2013-05-08 17:55:34','MM'),(146,'Namibia','2013-05-08 17:55:34','NA'),(147,'Nauru','2013-05-08 17:55:34','NR'),(148,'Nepal','2013-05-08 17:55:34','NP'),(149,'NetherlandsAntilles','2013-05-08 16:50:08',''),(150,'Netherlands','2013-05-08 17:55:34','NL'),(151,'NewCaledonia(French)','2013-05-08 16:50:08',''),(152,'NewZealand','2013-05-08 17:55:35','NZ'),(153,'Nicaragua','2013-05-08 17:55:35','NI'),(154,'Niger','2013-05-08 17:55:35','NE'),(155,'Niue','2013-05-08 17:55:35','NU'),(156,'NorfolkIsland','2013-05-08 17:55:35','NF'),(157,'NorthKorea','2013-05-08 16:50:08',''),(158,'NorthernIreland','2013-05-08 16:50:08',''),(159,'Norway','2013-05-08 17:55:35','NO'),(160,'Oman','2013-05-08 17:55:35','OM'),(161,'Pakistan','2013-05-08 17:55:35','PK'),(162,'Panama','2013-05-08 17:55:35','PA'),(163,'PapuaNewGuinea','2013-05-08 17:55:35','PG'),(164,'Paraguay','2013-05-08 17:55:35','PY'),(165,'Peru','2013-05-08 17:55:35','PE'),(166,'Philippines','2013-05-08 17:55:35','PH'),(167,'PitcairnIsland','2013-05-08 16:50:08',''),(168,'Poland','2013-05-08 17:55:35','PL'),(169,'Polynesia(French)','2013-05-08 16:50:08',''),(170,'Portugal','2013-05-08 17:55:35','PT'),(171,'Qatar','2013-05-08 17:55:35','QA'),(172,'ReunionIsland','2013-05-08 16:50:08',''),(173,'Romania','2013-05-08 17:55:35','RO'),(174,'Russia','2013-05-08 16:50:08',''),(175,'Rwanda','2013-05-08 17:55:35','RW'),(176,'S.GeorgiaSandwichIsls','2013-05-08 16:50:08',''),(177,'SaoTome,Principe','2013-05-08 16:50:08',''),(178,'SanMarino','2013-05-08 16:50:08',''),(179,'SaudiArabia','2013-05-08 16:50:08',''),(180,'Scotland','2013-05-08 16:50:08',''),(181,'Senegal','2013-05-08 17:55:35','SN'),(182,'Serbia','2013-05-08 16:50:08',''),(183,'Seychelles','2013-05-08 17:55:35','SC'),(184,'Shetland','2013-05-08 16:50:08',''),(185,'SierraLeone','2013-05-08 17:55:35','SL'),(186,'Singapore','2013-05-08 17:55:35','SG'),(187,'SlovakRepublic','2013-05-08 16:50:08',''),(188,'Slovenia','2013-05-08 16:50:08',''),(189,'SolomonIslands','2013-05-08 17:55:35','SB'),(190,'Somalia','2013-05-08 17:55:35','SO'),(191,'SouthAfrica','2013-05-08 16:50:08',''),(192,'SouthKorea','2013-05-08 16:50:08',''),(193,'Spain','2013-05-08 17:55:35','ES'),(194,'SriLanka','2013-05-08 16:50:08',''),(195,'St.Helena','2013-05-08 16:50:08',''),(196,'St.Lucia','2013-05-08 16:50:08',''),(197,'St.PierreMiquelon','2013-05-08 16:50:08',''),(198,'St.Martins','2013-05-08 16:50:08',''),(199,'St.KittsNevisAnguilla','2013-05-08 16:50:08',''),(200,'St.VincentGrenadines','2013-05-08 16:50:08',''),(201,'Sudan','2013-05-08 17:55:35','SD'),(202,'Suriname','2013-05-08 17:55:36','SR'),(203,'SvalbardJanMayen','2013-05-08 16:50:08',''),(204,'Swaziland','2013-05-08 17:55:36','SZ'),(205,'Sweden','2013-05-08 17:55:36','SE'),(206,'Switzerland','2013-05-08 17:55:36','CH'),(207,'Syria','2013-05-08 17:55:36','SY'),(208,'Tajikistan','2013-05-08 17:55:36','TJ'),(209,'Taiwan','2013-05-08 17:55:36','TW'),(210,'Tahiti','2013-05-08 16:50:08',''),(211,'Tanzania','2013-05-08 17:55:36','TZ'),(212,'Thailand','2013-05-08 17:55:36','TH'),(213,'Togo','2013-05-08 17:55:36','TG'),(214,'Tokelau','2013-05-08 17:55:36','TK'),(215,'Tonga','2013-05-08 17:55:36','TO'),(216,'TrinidadandTobago','2013-05-08 16:50:08',''),(217,'Tunisia','2013-05-08 17:55:36','TN'),(218,'Turkmenistan','2013-05-08 17:55:36','TM'),(219,'TurksandCaicosIsls','2013-05-08 16:50:08',''),(220,'Tuvalu','2013-05-08 17:55:36','TV'),(221,'Uganda','2013-05-08 17:55:36','UG'),(222,'Ukraine','2013-05-08 17:55:36','UA'),(223,'UnitedArabEmirates','2013-05-08 16:50:08',''),(224,'Uruguay','2013-05-08 17:55:36','UY'),(225,'Uzbekistan','2013-05-08 17:55:36','UZ'),(226,'Vanuatu','2013-05-08 17:55:36','VU'),(227,'VaticanCityState','2013-05-08 17:55:37','VA'),(228,'Venezuela','2013-05-08 17:55:37','VE'),(229,'Vietnam','2013-05-08 16:50:08',''),(230,'VirginIslands(Brit)','2013-05-08 16:50:08',''),(231,'Wales','2013-05-08 16:50:08',''),(232,'WallisFutunaIslands','2013-05-08 16:50:08',''),(233,'WesternSahara','2013-05-08 17:55:34','EH'),(234,'WesternSamoa','2013-05-08 16:50:08',''),(235,'Yemen','2013-05-08 17:55:37','YE'),(236,'Yugoslavia','2013-05-08 16:50:08',''),(237,'Zaire','2013-05-08 17:55:31','ZR'),(238,'Zambia','2013-05-08 17:55:37','ZM'),(239,'Zimbabwe','2013-05-08 17:55:37','ZW');
/*!40000 ALTER TABLE `country` ENABLE KEYS */;
UNLOCK TABLES;

--
-- Table structure for table `table 158`
--

DROP TABLE IF EXISTS `table 158`;
/*!40101 SET @saved_cs_client     = @@character_set_client */;
/*!40101 SET character_set_client = utf8 */;
CREATE TABLE `table 158` (
  `ADMISSION_NO` bigint(11) DEFAULT NULL,
  `GENDER` varchar(1) DEFAULT NULL,
  `FULL_NAME` varchar(24) DEFAULT NULL
) ENGINE=InnoDB DEFAULT CHARSET=utf8;
/*!40101 SET character_set_client = @saved_cs_client */;

--
-- Dumping data for table `table 158`
--

LOCK TABLES `table 158` WRITE;
/*!40000 ALTER TABLE `table 158` DISABLE KEYS */;
INSERT INTO `table 158` VALUES (44708301068,'M','NYAMBARIA THOMAS'),(44708301001,'M','MWIKWABE DANIEL CHACHA'),(44708301064,'M','MAROA MWITA FESTUS'),(44708301002,'M','ROBI EDWIN'),(44708301066,'M','KIANGWE DAVID SINDA'),(44708301065,'M','MWITA RAPHAEL KERARABWI'),(44708301063,'M','BOKE ELIJAH MASIAGA'),(44708301067,'M','MURIMI CHARLES CHACHA'),(44708301009,'F','BOKE LILIAN BOKE'),(44708301012,'M','KENYATTA JOB'),(44708301022,'M','NSATO SABASTIAN NYANGI'),(44708301013,'F','MIGIGE V NYAMBURA'),(44708301060,'M','WANKURU GEORGE MWITA'),(44708301003,'M','MOKAMI PETER MAROA'),(44708301052,'M','NG\'ARASI NORMAN MOTATIRO'),(44708301004,'M','BLACKTONE CHAMA MARWA'),(44708301008,'M','SIMION CHACHA SAMWEL'),(44708301015,'M','KERARIO SAMSON NKININA'),(44708301016,'M','MWITA JOHNSON N'),(44708301027,'M','MAROA SAMSON JUMA'),(44708301053,'F','MOKAMI MARGARET M'),(44708301046,'F','BOKE SAMM CHRISTINE'),(44708301062,'M','MARIGI JOHN SAIYA'),(44708301023,'M','MASUBO JOHN GEMAINO'),(44708301043,'M','MWITA PAUL JOHNSTONE'),(44708301006,'M','WANKIO ERICK MACHUMBE'),(44708301007,'M','MWITA DALVIN JOHN'),(44708301011,'M','CHACHA CLEOPHAS CALEB'),(44708301042,'M','BOKE JUDITH SEGERE'),(44708301051,'F','MWIKWABE LUCY RIOBA'),(44708301069,'F','MATIKO CAROLINE CHACHA'),(44708301070,'M','CHACHA N THOMAS'),(44708301014,'M','MWITA OBADIAH GHATI'),(44708301019,'F','MARWA SARAH C'),(44708301026,'M','ORINA ONDARI CLEOPHAS'),(44708301032,'M','MANG\'ITI PAUL JOHN'),(44708301045,'F','ROBI JOSEPHINE GESAMBI'),(44708301021,'F','WEGESA SUSAN MWITA'),(44708301024,'M','OTIENO FELIX JUMA'),(44708301039,'F','MATINDE EVERLINE BOKEYE'),(44708301005,'M','MAROA SAMUEL CHACHA'),(44708301010,'M','KENYANSA WESLEY KWAMESA'),(44708301017,'M','NYAHIRI JOHNES RIOBA'),(44708301037,'F','ROBI VENIC JOHN'),(44708301048,'M','CHACHA SAMSON NYAMBOGAI'),(44708301059,'M','GATI DANIEL SAMSON'),(44708301020,'M','NYAMWITA JAMES MAROA'),(44708301054,'M','MATIKO PHILEMON GOSIANI'),(44708301035,'M','NYAMBURI JUSTUS MWITA'),(44708301047,'M','MATIKO ALEX M'),(44708301041,'F','NYAROGERO T BARITIRE'),(44708301018,'M','ONYANGO ROBERT ONGOJO'),(44708301034,'M','THOMAS GIBITERE JOHN'),(44708301038,'M','CHACHA PATRICE MAROA'),(44708301030,'F','ROBI LUCY CHACHA'),(44708301033,'M','MATIKO SHADRACK CHACHA'),(44708301040,'M','NYANGI PHILIP MOHONO'),(44708301055,'F','BHOKE REBECCA MWITA'),(44708301025,'F','ESPINE JOHNSON HABINI'),(44708301050,'F',' MOKAMI ESTHER WANKURU'),(44708301036,'M','MACHUGU EVANS WANKURU'),(44708301029,'M','MWITA MWIKWABE THOMAS'),(44708301056,'F','MARWA CAROLINE'),(44708301057,'F','BOKE SARAH JOHN'),(44708301028,'M','MUTURI DAVID MWITA'),(44708301031,'M','CHACHA ISAAC MURUGA'),(44708301058,'F','OJALLA JOYCE AKOTH'),(44708301044,'M','WEREMA MWITA BENSON'),(44708301049,'M','NYAMOHANGA PETER MASAKWI'),(44708301061,'M','MOSAMA AMOS MENG\'ANYI'),(44708301071,'M','NKONYA JOHANNES JOSEPH');
/*!40000 ALTER TABLE `table 158` ENABLE KEYS */;
UNLOCK TABLES;

--
-- Table structure for table `donation`
--

DROP TABLE IF EXISTS `donation`;
/*!40101 SET @saved_cs_client     = @@character_set_client */;
/*!40101 SET character_set_client = utf8 */;
CREATE TABLE `donation` (
  `DONATION_ID` int(11) NOT NULL AUTO_INCREMENT,
  `PURPOSE` varchar(45) NOT NULL,
  `AMOUNT` varchar(45) DEFAULT NULL,
  `DATE` date DEFAULT NULL,
  `DONATION_TYPE_ID` int(11) NOT NULL,
  `MODIFIED_TIME` timestamp NOT NULL DEFAULT CURRENT_TIMESTAMP ON UPDATE CURRENT_TIMESTAMP,
  PRIMARY KEY (`DONATION_ID`),
  KEY `fk_DONATION_DONATION_TYPE1` (`DONATION_TYPE_ID`),
  CONSTRAINT `fk_DONATION_DONATION_TYPE1` FOREIGN KEY (`DONATION_TYPE_ID`) REFERENCES `donation_type` (`DONATION_TYPE_ID`) ON UPDATE CASCADE
) ENGINE=InnoDB AUTO_INCREMENT=2 DEFAULT CHARSET=latin1;
/*!40101 SET character_set_client = @saved_cs_client */;

--
-- Dumping data for table `donation`
--

LOCK TABLES `donation` WRITE;
/*!40000 ALTER TABLE `donation` DISABLE KEYS */;
/*!40000 ALTER TABLE `donation` ENABLE KEYS */;
UNLOCK TABLES;

--
-- Table structure for table `audit_event_type`
--

DROP TABLE IF EXISTS `audit_event_type`;
/*!40101 SET @saved_cs_client     = @@character_set_client */;
/*!40101 SET character_set_client = utf8 */;
CREATE TABLE `audit_event_type` (
  `AUDIT_EVENT_TYPE_ID` int(11) NOT NULL AUTO_INCREMENT,
  `DESCRIPTION` varchar(45) NOT NULL,
  `MODIFIED_TIME` timestamp NOT NULL DEFAULT CURRENT_TIMESTAMP ON UPDATE CURRENT_TIMESTAMP,
  PRIMARY KEY (`AUDIT_EVENT_TYPE_ID`)
) ENGINE=InnoDB AUTO_INCREMENT=4 DEFAULT CHARSET=latin1;
/*!40101 SET character_set_client = @saved_cs_client */;

--
-- Dumping data for table `audit_event_type`
--

LOCK TABLES `audit_event_type` WRITE;
/*!40000 ALTER TABLE `audit_event_type` DISABLE KEYS */;
INSERT INTO `audit_event_type` VALUES (1,'SaveOrUpdate','2013-05-08 16:57:19'),(2,'Update','2013-05-08 16:57:19'),(3,'Save','2013-05-08 16:57:19');
/*!40000 ALTER TABLE `audit_event_type` ENABLE KEYS */;
UNLOCK TABLES;

--
-- Table structure for table `staff_past_service`
--

DROP TABLE IF EXISTS `staff_past_service`;
/*!40101 SET @saved_cs_client     = @@character_set_client */;
/*!40101 SET character_set_client = utf8 */;
CREATE TABLE `staff_past_service` (
  `PAST_SERVICE_ID` int(11) NOT NULL AUTO_INCREMENT,
  `STAFF_ID` int(11) NOT NULL,
  `JOINED_DATE` date NOT NULL,
  `DEPATURE_DATE` date NOT NULL,
  `REASON` varchar(250) DEFAULT NULL,
  `COMPLETE_CLEARANCE` tinyint(4) NOT NULL,
  `MODIFIED_TIME` timestamp NOT NULL DEFAULT CURRENT_TIMESTAMP ON UPDATE CURRENT_TIMESTAMP,
  `REGISTRATION_NO` varchar(45) DEFAULT NULL,
  PRIMARY KEY (`PAST_SERVICE_ID`),
  KEY `fk_STAFF_PAST_SERVICE_STAFF1` (`STAFF_ID`),
  CONSTRAINT `fk_STAFF_PAST_SERVICE_STAFF1` FOREIGN KEY (`STAFF_ID`) REFERENCES `staff` (`STAFF_ID`) ON UPDATE CASCADE
) ENGINE=InnoDB DEFAULT CHARSET=latin1;
/*!40101 SET character_set_client = @saved_cs_client */;

--
-- Dumping data for table `staff_past_service`
--

LOCK TABLES `staff_past_service` WRITE;
/*!40000 ALTER TABLE `staff_past_service` DISABLE KEYS */;
/*!40000 ALTER TABLE `staff_past_service` ENABLE KEYS */;
UNLOCK TABLES;

--
-- Table structure for table `exam_marks`
--

DROP TABLE IF EXISTS `exam_marks`;
/*!40101 SET @saved_cs_client     = @@character_set_client */;
/*!40101 SET character_set_client = utf8 */;
CREATE TABLE `exam_marks` (
  `EXAM_MARKS_ID` int(11) NOT NULL AUTO_INCREMENT,
  `EXAM_SUBJECT_ID` int(11) NOT NULL,
  `YEAR` date NOT NULL,
  `STUDENT_ID` int(11) NOT NULL,
  `MARKS` float DEFAULT NULL,
  `GRADING_ID` int(11) DEFAULT NULL,
  `STATUS` int(11) NOT NULL,
  `IS_OPTIONAL` tinyint(4) NOT NULL,
  `IS_ABSENT` tinyint(4) NOT NULL,
  `MODIFIED_TIME` timestamp NOT NULL DEFAULT CURRENT_TIMESTAMP ON UPDATE CURRENT_TIMESTAMP,
  `EXAM_ADMISSION_ID` int(11) DEFAULT NULL,
  PRIMARY KEY (`EXAM_MARKS_ID`),
  KEY `fk_EXAM_MARKS_STUDENT1` (`STUDENT_ID`),
  KEY `fk_EXAM_MARKS_GRADING1` (`GRADING_ID`),
  KEY `fk_EXAM_MARKS_EXAM_ADMISSION1` (`EXAM_ADMISSION_ID`),
  KEY `fk_EXAM_MARKS_EXAM_SUBJECT1` (`EXAM_SUBJECT_ID`),
  CONSTRAINT `fk_EXAM_MARKS_STUDENT1` FOREIGN KEY (`STUDENT_ID`) REFERENCES `student` (`STUDENT_ID`) ON UPDATE CASCADE,
  CONSTRAINT `fk_EXAM_MARKS_GRADING1` FOREIGN KEY (`GRADING_ID`) REFERENCES `grading` (`GRADING_ID`) ON UPDATE CASCADE,
  CONSTRAINT `fk_EXAM_MARKS_EXAM_ADMISSION1` FOREIGN KEY (`EXAM_ADMISSION_ID`) REFERENCES `exam_admissions` (`EXAM_ADMISSION_ID`) ON DELETE CASCADE ON UPDATE CASCADE,
  CONSTRAINT `fk_EXAM_MARKS_EXAM_SUBJECT1` FOREIGN KEY (`EXAM_SUBJECT_ID`) REFERENCES `exam_subject` (`EXAM_SUBJECT_ID`)
) ENGINE=InnoDB DEFAULT CHARSET=latin1;
/*!40101 SET character_set_client = @saved_cs_client */;

--
-- Dumping data for table `exam_marks`
--

LOCK TABLES `exam_marks` WRITE;
/*!40000 ALTER TABLE `exam_marks` DISABLE KEYS */;
/*!40000 ALTER TABLE `exam_marks` ENABLE KEYS */;
UNLOCK TABLES;

--
-- Table structure for table `staff_professional`
--

DROP TABLE IF EXISTS `staff_professional`;
/*!40101 SET @saved_cs_client     = @@character_set_client */;
/*!40101 SET character_set_client = utf8 */;
CREATE TABLE `staff_professional` (
  `STAFF_PROFESSIONAL_ID` int(11) NOT NULL AUTO_INCREMENT,
  `STAFF_ID` int(11) NOT NULL,
  `PROFESSIONAL_QUAL_ID` int(11) NOT NULL,
  `DESCRIPTION` varchar(250) DEFAULT NULL,
  `FROM_YEAR` date DEFAULT NULL,
  `TO_YEAR` date DEFAULT NULL,
  `EXPERIENCE` varchar(45) DEFAULT NULL,
  `RESPONSIBILITIES` varchar(45) DEFAULT NULL,
  `MODIFIED_TIME` timestamp NOT NULL DEFAULT CURRENT_TIMESTAMP ON UPDATE CURRENT_TIMESTAMP,
  PRIMARY KEY (`STAFF_PROFESSIONAL_ID`),
  UNIQUE KEY `UC_STAFF_PROFESSIONAL` (`STAFF_ID`,`PROFESSIONAL_QUAL_ID`),
  KEY `fk_STAFF_PROFESSIONAL_QUALIFICATION_PROFESSIONAL_QUALIFICATION1` (`PROFESSIONAL_QUAL_ID`),
  KEY `fk_STAFF_PROFESSIONAL_QUALIFICATION_STAFF1` (`STAFF_ID`),
  CONSTRAINT `fk_STAFF_PROFESSIONAL_QUALIFICATION_PROFESSIONAL_QUALIFICATION1` FOREIGN KEY (`PROFESSIONAL_QUAL_ID`) REFERENCES `professional_qualification` (`PROFESSIONAL_QUAL_ID`) ON UPDATE CASCADE,
  CONSTRAINT `fk_STAFF_PROFESSIONAL_QUALIFICATION_STAFF1` FOREIGN KEY (`STAFF_ID`) REFERENCES `staff` (`STAFF_ID`) ON DELETE CASCADE ON UPDATE CASCADE
) ENGINE=InnoDB DEFAULT CHARSET=latin1;
/*!40101 SET character_set_client = @saved_cs_client */;

--
-- Dumping data for table `staff_professional`
--

LOCK TABLES `staff_professional` WRITE;
/*!40000 ALTER TABLE `staff_professional` DISABLE KEYS */;
/*!40000 ALTER TABLE `staff_professional` ENABLE KEYS */;
UNLOCK TABLES;

--
-- Table structure for table `student_class_info`
--

DROP TABLE IF EXISTS `student_class_info`;
/*!40101 SET @saved_cs_client     = @@character_set_client */;
/*!40101 SET character_set_client = utf8 */;
CREATE TABLE `student_class_info` (
  `STUDENT_CLASS_INFO_ID` int(11) NOT NULL AUTO_INCREMENT,
  `STUDENT_ID` int(11) NOT NULL,
  `CLASS_GRADE_ID` int(11) NOT NULL,
  `YEAR` date NOT NULL,
  `IS_MONITOR` tinyint(1) NOT NULL DEFAULT '0',
  `MODIFIED_TIME` timestamp NOT NULL DEFAULT CURRENT_TIMESTAMP ON UPDATE CURRENT_TIMESTAMP,
  PRIMARY KEY (`STUDENT_CLASS_INFO_ID`),
  UNIQUE KEY `STUDENT_CLASS_INFO_ID_UNIQUE` (`STUDENT_CLASS_INFO_ID`),
  UNIQUE KEY `UC_STUDENT_CLSGRD_YEAR` (`STUDENT_ID`,`CLASS_GRADE_ID`,`YEAR`),
  KEY `fk_STUDENT_CLASS_GRADE_CLASS_GRADE1` (`CLASS_GRADE_ID`),
  KEY `fk_STUDENT_CLASS_GRADE_STUDENT1` (`STUDENT_ID`),
  CONSTRAINT `fk_STUDENT_CLASS_GRADE_STUDENT1` FOREIGN KEY (`STUDENT_ID`) REFERENCES `student` (`STUDENT_ID`) ON UPDATE CASCADE,
  CONSTRAINT `fk_STUDENT_CLASS_GRADE_CLASS_GRADE1` FOREIGN KEY (`CLASS_GRADE_ID`) REFERENCES `class_grade` (`CLASS_GRADE_ID`)
) ENGINE=InnoDB AUTO_INCREMENT=128 DEFAULT CHARSET=latin1;
/*!40101 SET character_set_client = @saved_cs_client */;

--
-- Dumping data for table `student_class_info`
--

LOCK TABLES `student_class_info` WRITE;
/*!40000 ALTER TABLE `student_class_info` DISABLE KEYS */;
INSERT INTO `student_class_info` VALUES (1,1,1,'2013-05-10',0,'2013-05-10 18:45:16'),(2,145,1,'2013-05-10',0,'2013-05-10 18:45:16'),(3,146,1,'2013-05-10',0,'2013-05-10 18:45:16'),(4,147,1,'2013-05-10',0,'2013-05-10 18:45:16'),(5,148,1,'2013-05-10',0,'2013-05-10 18:45:16'),(6,149,1,'2013-05-10',0,'2013-05-10 18:45:16'),(7,150,1,'2013-05-10',0,'2013-05-10 18:45:16'),(8,151,1,'2013-05-10',0,'2013-05-10 18:45:16'),(9,152,1,'2013-05-10',0,'2013-05-10 18:45:16'),(10,153,1,'2013-05-10',0,'2013-05-10 18:45:16'),(11,154,1,'2013-05-10',0,'2013-05-10 18:45:16'),(12,155,1,'2013-05-10',0,'2013-05-10 18:45:16'),(13,156,1,'2013-05-10',0,'2013-05-10 18:45:16'),(14,157,1,'2013-05-10',0,'2013-05-10 18:45:16'),(15,158,1,'2013-05-10',0,'2013-05-10 18:45:16'),(16,159,1,'2013-05-10',0,'2013-05-10 18:45:16'),(17,160,1,'2013-05-10',0,'2013-05-10 18:45:16'),(18,161,1,'2013-05-10',0,'2013-05-10 18:45:16'),(19,162,1,'2013-05-10',0,'2013-05-10 18:45:16'),(20,163,1,'2013-05-10',0,'2013-05-10 18:45:16'),(21,164,1,'2013-05-10',0,'2013-05-10 18:45:16'),(22,165,1,'2013-05-10',0,'2013-05-10 18:45:16'),(23,166,1,'2013-05-10',0,'2013-05-10 18:45:16'),(24,167,1,'2013-05-10',0,'2013-05-10 18:45:16'),(25,168,1,'2013-05-10',0,'2013-05-10 18:45:16'),(26,169,1,'2013-05-10',0,'2013-05-10 18:45:16'),(27,170,1,'2013-05-10',0,'2013-05-10 18:45:16'),(28,171,1,'2013-05-10',0,'2013-05-10 18:45:16'),(29,172,1,'2013-05-10',0,'2013-05-10 18:45:16'),(30,173,1,'2013-05-10',0,'2013-05-10 18:45:16'),(31,174,1,'2013-05-10',0,'2013-05-10 18:45:16'),(32,175,1,'2013-05-10',0,'2013-05-10 18:45:16'),(33,176,1,'2013-05-10',0,'2013-05-10 18:45:16'),(34,177,1,'2013-05-10',0,'2013-05-10 18:45:16'),(35,178,1,'2013-05-10',0,'2013-05-10 18:45:16'),(36,179,1,'2013-05-10',0,'2013-05-10 18:45:16'),(37,180,1,'2013-05-10',0,'2013-05-10 18:45:16'),(38,181,1,'2013-05-10',0,'2013-05-10 18:45:16'),(39,182,1,'2013-05-10',0,'2013-05-10 18:45:16'),(40,183,1,'2013-05-10',0,'2013-05-10 18:45:16'),(41,184,1,'2013-05-10',0,'2013-05-10 18:45:16'),(42,185,1,'2013-05-10',0,'2013-05-10 18:45:16'),(43,186,1,'2013-05-10',0,'2013-05-10 18:45:16'),(44,187,1,'2013-05-10',0,'2013-05-10 18:45:16'),(45,188,1,'2013-05-10',0,'2013-05-10 18:45:16'),(46,189,1,'2013-05-10',0,'2013-05-10 18:45:16'),(47,190,1,'2013-05-10',0,'2013-05-10 18:45:16'),(48,191,1,'2013-05-10',0,'2013-05-10 18:45:16'),(49,192,1,'2013-05-10',0,'2013-05-10 18:45:16'),(50,193,1,'2013-05-10',0,'2013-05-10 18:45:16'),(51,194,1,'2013-05-10',0,'2013-05-10 18:45:16'),(52,195,1,'2013-05-10',0,'2013-05-10 18:45:16'),(53,196,1,'2013-05-10',0,'2013-05-10 18:45:16'),(54,197,1,'2013-05-10',0,'2013-05-10 18:45:16'),(55,198,1,'2013-05-10',0,'2013-05-10 18:45:16'),(56,199,1,'2013-05-10',0,'2013-05-10 18:45:16'),(57,200,1,'2013-05-10',0,'2013-05-10 18:45:16'),(58,201,1,'2013-05-10',0,'2013-05-10 18:45:16'),(59,202,1,'2013-05-10',0,'2013-05-10 18:45:16'),(60,203,1,'2013-05-10',0,'2013-05-10 18:45:16'),(61,204,1,'2013-05-10',0,'2013-05-10 18:45:16'),(62,205,1,'2013-05-10',0,'2013-05-10 18:45:16'),(63,206,1,'2013-05-10',0,'2013-05-10 18:45:16'),(64,207,1,'2013-05-10',0,'2013-05-10 18:45:16'),(65,208,1,'2013-05-10',0,'2013-05-10 18:45:16'),(66,209,1,'2013-05-10',0,'2013-05-10 18:45:16'),(67,210,1,'2013-05-10',0,'2013-05-10 18:45:16'),(68,211,1,'2013-05-10',0,'2013-05-10 18:45:16'),(69,212,1,'2013-05-10',0,'2013-05-10 18:45:16'),(70,213,1,'2013-05-10',0,'2013-05-10 18:45:16'),(71,214,1,'2013-05-10',0,'2013-05-10 18:45:16'),(72,215,1,'2013-05-10',0,'2013-05-10 18:45:16');
/*!40000 ALTER TABLE `student_class_info` ENABLE KEYS */;
UNLOCK TABLES;

--
-- Table structure for table `special_event_attendance`
--

DROP TABLE IF EXISTS `special_event_attendance`;
/*!40101 SET @saved_cs_client     = @@character_set_client */;
/*!40101 SET character_set_client = utf8 */;
CREATE TABLE `special_event_attendance` (
  `SPECIAL_EVENT_ATTENDANCE_ID` int(11) NOT NULL,
  `SPECIAL_EVENT_PARTICIPATION_ID` int(11) NOT NULL,
  `STUDENT_ID` int(11) NOT NULL,
  `MODIFIED_TIME` timestamp NOT NULL DEFAULT CURRENT_TIMESTAMP ON UPDATE CURRENT_TIMESTAMP,
  PRIMARY KEY (`SPECIAL_EVENT_ATTENDANCE_ID`),
  KEY `fk_SPECIALEVENT_PARTICIPATION1` (`SPECIAL_EVENT_PARTICIPATION_ID`),
  KEY `fk_SPECIALEVENT_STUDENT1` (`STUDENT_ID`),
  CONSTRAINT `fk_SPECIALEVENT_PARTICIPATION1` FOREIGN KEY (`SPECIAL_EVENT_PARTICIPATION_ID`) REFERENCES `special_event_participation` (`SPECIAL_EVENT_PARTICIPATION_ID`) ON UPDATE CASCADE,
  CONSTRAINT `fk_SPECIALEVENT_STUDENT1` FOREIGN KEY (`STUDENT_ID`) REFERENCES `student` (`STUDENT_ID`) ON UPDATE CASCADE
) ENGINE=InnoDB DEFAULT CHARSET=latin1;
/*!40101 SET character_set_client = @saved_cs_client */;

--
-- Dumping data for table `special_event_attendance`
--

LOCK TABLES `special_event_attendance` WRITE;
/*!40000 ALTER TABLE `special_event_attendance` DISABLE KEYS */;
/*!40000 ALTER TABLE `special_event_attendance` ENABLE KEYS */;
UNLOCK TABLES;

--
-- Table structure for table `scholarship`
--

DROP TABLE IF EXISTS `scholarship`;
/*!40101 SET @saved_cs_client     = @@character_set_client */;
/*!40101 SET character_set_client = utf8 */;
CREATE TABLE `scholarship` (
  `SCHOLARSHIP_ID` int(11) NOT NULL AUTO_INCREMENT,
  `NAME` varchar(45) NOT NULL,
  `CONDITIONS` varchar(250) DEFAULT NULL,
  `NO_OF_STUDENTS` int(11) DEFAULT NULL,
  `SPONSORSHIP` varchar(45) DEFAULT NULL,
  `MODIFIED_TIME` timestamp NOT NULL DEFAULT CURRENT_TIMESTAMP ON UPDATE CURRENT_TIMESTAMP,
  PRIMARY KEY (`SCHOLARSHIP_ID`),
  UNIQUE KEY `NAME_UNIQUE` (`NAME`)
) ENGINE=InnoDB AUTO_INCREMENT=2 DEFAULT CHARSET=latin1;
/*!40101 SET character_set_client = @saved_cs_client */;

--
-- Dumping data for table `scholarship`
--

LOCK TABLES `scholarship` WRITE;
/*!40000 ALTER TABLE `scholarship` DISABLE KEYS */;
/*!40000 ALTER TABLE `scholarship` ENABLE KEYS */;
UNLOCK TABLES;
/*!40103 SET TIME_ZONE=@OLD_TIME_ZONE */;

/*!40101 SET SQL_MODE=@OLD_SQL_MODE */;
/*!40014 SET FOREIGN_KEY_CHECKS=@OLD_FOREIGN_KEY_CHECKS */;
/*!40014 SET UNIQUE_CHECKS=@OLD_UNIQUE_CHECKS */;
/*!40101 SET CHARACTER_SET_CLIENT=@OLD_CHARACTER_SET_CLIENT */;
/*!40101 SET CHARACTER_SET_RESULTS=@OLD_CHARACTER_SET_RESULTS */;
/*!40101 SET COLLATION_CONNECTION=@OLD_COLLATION_CONNECTION */;
/*!40111 SET SQL_NOTES=@OLD_SQL_NOTES */;

-- Dump completed on 2013-05-11  7:15:54
